lemma,pos,popularity_count,rank,source_pos,caps_ratio
be,VERB,32394756,2,v,0.030000
have,VERB,10514314,11,v,0.020000
do,VERB,8186412,15,v,0.100000
say,VERB,4096416,26,v,0.010000
go,VERB,3546732,31,v,0.050000
get,VERB,3347615,34,v,0.070000
can,VERB,3091046,37,v,0.060000
know,VERB,2761628,39,v,0.020000
will,VERB,2372215,47,v,0.030000
so,ADV,2369749,48,r,0.360000
would,VERB,2349400,49,v,0.030000
make,VERB,2290830,50,v,0.040000
just,ADV,2270900,51,r,0.120000
up,ADV,2108756,52,r,0.020000
think,VERB,2077762,53,v,0.030000
time,NOUN,2018725,54,n,0.070000
see,VERB,1958700,56,v,0.070000
out,ADV,1828593,59,r,0.020000
come,VERB,1802158,61,v,0.140000
people,NOUN,1800205,62,n,0.080000
take,VERB,1768822,63,v,0.060000
year,NOUN,1729962,64,n,0.030000
want,VERB,1671524,68,v,0.030000
how,ADV,1666469,69,r,0.290000
now,ADV,1601991,72,r,0.250000
other,ADJ,1539952,74,j,0.040000
could,VERB,1529795,75,v,0.030000
here,ADV,1413594,78,r,0.150000
then,ADV,1344434,79,r,0.210000
look,VERB,1338475,81,v,0.160000
way,NOUN,1260011,82,n,0.030000
more,ADV,1248955,83,r,0.040000
thing,NOUN,1202004,86,n,0.030000
well,ADV,1189096,87,r,0.560000
also,ADV,1142799,89,r,0.070000
use,VERB,1126042,91,v,0.050000
tell,VERB,1119692,92,v,0.070000
good,ADJ,1111721,93,j,0.170000
man,NOUN,1091176,95,n,0.120000
day,NOUN,1068902,96,n,0.070000
find,VERB,1051936,97,v,0.030000
give,VERB,1048189,98,v,0.080000
new,ADJ,1017175,100,j,0.120000
very,ADV,963552,105,r,0.060000
need,VERB,945498,107,v,0.020000
back,ADV,938649,108,r,0.020000
there,ADV,932354,109,r,0.080000
should,VERB,920908,110,v,0.050000
even,ADV,920346,111,r,0.130000
only,ADV,905093,112,r,0.070000
really,ADV,895900,114,r,0.080000
work,VERB,854095,115,v,0.030000
life,NOUN,852257,116,n,0.070000
why,ADV,832911,117,r,0.420000
right,ADV,830729,118,r,0.170000
down,ADV,820294,119,r,0.020000
on,ADV,818739,120,r,0.020000
try,VERB,795248,121,v,0.050000
let,VERB,780929,122,v,0.390000
too,ADV,771375,124,r,0.050000
call,VERB,768117,125,v,0.050000
woman,NOUN,759817,126,n,0.120000
may,VERB,757742,127,v,0.030000
still,ADV,757548,128,r,0.100000
mean,VERB,748840,130,v,0.020000
never,ADV,744608,132,r,0.070000
world,NOUN,732511,134,n,0.180000
in,ADV,726590,135,r,0.100000
feel,VERB,722826,136,v,0.020000
great,ADJ,696589,138,j,0.130000
child,NOUN,685426,140,n,0.080000
ask,VERB,676596,143,v,0.040000
when,ADV,669530,144,r,0.170000
as,ADV,662376,145,r,0.040000
school,NOUN,660191,146,n,0.150000
state,NOUN,638012,147,n,0.250000
talk,VERB,635614,149,v,0.040000
keep,VERB,626487,151,v,0.090000
leave,VERB,622651,152,v,0.050000
put,VERB,616952,153,v,0.070000
like,VERB,614691,154,v,0.070000
help,VERB,606887,155,v,0.050000
big,ADJ,600364,156,j,0.130000
where,ADV,597351,157,r,0.260000
all,ADV,591610,159,r,0.340000
start,VERB,578246,162,v,0.040000
high,ADJ,567720,164,j,0.110000
become,VERB,561963,167,v,0.010000
most,ADV,561354,168,r,0.030000
happen,VERB,552797,170,v,0.010000
family,NOUN,544520,171,n,0.060000
over,ADV,538724,172,r,0.040000
president,NOUN,538319,173,n,0.480000
old,ADJ,537424,174,j,0.080000
house,NOUN,537037,176,n,0.380000
show,VERB,536889,177,v,0.040000
again,ADV,530706,178,r,0.070000
student,NOUN,530196,179,n,0.070000
seem,VERB,522940,181,v,0.020000
might,VERB,521992,182,v,0.020000
part,NOUN,517693,183,n,0.060000
hear,VERB,516483,184,v,0.030000
place,NOUN,508803,186,n,0.030000
problem,NOUN,504175,187,n,0.030000
believe,VERB,500511,189,v,0.030000
country,NOUN,499369,190,n,0.040000
always,ADV,492943,191,r,0.040000
week,NOUN,484834,192,n,0.040000
point,NOUN,484094,193,n,0.040000
hand,NOUN,481332,194,n,0.030000
off,ADV,479459,195,r,0.020000
play,VERB,478740,196,v,0.030000
turn,VERB,477668,197,v,0.060000
group,NOUN,470971,199,n,0.080000
run,VERB,465066,202,v,0.040000
guy,NOUN,464082,203,n,0.020000
about,ADV,462995,204,r,0.060000
case,NOUN,458383,205,n,0.030000
question,NOUN,457301,206,n,0.040000
work,NOUN,456169,207,n,0.030000
night,NOUN,452094,208,n,0.100000
live,VERB,450380,209,v,0.050000
game,NOUN,445149,210,n,0.100000
number,NOUN,444412,211,n,0.050000
write,VERB,439865,212,v,0.040000
bring,VERB,439445,213,v,0.050000
money,NOUN,437583,215,n,0.040000
lot,NOUN,437545,216,n,0.020000
book,NOUN,435387,218,n,0.090000
system,NOUN,435303,219,n,0.060000
government,NOUN,434971,220,n,0.080000
city,NOUN,433843,222,n,0.340000
company,NOUN,432469,223,n,0.080000
story,NOUN,432184,224,n,0.060000
today,ADV,431562,225,r,0.210000
job,NOUN,430995,226,n,0.040000
move,VERB,430324,227,v,0.060000
must,VERB,427796,228,v,0.030000
bad,ADJ,426558,229,j,0.060000
friend,NOUN,423755,230,n,0.050000
begin,VERB,421878,232,v,0.050000
love,VERB,417532,233,v,0.080000
hold,VERB,413837,235,v,0.090000
different,ADJ,413578,236,j,0.020000
american,ADJ,410698,237,j,1.000000
little,ADJ,404660,238,j,0.060000
ever,ADV,402590,240,r,0.050000
word,NOUN,402216,241,n,0.060000
fact,NOUN,399574,242,n,0.020000
right,NOUN,389906,243,n,0.110000
read,VERB,386137,244,v,0.070000
sure,ADJ,383701,247,j,0.100000
small,ADJ,382563,248,j,0.030000
month,NOUN,381833,249,n,0.020000
program,NOUN,375708,250,n,0.070000
maybe,ADV,374325,251,r,0.450000
right,ADJ,373934,252,j,0.020000
business,NOUN,373744,254,n,0.080000
home,NOUN,370758,255,n,0.070000
kind,NOUN,367584,256,n,0.020000
stop,VERB,366567,257,v,0.140000
pay,VERB,365255,258,v,0.030000
study,NOUN,364915,259,n,0.110000
issue,NOUN,362137,261,n,0.020000
name,NOUN,361916,262,n,0.040000
idea,NOUN,358006,263,n,0.020000
room,NOUN,357682,264,n,0.070000
percent,NOUN,357515,265,n,0.010000
far,ADV,357192,266,r,0.060000
away,ADV,355515,267,r,0.020000
law,NOUN,354958,268,n,0.120000
actually,ADV,353857,269,r,0.110000
large,ADJ,353703,270,j,0.030000
provide,VERB,351941,272,v,0.010000
lose,VERB,351650,273,v,0.040000
power,NOUN,351483,274,n,0.090000
kid,NOUN,351451,275,n,0.070000
war,NOUN,350575,276,n,0.320000
understand,VERB,349141,277,v,0.030000
head,NOUN,348664,278,n,0.050000
mother,NOUN,348470,279,n,0.120000
real,ADJ,348239,280,j,0.070000
best,ADJ,348202,281,j,0.080000
team,NOUN,348063,282,n,0.060000
eye,NOUN,347153,283,n,0.040000
long,ADV,345462,284,r,0.050000
long,ADJ,345005,285,j,0.070000
side,NOUN,342841,286,n,0.050000
water,NOUN,342574,287,n,0.070000
young,ADJ,341002,288,j,0.050000
wait,VERB,339926,289,v,0.220000
okay,ADV,339699,290,r,0.740000
yet,ADV,338408,292,r,0.220000
meet,VERB,333954,294,v,0.050000
service,NOUN,332313,295,n,0.210000
area,NOUN,331866,296,n,0.060000
important,ADJ,331646,297,j,0.010000
person,NOUN,330987,298,n,0.020000
thank,VERB,330129,300,v,0.650000
much,ADV,329230,301,r,0.030000
end,NOUN,328699,303,n,0.040000
change,VERB,327637,304,v,0.030000
however,ADV,326015,305,r,0.470000
only,ADJ,325917,306,j,0.040000
around,ADV,324064,307,r,0.020000
hour,NOUN,323999,308,n,0.030000
national,ADJ,321960,310,j,0.490000
line,NOUN,319492,312,n,0.050000
girl,NOUN,319120,313,n,0.110000
watch,VERB,318772,315,v,0.100000
father,NOUN,318173,317,n,0.150000
sit,VERB,315022,318,v,0.080000
create,VERB,314631,319,v,0.030000
information,NOUN,314341,320,n,0.080000
car,NOUN,313437,321,n,0.050000
learn,VERB,312649,322,v,0.050000
least,ADV,311569,323,r,0.010000
already,ADV,311502,324,r,0.030000
kill,VERB,307305,325,v,0.050000
minute,NOUN,306541,326,n,0.030000
party,NOUN,304325,327,n,0.220000
include,VERB,304197,328,v,0.020000
stand,VERB,303462,329,v,0.050000
together,ADV,302942,330,r,0.040000
back,NOUN,302390,331,n,0.110000
follow,VERB,300266,332,v,0.090000
health,NOUN,300262,333,n,0.210000
remember,VERB,298221,334,v,0.150000
often,ADV,295709,335,r,0.040000
reason,NOUN,295577,336,n,0.020000
speak,VERB,295523,337,v,0.050000
ago,ADV,294921,338,r,0.010000
set,VERB,293144,339,v,0.050000
black,ADJ,293101,340,j,0.250000
member,NOUN,292596,341,n,0.050000
community,NOUN,290489,342,n,0.100000
once,ADV,290446,343,r,0.140000
social,ADJ,290372,344,j,0.180000
news,NOUN,289175,345,n,0.360000
allow,VERB,288559,346,v,0.020000
win,VERB,288308,347,v,0.030000
body,NOUN,287817,348,n,0.040000
lead,VERB,285740,349,v,0.030000
continue,VERB,282352,350,v,0.040000
enough,ADV,280789,352,r,0.030000
spend,VERB,280371,353,v,0.020000
level,NOUN,279770,354,n,0.020000
able,ADJ,279559,355,j,0.010000
political,ADJ,279410,356,j,0.050000
almost,ADV,279393,357,r,0.080000
boy,NOUN,279283,358,n,0.150000
university,NOUN,279132,359,n,0.750000
stay,VERB,275504,361,v,0.120000
add,VERB,275233,362,v,0.130000
later,ADV,274178,363,r,0.110000
change,NOUN,274132,364,n,0.050000
probably,ADV,269732,366,r,0.080000
center,NOUN,268821,367,n,0.460000
face,NOUN,266458,369,n,0.030000
public,ADJ,265061,370,j,0.140000
die,VERB,264537,371,v,0.040000
food,NOUN,262697,372,n,0.110000
else,ADV,261804,373,r,0.010000
history,NOUN,261045,374,n,0.120000
buy,VERB,260201,375,v,0.060000
result,NOUN,259961,376,n,0.060000
morning,NOUN,259129,377,n,0.100000
parent,NOUN,258181,379,n,0.060000
office,NOUN,258157,380,n,0.170000
course,ADV,257245,381,r,0.010000
send,VERB,256309,382,v,0.050000
research,NOUN,255123,383,n,0.210000
walk,VERB,253671,384,v,0.050000
door,NOUN,252623,385,n,0.030000
white,ADJ,251664,386,j,0.180000
court,NOUN,250891,388,n,0.340000
home,ADV,250331,389,r,0.050000
grow,VERB,248803,390,v,0.030000
better,ADJ,247453,391,j,0.030000
open,VERB,247043,392,v,0.080000
moment,NOUN,246362,393,n,0.030000
consider,VERB,244644,395,v,0.080000
both,ADV,244397,396,r,0.070000
little,ADV,244049,398,r,0.050000
late,ADJ,242755,401,j,0.050000
street,NOUN,242552,402,n,0.390000
free,ADJ,242338,403,j,0.130000
better,ADV,241827,404,r,0.060000
policy,NOUN,240181,406,n,0.090000
table,NOUN,238887,407,n,0.360000
sorry,ADJ,237541,408,j,0.280000
care,NOUN,237259,409,n,0.070000
low,ADJ,237027,410,j,0.050000
human,ADJ,236187,411,j,0.110000
please,ADV,236175,412,r,0.470000
hope,VERB,235945,413,v,0.050000
process,NOUN,235304,415,n,0.020000
teacher,NOUN,234642,416,n,0.100000
data,NOUN,234516,417,n,0.090000
offer,VERB,234189,418,v,0.010000
death,NOUN,233153,419,n,0.080000
whole,ADJ,233110,420,j,0.030000
experience,NOUN,232376,421,n,0.020000
plan,NOUN,231629,422,n,0.060000
easy,ADJ,231262,423,j,0.060000
education,NOUN,231036,424,n,0.210000
build,VERB,230071,425,v,0.040000
expect,VERB,229855,426,v,0.020000
fall,VERB,229161,427,v,0.030000
age,NOUN,228610,429,n,0.130000
hard,ADJ,228234,430,j,0.030000
sense,NOUN,226539,431,n,0.020000
show,NOUN,225884,433,n,0.090000
early,ADJ,224665,434,j,0.060000
college,NOUN,224634,435,n,0.260000
music,NOUN,222767,436,n,0.150000
appear,VERB,221287,437,v,0.010000
mind,NOUN,220441,438,n,0.030000
class,NOUN,219160,439,n,0.090000
police,NOUN,219041,440,n,0.190000
use,NOUN,218006,441,n,0.040000
effect,NOUN,217999,442,n,0.040000
season,NOUN,217695,443,n,0.060000
tax,NOUN,217131,444,n,0.050000
heart,NOUN,216345,445,n,0.080000
son,NOUN,216216,446,n,0.100000
art,NOUN,215981,447,n,0.290000
possible,ADJ,213803,448,j,0.020000
serve,VERB,213511,449,v,0.080000
break,VERB,213364,450,v,0.050000
end,VERB,212174,452,v,0.090000
market,NOUN,210848,453,n,0.060000
air,NOUN,210307,455,n,0.210000
force,NOUN,210010,456,n,0.170000
require,VERB,209616,457,v,0.010000
foot,NOUN,209334,458,n,0.020000
listen,VERB,208819,460,v,0.250000
agree,VERB,208506,461,v,0.030000
baby,NOUN,207577,464,n,0.120000
wrong,ADJ,206856,465,j,0.040000
love,NOUN,206700,466,n,0.130000
cut,VERB,205886,467,v,0.130000
decide,VERB,205447,468,v,0.020000
full,ADJ,204252,470,j,0.050000
pass,VERB,203033,472,v,0.030000
interest,NOUN,202642,473,n,0.030000
sometimes,ADV,201833,474,r,0.300000
security,NOUN,201542,475,n,0.300000
eat,VERB,201315,476,v,0.060000
report,VERB,201020,477,v,0.020000
control,NOUN,200879,478,n,0.090000
rate,NOUN,200828,479,n,0.020000
local,ADJ,200668,480,j,0.030000
suggest,VERB,200560,481,v,0.010000
report,NOUN,200188,482,n,0.120000
nation,NOUN,200021,483,n,0.240000
sell,VERB,198982,484,v,0.030000
action,NOUN,198530,485,n,0.070000
support,VERB,198185,486,v,0.030000
wife,NOUN,197306,487,n,0.030000
decision,NOUN,196426,488,n,0.020000
receive,VERB,196239,489,v,0.010000
value,NOUN,195639,490,n,0.040000
base,VERB,195474,491,v,0.080000
pick,VERB,195443,492,v,0.060000
phone,NOUN,194941,493,n,0.050000
thanks,NOUN,194839,494,n,0.610000
event,NOUN,194748,495,n,0.040000
drive,VERB,194360,496,v,0.050000
strong,ADJ,193876,497,j,0.030000
reach,VERB,193684,498,v,0.020000
remain,VERB,193577,499,v,0.010000
explain,VERB,193276,500,v,0.030000
site,NOUN,193251,501,n,0.040000
hit,VERB,192969,502,v,0.050000
pull,VERB,192457,503,v,0.060000
church,NOUN,191872,504,n,0.330000
model,NOUN,191448,505,n,0.080000
perhaps,ADV,191398,506,r,0.330000
relationship,NOUN,191344,507,n,0.020000
fine,ADJ,190779,509,j,0.170000
movie,NOUN,190773,510,n,0.050000
field,NOUN,190489,511,n,0.070000
raise,VERB,190353,512,v,0.030000
less,ADV,190003,513,r,0.020000
player,NOUN,189280,514,n,0.070000
couple,NOUN,189272,515,n,0.030000
record,NOUN,187057,518,n,0.090000
especially,ADV,186130,519,r,0.090000
difference,NOUN,185310,520,n,0.020000
light,NOUN,185287,521,n,0.080000
development,NOUN,185238,522,n,0.130000
federal,ADJ,185144,523,j,0.250000
role,NOUN,184483,525,n,0.020000
pretty,ADV,183711,526,r,0.070000
view,NOUN,182417,528,n,0.070000
price,NOUN,181918,529,n,0.060000
effort,NOUN,181751,530,n,0.010000
nice,ADJ,181568,531,j,0.200000
quite,ADV,181432,532,r,0.050000
voice,NOUN,181328,534,n,0.080000
finally,ADV,181233,535,r,0.300000
department,NOUN,181181,536,n,0.620000
either,ADV,181133,537,r,0.050000
leader,NOUN,180573,539,n,0.080000
photo,NOUN,177976,541,n,0.510000
wear,VERB,177786,542,v,0.030000
space,NOUN,177126,543,n,0.110000
project,NOUN,177076,544,n,0.130000
return,VERB,176787,545,v,0.040000
position,NOUN,176578,546,n,0.010000
special,ADJ,176515,547,j,0.150000
million,NOUN,175586,548,n,0.030000
film,NOUN,175442,549,n,0.070000
need,NOUN,175440,550,n,0.020000
major,ADJ,175432,551,j,0.020000
type,NOUN,173975,552,n,0.060000
town,NOUN,173905,553,n,0.070000
article,NOUN,173819,554,n,0.100000
road,NOUN,173413,555,n,0.200000
form,NOUN,173161,556,n,0.030000
chance,NOUN,172820,557,n,0.020000
drug,NOUN,172756,558,n,0.090000
economic,ADJ,172153,559,j,0.090000
situation,NOUN,171026,560,n,0.020000
choose,VERB,170716,561,v,0.050000
practice,NOUN,170654,562,n,0.060000
cause,VERB,170629,563,v,0.050000
happy,ADJ,170573,564,j,0.120000
science,NOUN,170488,565,n,0.300000
join,VERB,170302,566,v,0.090000
teach,VERB,169673,567,v,0.060000
early,ADV,169653,568,r,0.120000
develop,VERB,168894,569,v,0.020000
share,VERB,168892,570,v,0.080000
carry,VERB,168820,572,v,0.020000
clear,ADJ,168587,573,j,0.030000
brother,NOUN,167417,574,n,0.140000
matter,NOUN,167351,575,n,0.030000
dead,ADJ,167302,576,j,0.090000
image,NOUN,167053,577,n,0.130000
star,NOUN,167036,578,n,0.260000
cost,NOUN,166775,579,n,0.030000
simply,ADV,166556,580,r,0.040000
post,NOUN,166265,581,n,0.260000
society,NOUN,165769,582,n,0.220000
picture,NOUN,165703,583,n,0.060000
piece,NOUN,165538,584,n,0.020000
paper,NOUN,165070,585,n,0.060000
energy,NOUN,164622,586,n,0.130000
personal,ADJ,164270,587,j,0.050000
building,NOUN,164119,588,n,0.090000
military,ADJ,163555,589,j,0.060000
open,ADJ,163231,590,j,0.130000
doctor,NOUN,163129,591,n,0.190000
activity,NOUN,162943,592,n,0.040000
exactly,ADV,162663,593,r,0.150000
media,NOUN,162177,595,n,0.110000
miss,VERB,162066,596,v,0.060000
evidence,NOUN,162050,597,n,0.040000
product,NOUN,161999,598,n,0.050000
realize,VERB,161762,599,v,0.010000
save,VERB,161469,600,v,0.090000
arm,NOUN,161185,601,n,0.040000
technology,NOUN,160819,602,n,0.150000
catch,VERB,160594,603,v,0.040000
comment,NOUN,160451,604,n,0.110000
look,NOUN,160145,605,n,0.070000
term,NOUN,160014,606,n,0.030000
color,NOUN,160011,607,n,0.270000
cover,VERB,159606,608,v,0.050000
describe,VERB,159521,609,v,0.020000
guess,VERB,159454,610,v,0.090000
choice,NOUN,159277,611,n,0.050000
source,NOUN,158588,612,n,0.110000
mom,NOUN,158511,613,n,0.420000
soon,ADV,158194,614,r,0.140000
director,NOUN,158028,615,n,0.190000
international,ADJ,157724,616,j,0.390000
rule,NOUN,157468,617,n,0.090000
campaign,NOUN,157373,618,n,0.040000
ground,NOUN,156706,619,n,0.040000
election,NOUN,156532,620,n,0.080000
face,VERB,156455,621,v,0.050000
check,VERB,155591,623,v,0.170000
page,NOUN,154863,624,n,0.130000
fight,VERB,154643,625,v,0.040000
test,NOUN,154189,627,n,0.070000
patient,NOUN,154125,628,n,0.050000
produce,VERB,154082,629,v,0.010000
certain,ADJ,154059,630,j,0.030000
video,NOUN,153563,633,n,0.170000
support,NOUN,152769,634,n,0.030000
throw,VERB,152388,635,v,0.050000
care,VERB,152255,637,v,0.030000
rest,NOUN,151864,638,n,0.020000
recent,ADJ,151697,639,j,0.060000
available,ADJ,151406,640,j,0.040000
step,NOUN,151394,641,n,0.090000
ready,ADJ,151349,642,j,0.090000
opportunity,NOUN,151226,643,n,0.030000
official,NOUN,150423,644,n,0.050000
oil,NOUN,150410,645,n,0.080000
call,NOUN,149896,646,n,0.050000
organization,NOUN,149261,647,n,0.100000
character,NOUN,148825,648,n,0.020000
single,ADJ,148796,649,j,0.030000
current,ADJ,148387,650,j,0.060000
likely,ADJ,148216,651,j,0.010000
county,NOUN,148165,652,n,0.640000
future,NOUN,147923,653,n,0.060000
dad,NOUN,147520,654,n,0.470000
shoot,VERB,147137,657,v,0.060000
industry,NOUN,146746,658,n,0.070000
second,NOUN,146634,659,n,0.030000
list,NOUN,146495,660,n,0.050000
general,ADJ,146275,661,j,0.270000
stuff,NOUN,145992,662,n,0.030000
figure,NOUN,145812,663,n,0.330000
attention,NOUN,145669,664,n,0.030000
forget,VERB,145557,665,v,0.120000
risk,NOUN,145334,666,n,0.030000
no,ADV,144919,667,r,0.070000
focus,VERB,144896,668,v,0.050000
short,ADJ,144842,669,j,0.030000
fire,NOUN,144750,670,n,0.140000
dog,NOUN,144648,671,n,0.100000
red,ADJ,144046,672,j,0.310000
hair,NOUN,143875,673,n,0.040000
point,VERB,143750,674,v,0.020000
condition,NOUN,143732,675,n,0.020000
wall,NOUN,143389,676,n,0.070000
daughter,NOUN,142747,677,n,0.030000
before,ADV,142673,678,r,0.020000
deal,NOUN,142589,679,n,0.060000
author,NOUN,142352,680,n,0.170000
truth,NOUN,142017,681,n,0.090000
husband,NOUN,141289,683,n,0.020000
period,NOUN,141173,684,n,0.030000
series,NOUN,140231,685,n,0.150000
order,NOUN,140025,686,n,0.090000
officer,NOUN,139938,687,n,0.160000
close,ADJ,139704,688,j,0.030000
land,NOUN,139579,689,n,0.090000
note,VERB,139111,690,v,0.170000
computer,NOUN,139082,691,n,0.090000
thought,NOUN,139016,692,n,0.060000
economy,NOUN,138752,693,n,0.030000
goal,NOUN,138693,694,n,0.030000
bank,NOUN,138673,695,n,0.250000
behavior,NOUN,138400,696,n,0.030000
sound,VERB,138386,697,v,0.120000
deal,VERB,138197,698,v,0.040000
certainly,ADV,138162,699,r,0.120000
nearly,ADV,138034,700,r,0.080000
increase,VERB,137709,701,v,0.020000
act,NOUN,137668,702,n,0.410000
north,NOUN,137666,703,n,0.660000
blood,NOUN,137579,705,n,0.090000
culture,NOUN,137140,706,n,0.070000
medical,ADJ,136850,707,j,0.200000
ok,ADV,136788,708,r,0.960000
top,NOUN,136658,710,n,0.120000
difficult,ADJ,136474,711,j,0.010000
close,VERB,136431,712,v,0.080000
language,NOUN,136124,713,n,0.070000
window,NOUN,136043,714,n,0.080000
response,NOUN,135942,715,n,0.080000
population,NOUN,135733,716,n,0.040000
lie,VERB,135712,717,v,0.050000
tree,NOUN,135666,718,n,0.070000
park,NOUN,135440,719,n,0.540000
worker,NOUN,135244,720,n,0.070000
draw,VERB,135022,721,v,0.040000
plan,VERB,135011,722,v,0.060000
drop,VERB,134220,723,v,0.060000
push,VERB,134206,724,v,0.050000
earth,NOUN,134202,725,n,0.550000
cause,NOUN,133998,726,n,0.160000
private,ADJ,133907,728,j,0.070000
tonight,ADV,133341,729,r,0.180000
race,NOUN,133182,730,n,0.070000
letter,NOUN,132828,732,n,0.090000
gun,NOUN,132572,734,n,0.060000
simple,ADJ,132004,735,j,0.060000
course,NOUN,131911,736,n,0.050000
wonder,VERB,131649,737,v,0.030000
involve,VERB,131275,738,v,0.010000
hell,NOUN,131265,739,n,0.170000
poor,ADJ,131105,740,j,0.100000
answer,NOUN,130534,742,n,0.030000
nature,NOUN,130378,743,n,0.120000
administration,NOUN,130297,744,n,0.200000
common,ADJ,130294,745,j,0.080000
hard,ADV,129919,747,r,0.060000
message,NOUN,129799,748,n,0.030000
song,NOUN,129648,749,n,0.080000
enjoy,VERB,129575,750,v,0.070000
similar,ADJ,129272,751,j,0.050000
attack,NOUN,128893,753,n,0.020000
past,ADJ,128832,754,j,0.020000
hot,ADJ,128310,755,j,0.120000
seek,VERB,128234,756,v,0.030000
amount,NOUN,128075,757,n,0.010000
analysis,NOUN,128029,758,n,0.100000
store,NOUN,127984,759,n,0.080000
defense,NOUN,127924,760,n,0.210000
bill,NOUN,127919,761,n,0.100000
cell,NOUN,127818,763,n,0.050000
performance,NOUN,127318,765,n,0.060000
hospital,NOUN,127317,766,n,0.190000
bed,NOUN,127232,767,n,0.030000
board,NOUN,127202,768,n,0.240000
protect,VERB,126672,769,v,0.040000
century,NOUN,126668,770,n,0.090000
summer,NOUN,126418,771,n,0.110000
material,NOUN,126254,772,n,0.050000
individual,NOUN,125578,773,n,0.040000
recently,ADV,125532,774,r,0.080000
example,NOUN,125442,775,n,0.070000
represent,VERB,125330,776,v,0.010000
fill,VERB,125249,777,v,0.040000
state,VERB,125064,778,v,0.120000
place,VERB,124900,779,v,0.100000
animal,NOUN,124835,780,n,0.090000
fail,VERB,124675,781,v,0.030000
factor,NOUN,123915,782,n,0.070000
natural,ADJ,123788,783,j,0.110000
sir,NOUN,123629,784,n,0.280000
agency,NOUN,123524,785,n,0.160000
usually,ADV,123303,786,r,0.090000
significant,ADJ,123040,787,j,0.020000
help,NOUN,123017,788,n,0.040000
ability,NOUN,122943,789,n,0.010000
mile,NOUN,122899,790,n,0.040000
statement,NOUN,122852,791,n,0.030000
entire,ADJ,122397,792,j,0.010000
floor,NOUN,122291,794,n,0.030000
serious,ADJ,122251,795,j,0.030000
career,NOUN,122177,796,n,0.040000
dollar,NOUN,121984,797,n,0.040000
vote,VERB,121578,798,v,0.040000
sex,NOUN,121352,799,n,0.090000
compare,VERB,120978,800,v,0.080000
south,NOUN,120894,801,n,0.620000
forward,ADV,120845,802,r,0.030000
subject,NOUN,120773,803,n,0.050000
financial,ADJ,120726,804,j,0.120000
identify,VERB,120690,805,v,0.030000
beautiful,ADJ,120679,806,j,0.080000
decade,NOUN,120539,807,n,0.020000
bit,NOUN,120467,808,n,0.030000
reduce,VERB,120399,809,v,0.040000
sister,NOUN,120346,810,n,0.130000
quality,NOUN,120236,811,n,0.060000
quickly,ADV,120136,812,r,0.030000
act,VERB,119650,813,v,0.070000
press,NOUN,119485,814,n,0.410000
worry,VERB,119256,815,v,0.020000
accept,VERB,119245,816,v,0.030000
enter,VERB,119119,817,v,0.060000
mention,VERB,119033,818,v,0.010000
sound,NOUN,119028,819,n,0.100000
thus,ADV,118653,820,r,0.440000
plant,NOUN,118323,821,n,0.060000
movement,NOUN,118118,822,n,0.060000
scene,NOUN,118003,823,n,0.070000
section,NOUN,117170,824,n,0.270000
treatment,NOUN,116893,825,n,0.050000
wish,VERB,116884,826,v,0.040000
benefit,NOUN,116806,827,n,0.030000
interesting,ADJ,116773,828,j,0.070000
west,NOUN,116683,829,n,0.720000
candidate,NOUN,116347,830,n,0.050000
approach,NOUN,116173,831,n,0.030000
determine,VERB,116138,832,v,0.020000
resource,NOUN,116078,833,n,0.120000
claim,VERB,116020,834,v,0.020000
answer,VERB,115956,835,v,0.070000
prove,VERB,115910,836,v,0.020000
sort,NOUN,115486,837,n,0.010000
size,NOUN,115388,839,n,0.040000
knowledge,NOUN,115356,841,n,0.050000
rather,ADV,115104,842,r,0.140000
hang,VERB,114959,843,v,0.110000
sport,NOUN,114894,844,n,0.190000
loss,NOUN,114630,846,n,0.030000
argue,VERB,114425,847,v,0.010000
left,ADJ,114320,848,j,0.090000
note,NOUN,114251,849,n,0.120000
meeting,NOUN,114209,850,n,0.040000
skill,NOUN,113912,851,n,0.040000
card,NOUN,113472,852,n,0.080000
feeling,NOUN,113414,853,n,0.020000
degree,NOUN,113046,855,n,0.020000
crime,NOUN,112978,856,n,0.070000
that,ADV,112903,857,r,0.120000
sign,NOUN,112603,858,n,0.040000
occur,VERB,112575,859,v,0.000000
imagine,VERB,112572,860,v,0.130000
vote,NOUN,112405,861,n,0.050000
king,NOUN,112088,863,n,0.650000
box,NOUN,112035,864,n,0.130000
present,VERB,111731,865,v,0.020000
figure,VERB,111647,866,v,0.060000
foreign,ADJ,111509,868,j,0.160000
laugh,VERB,111440,869,v,0.100000
disease,NOUN,111433,870,n,0.090000
lady,NOUN,111384,871,n,0.320000
discuss,VERB,111181,873,v,0.020000
finish,VERB,111094,874,v,0.040000
design,NOUN,111026,875,n,0.110000
concern,NOUN,110976,876,n,0.020000
ball,NOUN,110770,877,n,0.080000
east,NOUN,110589,878,n,0.730000
recognize,VERB,110405,879,v,0.030000
apply,VERB,110328,880,v,0.040000
prepare,VERB,110266,881,v,0.060000
network,NOUN,110210,882,n,0.170000
huge,ADJ,110088,883,j,0.040000
success,NOUN,110030,884,n,0.050000
district,NOUN,109941,885,n,0.350000
cup,NOUN,109915,886,n,0.170000
name,VERB,109851,887,v,0.040000
physical,ADJ,109576,888,j,0.070000
growth,NOUN,109567,889,n,0.050000
rise,VERB,109035,890,v,0.070000
standard,NOUN,107818,892,n,0.120000
force,VERB,107636,893,v,0.020000
sign,VERB,107633,894,v,0.080000
fan,NOUN,107631,895,n,0.060000
theory,NOUN,107486,896,n,0.080000
staff,NOUN,107396,897,n,0.130000
hurt,VERB,107262,898,v,0.030000
legal,ADJ,107134,899,j,0.080000
september,NOUN,106932,900,n,0.280000
set,NOUN,106920,901,n,0.030000
strategy,NOUN,106236,904,n,0.070000
clearly,ADV,105965,905,r,0.130000
property,NOUN,105851,906,n,0.060000
lay,VERB,105812,907,v,0.050000
final,ADJ,105688,908,j,0.070000
authority,NOUN,105586,909,n,0.130000
perfect,ADJ,105560,910,j,0.100000
method,NOUN,105544,911,n,0.110000
region,NOUN,105382,912,n,0.060000
impact,NOUN,105330,914,n,0.050000
indicate,VERB,105304,915,v,0.010000
safe,ADJ,105273,916,j,0.060000
committee,NOUN,105133,917,n,0.500000
supposed,ADJ,105037,918,j,0.020000
dream,NOUN,104797,919,n,0.120000
training,NOUN,104563,920,n,0.070000
shit,NOUN,104498,921,n,0.220000
central,ADJ,104403,922,j,0.420000
option,NOUN,104245,923,n,0.040000
particularly,ADV,104018,925,r,0.030000
completely,ADV,103941,926,r,0.030000
opinion,NOUN,103920,927,n,0.040000
main,ADJ,103803,928,j,0.070000
interview,NOUN,103566,930,n,0.050000
exist,VERB,103550,931,v,0.010000
remove,VERB,103480,932,v,0.100000
dark,ADJ,103384,933,j,0.110000
play,NOUN,103352,934,n,0.060000
union,NOUN,102805,935,n,0.480000
professor,NOUN,102741,936,n,0.360000
pressure,NOUN,102669,937,n,0.030000
purpose,NOUN,102642,938,n,0.020000
stage,NOUN,102611,939,n,0.070000
blue,ADJ,102172,940,j,0.230000
sun,NOUN,102043,942,n,0.310000
pain,NOUN,101918,943,n,0.050000
artist,NOUN,101861,944,n,0.080000
employee,NOUN,101818,945,n,0.060000
avoid,VERB,101794,946,v,0.050000
account,NOUN,101683,947,n,0.030000
release,VERB,101668,948,v,0.040000
fund,NOUN,101503,949,n,0.170000
environment,NOUN,101479,950,n,0.060000
treat,VERB,101438,951,v,0.030000
specific,ADJ,101222,952,j,0.020000
version,NOUN,101091,953,n,0.040000
shot,NOUN,101016,954,n,0.050000
hate,VERB,100757,955,v,0.050000
reality,NOUN,100700,956,n,0.050000
visit,VERB,100463,957,v,0.050000
club,NOUN,100411,958,n,0.320000
justice,NOUN,100360,959,n,0.390000
river,NOUN,100270,960,n,0.460000
brain,NOUN,100235,961,n,0.080000
memory,NOUN,100235,962,n,0.060000
rock,NOUN,100028,963,n,0.230000
talk,NOUN,99986,964,n,0.110000
camera,NOUN,99855,965,n,0.070000
global,ADJ,99848,966,j,0.180000
various,ADJ,99838,967,j,0.040000
arrive,VERB,99819,968,v,0.020000
notice,VERB,99709,969,v,0.050000
bit,ADV,99520,970,r,0.010000
detail,NOUN,99477,971,n,0.050000
challenge,NOUN,99455,972,n,0.060000
argument,NOUN,99403,973,n,0.020000
lot,ADV,99278,974,r,0.010000
weapon,NOUN,98828,976,n,0.040000
best,ADV,98807,977,r,0.120000
station,NOUN,98720,978,n,0.140000
island,NOUN,98596,979,n,0.490000
absolutely,ADV,98574,980,r,0.300000
instead,ADV,98540,981,r,0.440000
discussion,NOUN,98359,982,n,0.090000
affect,VERB,98073,984,v,0.010000
design,VERB,97967,985,v,0.030000
anyway,ADV,97831,987,r,0.280000
respond,VERB,97750,988,v,0.020000
control,VERB,97504,989,v,0.040000
trouble,NOUN,97439,990,n,0.050000
conversation,NOUN,97193,991,n,0.030000
manage,VERB,97135,992,v,0.020000
close,ADV,97117,993,r,0.040000
date,NOUN,97094,994,n,0.080000
public,NOUN,97031,995,n,0.050000
army,NOUN,97025,996,n,0.490000
top,ADJ,96997,997,j,0.120000
post,VERB,96926,998,v,0.330000
charge,NOUN,96872,999,n,0.030000
seat,NOUN,96853,1000,n,0.020000
assume,VERB,96840,1001,v,0.060000
writer,NOUN,96279,1002,n,0.080000
perform,VERB,96202,1003,v,0.020000
credit,NOUN,95981,1004,n,0.100000
green,ADJ,95937,1005,j,0.270000
marriage,NOUN,95885,1006,n,0.070000
operation,NOUN,95878,1007,n,0.110000
indeed,ADV,95860,1008,r,0.400000
sleep,VERB,95600,1009,v,0.050000
necessary,ADJ,95580,1010,j,0.010000
reveal,VERB,95401,1011,v,0.020000
access,NOUN,95371,1013,n,0.070000
agent,NOUN,95371,1012,n,0.160000
bar,NOUN,95305,1014,n,0.130000
debate,NOUN,95244,1015,n,0.030000
leg,NOUN,95185,1016,n,0.030000
contain,VERB,95143,1017,v,0.010000
beat,VERB,94941,1018,v,0.070000
cool,ADJ,94920,1019,j,0.130000
democratic,ADJ,94862,1020,j,0.720000
cold,ADJ,94856,1021,j,0.150000
glass,NOUN,94803,1022,n,0.040000
improve,VERB,94764,1023,v,0.020000
adult,NOUN,94547,1024,n,0.060000
trade,NOUN,94509,1025,n,0.180000
religious,ADJ,94485,1026,j,0.060000
head,VERB,94408,1027,v,0.040000
review,NOUN,94364,1028,n,0.240000
kind,ADV,94334,1029,r,0.040000
address,VERB,94155,1030,v,0.020000
association,NOUN,94100,1031,n,0.610000
measure,NOUN,93952,1032,n,0.040000
stock,NOUN,93809,1033,n,0.070000
gas,NOUN,93763,1034,n,0.070000
deep,ADJ,93753,1035,j,0.070000
lawyer,NOUN,93526,1036,n,0.060000
production,NOUN,93507,1037,n,0.060000
relate,VERB,93433,1038,v,0.020000
middle,ADJ,93428,1039,j,0.480000
management,NOUN,93289,1040,n,0.210000
original,ADJ,93230,1041,j,0.050000
victim,NOUN,93207,1042,n,0.050000
cancer,NOUN,93157,1043,n,0.130000
speech,NOUN,92837,1044,n,0.040000
particular,ADJ,92775,1045,j,0.010000
trial,NOUN,92762,1046,n,0.050000
item,NOUN,92545,1048,n,0.050000
weight,NOUN,92516,1049,n,0.060000
tomorrow,ADV,92490,1050,r,0.150000
step,VERB,92268,1051,v,0.080000
positive,ADJ,92223,1052,j,0.040000
form,VERB,92198,1053,v,0.030000
citizen,NOUN,92182,1054,n,0.120000
study,VERB,92101,1055,v,0.030000
trip,NOUN,91830,1056,n,0.040000
establish,VERB,91776,1057,v,0.030000
executive,NOUN,91696,1058,n,0.140000
politics,NOUN,91621,1059,n,0.110000
stick,VERB,91597,1060,v,0.060000
customer,NOUN,91563,1061,n,0.060000
manager,NOUN,91527,1062,n,0.100000
publish,VERB,91441,1064,v,0.040000
popular,ADJ,91435,1065,j,0.060000
sing,VERB,91395,1066,v,0.140000
ahead,ADV,91325,1067,r,0.040000
conference,NOUN,91185,1068,n,0.240000
total,ADJ,91071,1069,j,0.150000
discover,VERB,90959,1070,v,0.030000
fast,ADV,90956,1071,r,0.070000
base,NOUN,90915,1072,n,0.080000
direction,NOUN,90826,1073,n,0.040000
sunday,NOUN,90771,1074,n,0.000000
maintain,VERB,90737,1075,v,0.030000
past,NOUN,90674,1076,n,0.020000
majority,NOUN,90548,1077,n,0.060000
peace,NOUN,90518,1078,n,0.170000
dinner,NOUN,90516,1079,n,0.080000
partner,NOUN,90455,1080,n,0.070000
user,NOUN,90342,1081,n,0.070000
fly,VERB,90236,1083,v,0.050000
bag,NOUN,90234,1084,n,0.040000
therefore,ADV,89981,1085,r,0.310000
rich,ADJ,89706,1086,j,0.090000
individual,ADJ,89686,1087,j,0.050000
owner,NOUN,89612,1089,n,0.050000
tough,ADJ,89612,1088,j,0.050000
shall,VERB,89582,1090,v,0.070000
voter,NOUN,89245,1092,n,0.070000
tool,NOUN,89236,1093,n,0.070000
june,NOUN,89233,1094,n,0.000000
far,ADJ,89074,1095,j,0.100000
mountain,NOUN,88984,1097,n,0.350000
range,NOUN,88892,1098,n,0.060000
coach,NOUN,88826,1099,n,0.140000
fear,NOUN,88724,1100,n,0.060000
attorney,NOUN,88616,1102,n,0.260000
expert,NOUN,88134,1105,n,0.090000
structure,NOUN,88114,1106,n,0.030000
budget,NOUN,88084,1107,n,0.100000
insurance,NOUN,88036,1108,n,0.100000
text,NOUN,87811,1109,n,0.060000
freedom,NOUN,87806,1110,n,0.180000
crazy,ADJ,87804,1111,j,0.080000
reader,NOUN,87422,1112,n,0.130000
style,NOUN,87244,1113,n,0.070000
through,ADV,87238,1114,r,0.010000
march,NOUN,87215,1115,n,0.000000
machine,NOUN,87156,1116,n,0.050000
november,NOUN,87108,1117,n,0.000000
generation,NOUN,87071,1118,n,0.060000
income,NOUN,86902,1119,n,0.050000
born,VERB,86829,1120,v,0.100000
admit,VERB,86631,1121,v,0.020000
sea,NOUN,86544,1124,n,0.240000
okay,ADJ,86529,1125,j,0.030000
mouth,NOUN,86406,1126,n,0.020000
own,VERB,86371,1128,v,0.020000
test,VERB,86155,1129,v,0.070000
web,NOUN,85868,1130,n,0.570000
shake,VERB,85841,1131,v,0.060000
threat,NOUN,85754,1132,n,0.030000
solution,NOUN,85661,1133,n,0.070000
shut,VERB,85625,1134,v,0.250000
travel,VERB,85441,1136,v,0.050000
scientist,NOUN,85428,1137,n,0.130000
hide,VERB,85395,1138,v,0.050000
obviously,ADV,85364,1139,r,0.250000
refer,VERB,85212,1140,v,0.020000
alone,ADV,85036,1141,r,0.030000
drink,VERB,84895,1142,v,0.060000
investigation,NOUN,84783,1143,n,0.050000
senator,NOUN,84544,1144,n,0.690000
unit,NOUN,84518,1145,n,0.090000
photograph,NOUN,84476,1146,n,0.540000
television,NOUN,84433,1148,n,0.090000
key,ADJ,84228,1149,j,0.100000
sexual,ADJ,84220,1150,j,0.050000
radio,NOUN,84218,1151,n,0.200000
prevent,VERB,84179,1152,v,0.020000
modern,ADJ,83945,1154,j,0.140000
violence,NOUN,83882,1156,n,0.070000
touch,VERB,83871,1157,v,0.040000
feature,NOUN,83853,1158,n,0.050000
audience,NOUN,83493,1159,n,0.040000
evening,NOUN,83312,1160,n,0.080000
hall,NOUN,82960,1163,n,0.520000
task,NOUN,82839,1164,n,0.070000
score,NOUN,82738,1165,n,0.050000
skin,NOUN,82598,1166,n,0.040000
suffer,VERB,82579,1167,v,0.010000
wide,ADJ,82565,1168,j,0.060000
spring,NOUN,82557,1169,n,0.280000
experience,VERB,82550,1170,v,0.030000
civil,ADJ,82544,1171,j,0.280000
safety,NOUN,82535,1172,n,0.130000
weekend,NOUN,82429,1173,n,0.090000
while,NOUN,82196,1174,n,0.010000
title,NOUN,82165,1176,n,0.100000
heat,NOUN,82112,1177,n,0.110000
normal,ADJ,82076,1178,j,0.040000
hope,NOUN,81896,1179,n,0.060000
yard,NOUN,81852,1180,n,0.040000
finger,NOUN,81817,1181,n,0.030000
tend,VERB,81665,1182,v,0.000000
mission,NOUN,81524,1183,n,0.130000
eventually,ADV,81481,1184,r,0.180000
participant,NOUN,81371,1185,n,0.140000
hotel,NOUN,81364,1186,n,0.230000
judge,NOUN,81312,1187,n,0.160000
pattern,NOUN,81097,1188,n,0.030000
break,NOUN,81057,1189,n,0.120000
institution,NOUN,80998,1190,n,0.080000
faith,NOUN,80912,1191,n,0.130000
professional,ADJ,80903,1192,j,0.090000
reflect,VERB,80851,1193,v,0.020000
folk,NOUN,80843,1194,n,0.070000
surface,NOUN,80819,1195,n,0.060000
fall,NOUN,80585,1196,n,0.170000
client,NOUN,80584,1197,n,0.040000
edge,NOUN,80577,1198,n,0.080000
traditional,ADJ,80470,1199,j,0.050000
council,NOUN,80469,1200,n,0.690000
device,NOUN,80398,1201,n,0.030000
firm,NOUN,80364,1202,n,0.030000
environmental,ADJ,80328,1203,j,0.200000
responsibility,NOUN,80294,1204,n,0.030000
chair,NOUN,80186,1205,n,0.060000
internet,NOUN,80144,1206,n,0.690000
october,NOUN,80099,1207,n,0.000000
by,ADV,80074,1208,r,0.070000
funny,ADJ,79978,1209,j,0.110000
immediately,ADV,79856,1210,r,0.050000
investment,NOUN,79833,1211,n,0.080000
ship,NOUN,79715,1212,n,0.040000
effective,ADJ,79635,1213,j,0.040000
previous,ADJ,79535,1214,j,0.080000
content,NOUN,79496,1215,n,0.060000
consumer,NOUN,79489,1216,n,0.140000
element,NOUN,79440,1217,n,0.030000
nuclear,ADJ,79435,1218,j,0.080000
spirit,NOUN,79123,1219,n,0.250000
directly,ADV,79121,1220,r,0.010000
afraid,ADJ,78979,1221,j,0.040000
define,VERB,78953,1222,v,0.030000
handle,VERB,78899,1223,v,0.020000
track,NOUN,78828,1224,n,0.050000
run,NOUN,78645,1225,n,0.070000
wind,NOUN,78623,1226,n,0.100000
lack,NOUN,78587,1227,n,0.040000
cost,VERB,78520,1228,v,0.060000
announce,VERB,78426,1229,v,0.010000
journal,NOUN,78364,1230,n,0.630000
heavy,ADJ,78327,1231,j,0.050000
ice,NOUN,78316,1232,n,0.170000
collection,NOUN,78281,1233,n,0.140000
feed,VERB,78280,1234,v,0.250000
soldier,NOUN,78276,1235,n,0.090000
just,ADJ,78214,1236,j,0.080000
governor,NOUN,78194,1237,n,0.420000
fish,NOUN,78114,1238,n,0.110000
shoulder,NOUN,78062,1239,n,0.020000
cultural,ADJ,78023,1240,j,0.100000
successful,ADJ,77999,1241,j,0.030000
fair,ADJ,77775,1242,j,0.110000
trust,VERB,77728,1243,v,0.150000
suddenly,ADV,77721,1244,r,0.210000
future,ADJ,77663,1245,j,0.100000
interested,ADJ,77632,1246,j,0.020000
deliver,VERB,77338,1247,v,0.020000
editor,NOUN,77280,1249,n,0.290000
fresh,ADJ,77195,1250,j,0.140000
destroy,VERB,77088,1252,v,0.030000
claim,NOUN,77050,1253,n,0.030000
critical,ADJ,77026,1254,j,0.050000
agreement,NOUN,76793,1255,n,0.090000
powerful,ADJ,76773,1256,j,0.030000
researcher,NOUN,76737,1257,n,0.130000
concept,NOUN,76679,1258,n,0.040000
willing,ADJ,76629,1259,j,0.010000
band,NOUN,76423,1260,n,0.110000
marry,VERB,76412,1261,v,0.030000
promise,VERB,76397,1262,v,0.060000
easily,ADV,76348,1263,r,0.010000
restaurant,NOUN,76197,1264,n,0.080000
league,NOUN,76178,1265,n,0.410000
senior,ADJ,76109,1266,j,0.160000
capital,NOUN,76018,1267,n,0.180000
anymore,ADV,75907,1268,r,0.020000
april,NOUN,75906,1269,n,0.000000
potential,ADJ,75838,1270,j,0.030000
etc,ADV,75726,1271,r,0.020000
quick,ADJ,75637,1272,j,0.100000
magazine,NOUN,75615,1273,n,0.150000
status,NOUN,75577,1274,n,0.050000
attend,VERB,75448,1275,v,0.020000
replace,VERB,75439,1276,v,0.030000
hill,NOUN,75365,1278,n,0.550000
kitchen,NOUN,75167,1279,n,0.080000
achieve,VERB,74946,1280,v,0.020000
screen,NOUN,74705,1281,n,0.050000
generally,ADV,74681,1282,r,0.080000
mistake,NOUN,74643,1283,n,0.020000
along,ADV,74461,1284,r,0.010000
strike,VERB,74378,1285,v,0.050000
battle,NOUN,74296,1286,n,0.120000
spot,NOUN,74296,1287,n,0.040000
basic,ADJ,74208,1288,j,0.070000
very,ADJ,74143,1289,j,0.030000
corner,NOUN,74047,1290,n,0.050000
target,NOUN,73925,1291,n,0.090000
driver,NOUN,73902,1292,n,0.080000
beginning,NOUN,73853,1293,n,0.030000
religion,NOUN,73744,1294,n,0.090000
crisis,NOUN,73691,1295,n,0.070000
count,VERB,73650,1296,v,0.060000
museum,NOUN,73559,1297,n,0.500000
engage,VERB,73493,1298,v,0.020000
communication,NOUN,73413,1299,n,0.170000
murder,NOUN,73388,1300,n,0.060000
blow,VERB,73361,1301,v,0.050000
object,NOUN,73304,1302,n,0.030000
express,VERB,73274,1303,v,0.010000
encourage,VERB,73251,1305,v,0.030000
matter,VERB,73171,1306,v,0.030000
blog,NOUN,73163,1307,n,0.060000
smile,VERB,73137,1308,v,0.040000
return,NOUN,73109,1309,n,0.060000
belief,NOUN,73067,1310,n,0.030000
block,NOUN,73065,1311,n,0.070000
debt,NOUN,73015,1312,n,0.040000
fire,VERB,72911,1313,v,0.070000
labor,NOUN,72759,1314,n,0.210000
understanding,NOUN,72651,1315,n,0.020000
neighborhood,NOUN,72625,1316,n,0.050000
contract,NOUN,72568,1317,n,0.050000
middle,NOUN,72563,1318,n,0.050000
species,NOUN,72542,1319,n,0.050000
additional,ADJ,72539,1320,j,0.090000
sample,NOUN,72489,1321,n,0.060000
involved,ADJ,72455,1322,j,0.010000
inside,ADV,72435,1323,r,0.090000
mostly,ADV,72378,1324,r,0.080000
path,NOUN,72335,1325,n,0.050000
concerned,ADJ,72309,1326,j,0.020000
apple,NOUN,72273,1327,n,0.630000
conduct,VERB,72181,1328,v,0.010000
god,NOUN,72022,1329,n,0.310000
wonderful,ADJ,71940,1330,j,0.080000
library,NOUN,71921,1331,n,0.290000
prison,NOUN,71871,1332,n,0.070000
hole,NOUN,71837,1333,n,0.060000
attempt,NOUN,71833,1334,n,0.020000
complete,VERB,71752,1335,v,0.030000
code,NOUN,71659,1336,n,0.160000
sales,NOUN,71601,1337,n,0.050000
gift,NOUN,71372,1338,n,0.070000
refuse,VERB,71277,1339,v,0.020000
increase,NOUN,71248,1340,n,0.010000
garden,NOUN,71243,1341,n,0.280000
introduce,VERB,71221,1342,v,0.030000
roll,VERB,71123,1343,v,0.080000
christian,ADJ,71055,1344,j,0.980000
definitely,ADV,70982,1345,r,0.100000
like,ADJ,70955,1346,j,0.030000
lake,NOUN,70940,1347,n,0.590000
turn,NOUN,70831,1348,n,0.030000
sure,ADV,70758,1349,r,0.430000
earn,VERB,70697,1350,v,0.020000
plane,NOUN,70679,1351,n,0.030000
vehicle,NOUN,70662,1352,n,0.040000
examine,VERB,70501,1353,v,0.030000
application,NOUN,70441,1354,n,0.070000
thousand,NOUN,70404,1355,n,0.060000
coffee,NOUN,70366,1356,n,0.090000
gain,VERB,70275,1357,v,0.020000
result,VERB,70269,1358,v,0.050000
file,NOUN,70059,1359,n,0.090000
reform,NOUN,70010,1361,n,0.110000
ignore,VERB,70007,1362,v,0.050000
welcome,VERB,69914,1363,v,0.470000
gold,NOUN,69903,1364,n,0.200000
jump,VERB,69861,1365,v,0.050000
planet,NOUN,69822,1366,n,0.110000
location,NOUN,69669,1367,n,0.060000
bird,NOUN,69662,1368,n,0.110000
amazing,ADJ,69525,1369,j,0.110000
principle,NOUN,69403,1370,n,0.060000
promote,VERB,69398,1371,v,0.030000
search,NOUN,69392,1372,n,0.110000
alive,ADJ,69360,1374,j,0.040000
possibility,NOUN,69316,1375,n,0.010000
sky,NOUN,69285,1376,n,0.120000
otherwise,ADV,69243,1377,r,0.210000
remind,VERB,69182,1378,v,0.040000
healthy,ADJ,69023,1379,j,0.070000
fit,VERB,68996,1380,v,0.020000
horse,NOUN,68883,1381,n,0.100000
advantage,NOUN,68866,1382,n,0.030000
commercial,ADJ,68821,1383,j,0.310000
steal,VERB,68807,1384,v,0.050000
basis,NOUN,68758,1385,n,0.010000
context,NOUN,68668,1386,n,0.030000
highly,ADV,68586,1387,r,0.030000
strength,NOUN,68537,1389,n,0.040000
move,NOUN,68522,1390,n,0.040000
monday,NOUN,68488,1391,n,0.000000
mean,NOUN,68411,1392,n,0.040000
alone,ADJ,68401,1393,j,0.030000
beach,NOUN,68303,1394,n,0.420000
survey,NOUN,68301,1395,n,0.160000
writing,NOUN,68200,1396,n,0.070000
master,NOUN,68182,1397,n,0.360000
cry,VERB,68161,1398,v,0.030000
scale,NOUN,68139,1399,n,0.110000
resident,NOUN,68096,1400,n,0.080000
football,NOUN,68073,1401,n,0.130000
sweet,ADJ,67903,1402,j,0.160000
failure,NOUN,67885,1403,n,0.050000
reporter,NOUN,67831,1404,n,0.160000
commit,VERB,67792,1405,v,0.020000
fight,NOUN,67767,1406,n,0.040000
one,NOUN,67755,1407,n,0.020000
associate,VERB,67750,1408,v,0.020000
vision,NOUN,67714,1409,n,0.080000
function,NOUN,67710,1410,n,0.020000
truly,ADV,67680,1411,r,0.050000
sick,ADJ,67645,1412,j,0.050000
average,ADJ,67618,1413,j,0.060000
human,NOUN,67605,1414,n,0.090000
stupid,ADJ,67597,1415,j,0.080000
will,NOUN,67581,1416,n,0.020000
chinese,ADJ,67573,1417,j,1.000000
connection,NOUN,67550,1418,n,0.050000
camp,NOUN,67510,1419,n,0.090000
stone,NOUN,67456,1420,n,0.290000
hundred,NOUN,67455,1421,n,0.060000
key,NOUN,67404,1422,n,0.100000
truck,NOUN,67403,1423,n,0.050000
afternoon,NOUN,67378,1424,n,0.040000
responsible,ADJ,67329,1425,j,0.020000
secretary,NOUN,67325,1426,n,0.500000
apparently,ADV,67248,1427,r,0.240000
smart,ADJ,67232,1428,j,0.060000
southern,ADJ,67179,1429,j,0.550000
totally,ADV,67117,1430,r,0.080000
western,ADJ,67085,1431,j,0.650000
collect,VERB,67062,1432,v,0.030000
conflict,NOUN,67061,1433,n,0.050000
burn,VERB,66886,1434,v,0.050000
learning,NOUN,66879,1435,n,0.100000
wake,VERB,66773,1436,v,0.130000
contribute,VERB,66772,1437,v,0.040000
ride,VERB,66723,1438,v,0.050000
british,ADJ,66700,1439,j,0.990000
following,ADJ,66684,1440,j,0.010000
order,VERB,66657,1441,v,0.030000
share,NOUN,66642,1442,n,0.060000
newspaper,NOUN,66598,1443,n,0.060000
foundation,NOUN,66578,1444,n,0.490000
variety,NOUN,66555,1445,n,0.040000
perspective,NOUN,66540,1446,n,0.060000
document,NOUN,66467,1447,n,0.050000
presence,NOUN,66412,1448,n,0.030000
stare,VERB,66392,1449,v,0.020000
lesson,NOUN,66252,1450,n,0.080000
limit,VERB,66220,1451,v,0.020000
appreciate,VERB,66216,1452,v,0.050000
complete,ADJ,66198,1453,j,0.060000
observe,VERB,66197,1454,v,0.030000
currently,ADV,66051,1455,r,0.120000
fun,ADJ,65982,1457,j,0.050000
crowd,NOUN,65965,1458,n,0.050000
attack,VERB,65959,1459,v,0.030000
apartment,NOUN,65884,1460,n,0.060000
survive,VERB,65838,1461,v,0.020000
guest,NOUN,65818,1462,n,0.080000
soul,NOUN,65749,1463,n,0.100000
protection,NOUN,65690,1464,n,0.180000
intelligence,NOUN,65687,1465,n,0.190000
yesterday,ADV,65635,1466,r,0.140000
somewhere,ADV,65620,1467,r,0.100000
border,NOUN,65422,1468,n,0.070000
reading,NOUN,65417,1469,n,0.030000
leadership,NOUN,65396,1471,n,0.090000
present,ADJ,65336,1472,j,0.020000
chief,NOUN,65311,1473,n,0.410000
attitude,NOUN,65288,1474,n,0.040000
start,NOUN,65218,1475,n,0.100000
deny,VERB,64887,1477,v,0.020000
website,NOUN,64875,1478,n,0.050000
seriously,ADV,64827,1479,r,0.210000
actual,ADJ,64818,1480,j,0.030000
recall,VERB,64789,1481,v,0.040000
fix,VERB,64728,1482,v,0.050000
negative,ADJ,64601,1483,j,0.050000
connect,VERB,64462,1484,v,0.050000
distance,NOUN,64404,1485,n,0.040000
regular,ADJ,64293,1486,j,0.040000
climate,NOUN,64223,1487,n,0.120000
relation,NOUN,64199,1488,n,0.120000
flight,NOUN,64148,1489,n,0.120000
dangerous,ADJ,64067,1490,j,0.040000
boat,NOUN,64026,1491,n,0.060000
aspect,NOUN,63967,1492,n,0.020000
grab,VERB,63946,1493,v,0.090000
favorite,ADJ,63804,1495,j,0.060000
like,ADV,63748,1496,r,0.030000
january,NOUN,63714,1497,n,0.000000
independent,ADJ,63631,1498,j,0.080000
volume,NOUN,63626,1499,n,0.260000
front,ADJ,63594,1502,j,0.060000
online,ADJ,63564,1503,j,0.090000
theater,NOUN,63549,1504,n,0.280000
speed,NOUN,63502,1505,n,0.070000
aware,ADJ,63488,1506,j,0.010000
identity,NOUN,63440,1507,n,0.060000
demand,NOUN,63402,1508,n,0.020000
extra,ADJ,63392,1509,j,0.040000
charge,VERB,63379,1510,v,0.020000
guard,NOUN,63290,1511,n,0.280000
demonstrate,VERB,63269,1512,v,0.010000
fully,ADV,63238,1513,r,0.020000
tuesday,NOUN,63179,1514,n,0.000000
facility,NOUN,63117,1515,n,0.050000
farm,NOUN,62942,1516,n,0.190000
mind,VERB,62869,1517,v,0.080000
fun,NOUN,62839,1518,n,0.060000
hire,VERB,62794,1521,v,0.030000
light,ADJ,62687,1522,j,0.080000
link,NOUN,62629,1523,n,0.090000
shoe,NOUN,62523,1524,n,0.060000
institute,NOUN,62451,1525,n,0.880000
below,ADV,62313,1526,r,0.100000
living,NOUN,62299,1527,n,0.080000
european,ADJ,62156,1528,j,0.990000
quarter,NOUN,62138,1529,n,0.060000
basically,ADV,62046,1530,r,0.140000
forest,NOUN,61942,1531,n,0.270000
multiple,ADJ,61694,1532,j,0.090000
poll,NOUN,61677,1533,n,0.080000
wild,ADJ,61605,1534,j,0.230000
measure,VERB,61601,1535,v,0.050000
twice,ADV,61563,1536,r,0.070000
cross,VERB,61522,1537,v,0.060000
background,NOUN,61431,1538,n,0.070000
settle,VERB,61424,1539,v,0.040000
winter,NOUN,61394,1540,n,0.140000
focus,NOUN,61392,1541,n,0.050000
presidential,ADJ,61351,1542,j,0.170000
operate,VERB,61296,1543,v,0.020000
fuck,VERB,61292,1544,v,0.480000
view,VERB,61111,1545,v,0.040000
daily,ADJ,61083,1546,j,0.180000
shop,NOUN,61038,1547,n,0.100000
above,ADV,61018,1548,r,0.080000
division,NOUN,60892,1549,n,0.360000
slowly,ADV,60889,1550,r,0.090000
advice,NOUN,60861,1551,n,0.040000
reaction,NOUN,60811,1552,n,0.030000
injury,NOUN,60769,1553,n,0.040000
ticket,NOUN,60721,1555,n,0.110000
grade,NOUN,60710,1556,n,0.090000
birth,NOUN,60673,1558,n,0.050000
painting,NOUN,60548,1559,n,0.050000
outcome,NOUN,60498,1560,n,0.040000
enemy,NOUN,60473,1561,n,0.050000
damage,NOUN,60384,1562,n,0.020000
being,NOUN,60354,1563,n,0.020000
storm,NOUN,60280,1564,n,0.140000
shape,NOUN,60252,1565,n,0.040000
bowl,NOUN,60234,1566,n,0.370000
commission,NOUN,60218,1567,n,0.540000
captain,NOUN,60187,1568,n,0.620000
ear,NOUN,60160,1569,n,0.030000
troop,NOUN,60133,1570,n,0.040000
female,ADJ,60116,1571,j,0.080000
wood,NOUN,60115,1572,n,0.040000
warm,ADJ,60062,1573,j,0.050000
clean,ADJ,60059,1574,j,0.120000
lead,NOUN,59773,1575,n,0.040000
minister,NOUN,59752,1576,n,0.420000
neighbor,NOUN,59746,1577,n,0.040000
tiny,ADJ,59714,1578,j,0.060000
mental,ADJ,59701,1579,j,0.100000
software,NOUN,59696,1580,n,0.090000
glad,ADJ,59681,1581,j,0.110000
finding,NOUN,59632,1582,n,0.060000
lord,NOUN,59563,1583,n,0.810000
drive,NOUN,59524,1584,n,0.180000
temperature,NOUN,59493,1585,n,0.040000
quiet,ADJ,59485,1586,j,0.080000
spread,VERB,59483,1587,v,0.070000
bright,ADJ,59449,1588,j,0.060000
cut,NOUN,59434,1589,n,0.050000
influence,NOUN,59350,1590,n,0.030000
kick,VERB,59307,1591,v,0.060000
annual,ADJ,59301,1592,j,0.120000
procedure,NOUN,59288,1593,n,0.080000
respect,NOUN,59226,1594,n,0.030000
wave,NOUN,59169,1595,n,0.080000
tradition,NOUN,59099,1596,n,0.050000
threaten,VERB,59034,1597,v,0.010000
primary,ADJ,58990,1598,j,0.050000
strange,ADJ,58863,1599,j,0.070000
actor,NOUN,58856,1600,n,0.110000
blame,VERB,58815,1601,v,0.040000
active,ADJ,58801,1602,j,0.050000
cat,NOUN,58763,1603,n,0.190000
depend,VERB,58725,1604,v,0.040000
bus,NOUN,58707,1605,n,0.060000
clothes,NOUN,58660,1606,n,0.030000
affair,NOUN,58553,1607,n,0.220000
contact,NOUN,58518,1608,n,0.050000
category,NOUN,58470,1609,n,0.060000
topic,NOUN,58410,1610,n,0.050000
victory,NOUN,58342,1611,n,0.060000
direct,ADJ,58289,1612,j,0.060000
map,NOUN,58218,1614,n,0.160000
egg,NOUN,58198,1615,n,0.070000
ensure,VERB,58156,1616,v,0.020000
general,NOUN,58129,1617,n,0.580000
expression,NOUN,58120,1618,n,0.020000
session,NOUN,58108,1620,n,0.110000
competition,NOUN,58102,1621,n,0.070000
possibly,ADV,58071,1622,r,0.060000
technique,NOUN,58028,1623,n,0.030000
average,NOUN,57985,1625,n,0.180000
intend,VERB,57970,1626,v,0.010000
impossible,ADJ,57892,1627,j,0.050000
moral,ADJ,57787,1628,j,0.050000
academic,ADJ,57717,1629,j,0.090000
wine,NOUN,57614,1630,n,0.100000
approach,VERB,57607,1631,v,0.020000
somehow,ADV,57596,1632,r,0.140000
gather,VERB,57562,1633,v,0.040000
scientific,ADJ,57547,1634,j,0.110000
african,ADJ,57497,1635,j,1.000000
cook,VERB,57383,1636,v,0.110000
participate,VERB,57361,1637,v,0.010000
gay,ADJ,57195,1638,j,0.090000
appropriate,ADJ,57163,1639,j,0.020000
youth,NOUN,57132,1640,n,0.150000
dress,VERB,56967,1641,v,0.080000
straight,ADV,56942,1642,r,0.060000
weather,NOUN,56939,1643,n,0.110000
recommend,VERB,56938,1644,v,0.040000
medicine,NOUN,56814,1645,n,0.280000
novel,NOUN,56709,1646,n,0.030000
obvious,ADJ,56696,1647,j,0.010000
thursday,NOUN,56611,1648,n,0.000000
exchange,NOUN,56534,1649,n,0.170000
explore,VERB,56474,1650,v,0.060000
extend,VERB,56458,1651,v,0.030000
bay,NOUN,56420,1652,n,0.740000
invite,VERB,56415,1653,v,0.030000
tie,VERB,56394,1654,v,0.050000
belong,VERB,56342,1656,v,0.020000
obtain,VERB,56312,1657,v,0.010000
broad,ADJ,56310,1658,j,0.010000
conclusion,NOUN,56296,1659,n,0.180000
progress,NOUN,56162,1660,n,0.090000
surprise,NOUN,56116,1661,n,0.050000
assessment,NOUN,55956,1662,n,0.130000
smile,NOUN,55936,1663,n,0.030000
feature,VERB,55868,1664,v,0.040000
cash,NOUN,55856,1665,n,0.100000
defend,VERB,55825,1666,v,0.030000
pound,NOUN,55670,1667,n,0.040000
correct,ADJ,55632,1668,j,0.080000
married,ADJ,55629,1669,j,0.060000
pair,NOUN,55530,1670,n,0.030000
slightly,ADV,55389,1671,r,0.020000
loan,NOUN,55348,1672,n,0.060000
village,NOUN,55217,1673,n,0.130000
half,NOUN,55207,1674,n,0.020000
suit,NOUN,55200,1675,n,0.030000
demand,VERB,55168,1676,v,0.030000
historical,ADJ,55028,1677,j,0.130000
meaning,NOUN,55014,1678,n,0.050000
attempt,VERB,54992,1679,v,0.020000
supply,NOUN,54988,1680,n,0.040000
lift,VERB,54954,1681,v,0.060000
honey,NOUN,54912,1683,n,0.340000
bone,NOUN,54911,1684,n,0.120000
consequence,NOUN,54883,1685,n,0.020000
unique,ADJ,54827,1686,j,0.020000
regulation,NOUN,54726,1688,n,0.070000
award,NOUN,54712,1689,n,0.440000
bottom,NOUN,54701,1690,n,0.060000
excuse,VERB,54672,1691,v,0.690000
familiar,ADJ,54651,1692,j,0.010000
classroom,NOUN,54542,1693,n,0.050000
search,VERB,54487,1694,v,0.080000
reference,NOUN,54390,1695,n,0.140000
emerge,VERB,54379,1696,v,0.010000
lunch,NOUN,54300,1698,n,0.080000
judge,VERB,54271,1699,v,0.270000
ad,NOUN,54265,1700,n,0.080000
desire,NOUN,54265,1701,n,0.030000
instruction,NOUN,54207,1702,n,0.070000
emergency,NOUN,54204,1703,n,0.130000
thinking,NOUN,54200,1704,n,0.050000
tour,NOUN,54157,1705,n,0.070000
combine,VERB,54133,1707,v,0.120000
french,ADJ,54133,1706,j,0.960000
moon,NOUN,54069,1708,n,0.380000
sad,ADJ,54041,1709,j,0.070000
address,NOUN,54018,1710,n,0.070000
december,NOUN,53957,1711,n,0.000000
anywhere,ADV,53945,1712,r,0.040000
chicken,NOUN,53916,1713,n,0.130000
fuel,NOUN,53882,1714,n,0.050000
train,VERB,53865,1715,v,0.040000
abuse,NOUN,53777,1716,n,0.070000
construction,NOUN,53745,1717,n,0.090000
link,VERB,53674,1719,v,0.050000
deserve,VERB,53654,1720,v,0.010000
famous,ADJ,53575,1721,j,0.050000
intervention,NOUN,53351,1722,n,0.060000
grand,ADJ,53325,1723,j,0.340000
visit,NOUN,53262,1724,n,0.020000
confirm,VERB,53256,1725,v,0.020000
lucky,ADJ,53231,1726,j,0.160000
insist,VERB,53141,1727,v,0.010000
coast,NOUN,53114,1728,n,0.470000
proud,ADJ,53067,1729,j,0.040000
cover,NOUN,53057,1730,n,0.050000
cop,NOUN,52982,1732,n,0.100000
angry,ADJ,52980,1733,j,0.060000
native,ADJ,52950,1734,j,0.400000
supreme,ADJ,52933,1735,j,0.860000
baseball,NOUN,52864,1736,n,0.160000
email,NOUN,52826,1738,n,0.080000
accident,NOUN,52784,1739,n,0.030000
front,NOUN,52764,1740,n,0.080000
duty,NOUN,52673,1741,n,0.060000
growing,ADJ,52661,1742,j,0.030000
struggle,VERB,52598,1743,v,0.020000
revenue,NOUN,52579,1744,n,0.100000
expand,VERB,52529,1745,v,0.030000
chief,ADJ,52508,1746,j,0.250000
launch,VERB,52479,1747,v,0.040000
trend,NOUN,52452,1748,n,0.070000
ring,NOUN,52405,1749,n,0.130000
repeat,VERB,52290,1750,v,0.110000
breath,NOUN,52280,1751,n,0.020000
inch,NOUN,52275,1752,n,0.020000
neck,NOUN,52214,1753,n,0.040000
core,NOUN,52195,1754,n,0.110000
terrible,ADJ,52179,1755,j,0.050000
billion,NOUN,52087,1756,n,0.030000
relatively,ADV,52070,1757,r,0.010000
complex,ADJ,51957,1758,j,0.020000
press,VERB,51939,1759,v,0.120000
miss,NOUN,51928,1760,n,0.900000
slow,ADJ,51880,1761,j,0.060000
soft,ADJ,51824,1762,j,0.050000
generate,VERB,51796,1763,v,0.010000
extremely,ADV,51789,1764,r,0.030000
last,VERB,51774,1765,v,0.040000
drink,NOUN,51766,1766,n,0.040000
forever,ADV,51747,1767,r,0.090000
corporate,ADJ,51712,1768,j,0.100000
deep,ADV,51692,1769,r,0.070000
prefer,VERB,51684,1770,v,0.010000
cheap,ADJ,51588,1772,j,0.050000
literature,NOUN,51523,1773,n,0.110000
direct,VERB,51486,1774,v,0.050000
mayor,NOUN,51481,1775,n,0.460000
male,ADJ,51453,1776,j,0.080000
importance,NOUN,51419,1777,n,0.030000
record,VERB,51375,1778,v,0.040000
danger,NOUN,51331,1779,n,0.040000
emotional,ADJ,51327,1780,j,0.040000
knee,NOUN,51298,1781,n,0.030000
ass,NOUN,51238,1782,n,0.040000
capture,VERB,51215,1783,v,0.030000
traffic,NOUN,51138,1784,n,0.080000
fucking,ADJ,51076,1785,j,0.090000
outside,ADV,51030,1786,r,0.080000
train,NOUN,50975,1788,n,0.070000
plate,NOUN,50934,1789,n,0.050000
equipment,NOUN,50894,1790,n,0.040000
select,VERB,50804,1791,v,0.060000
file,VERB,50771,1792,v,0.030000
studio,NOUN,50758,1793,n,0.200000
expensive,ADJ,50744,1794,j,0.030000
secret,NOUN,50730,1795,n,0.100000
engine,NOUN,50724,1796,n,0.070000
adopt,VERB,50605,1797,v,0.020000
luck,NOUN,50589,1798,n,0.080000
panel,NOUN,50544,1801,n,0.100000
hero,NOUN,50520,1802,n,0.130000
circle,NOUN,50510,1803,n,0.180000
critic,NOUN,50462,1804,n,0.140000
solve,VERB,50437,1805,v,0.030000
busy,ADJ,50363,1806,j,0.030000
episode,NOUN,50354,1807,n,0.080000
back,VERB,50340,1808,v,0.090000
check,NOUN,50298,1809,n,0.050000
requirement,NOUN,50272,1810,n,0.030000
politician,NOUN,50171,1811,n,0.050000
rain,NOUN,50093,1812,n,0.110000
colleague,NOUN,50084,1813,n,0.010000
disappear,VERB,50053,1814,v,0.020000
beer,NOUN,50024,1815,n,0.100000
predict,VERB,50013,1816,v,0.020000
exercise,NOUN,49985,1817,n,0.060000
tired,ADJ,49972,1818,j,0.040000
democracy,NOUN,49951,1819,n,0.130000
ultimately,ADV,49899,1820,r,0.180000
setting,NOUN,49873,1821,n,0.050000
honor,NOUN,49871,1822,n,0.250000
works,NOUN,49867,1823,n,0.060000
unfortunately,ADV,49863,1824,r,0.670000
theme,NOUN,49821,1825,n,0.050000
issue,VERB,49792,1826,v,0.030000
male,NOUN,49791,1827,n,0.190000
clean,VERB,49764,1828,v,0.060000
united,ADJ,49746,1829,j,0.930000
pool,NOUN,49670,1830,n,0.060000
educational,ADJ,49636,1831,j,0.150000
empty,ADJ,49565,1832,j,0.040000
comfortable,ADJ,49532,1833,j,0.010000
investigate,VERB,49473,1834,v,0.020000
useful,ADJ,49468,1835,j,0.030000
pocket,NOUN,49462,1836,n,0.040000
digital,ADJ,49461,1837,j,0.180000
entirely,ADV,49352,1839,r,0.010000
fear,VERB,49288,1840,v,0.070000
afford,VERB,49246,1841,v,0.010000
sugar,NOUN,49230,1842,n,0.130000
teaching,NOUN,49167,1843,n,0.040000
conservative,ADJ,49144,1844,j,0.090000
chairman,NOUN,49123,1845,n,0.310000
error,NOUN,49042,1846,n,0.040000
bridge,NOUN,49030,1847,n,0.250000
tall,ADJ,48978,1848,j,0.060000
specifically,ADV,48927,1849,r,0.160000
flower,NOUN,48912,1850,n,0.110000
though,ADV,48909,1851,r,0.010000
universe,NOUN,48854,1852,n,0.130000
live,ADJ,48836,1853,j,0.160000
acknowledge,VERB,48811,1854,v,0.020000
limit,NOUN,48738,1855,n,0.040000
coverage,NOUN,48693,1856,n,0.030000
crew,NOUN,48673,1857,n,0.040000
locate,VERB,48581,1858,v,0.060000
balance,NOUN,48537,1859,n,0.050000
equal,ADJ,48522,1860,j,0.060000
lip,NOUN,48507,1861,n,0.050000
lean,VERB,48484,1862,v,0.050000
zone,NOUN,48403,1863,n,0.180000
copy,NOUN,48365,1865,n,0.030000
wedding,NOUN,48365,1864,n,0.070000
score,VERB,48316,1866,v,0.050000
joke,NOUN,48299,1867,n,0.030000
used,ADJ,48287,1868,j,0.020000
clear,VERB,48273,1869,v,0.090000
bear,VERB,48272,1870,v,0.060000
meal,NOUN,48158,1871,n,0.050000
review,VERB,48123,1872,v,0.130000
minority,NOUN,48052,1873,n,0.090000
sight,NOUN,48022,1874,n,0.030000
sleep,NOUN,48020,1875,n,0.060000
russian,ADJ,48001,1876,j,1.000000
dress,NOUN,47994,1877,n,0.030000
release,NOUN,47967,1878,n,0.040000
soviet,ADJ,47917,1879,j,1.000000
profit,NOUN,47886,1880,n,0.040000
challenge,VERB,47854,1881,v,0.040000
careful,ADJ,47847,1882,j,0.100000
gender,NOUN,47825,1883,n,0.100000
tape,NOUN,47805,1884,n,0.040000
ocean,NOUN,47773,1885,n,0.250000
unidentified,ADJ,47748,1886,j,0.940000
host,NOUN,47739,1887,n,0.060000
grant,VERB,47729,1888,v,0.130000
circumstance,NOUN,47687,1889,n,0.010000
late,ADV,47682,1890,r,0.090000
boss,NOUN,47643,1891,n,0.120000
declare,VERB,47594,1892,v,0.020000
domestic,ADJ,47518,1893,j,0.070000
tea,NOUN,47503,1894,n,0.270000
organize,VERB,47499,1895,v,0.040000
english,ADJ,47464,1896,j,0.970000
neither,ADV,47463,1897,r,0.220000
official,ADJ,47368,1899,j,0.060000
surround,VERB,47314,1900,v,0.030000
manner,NOUN,47282,1901,n,0.010000
surprised,ADJ,47267,1902,j,0.020000
percentage,NOUN,47208,1903,n,0.060000
massive,ADJ,47167,1904,j,0.040000
cloud,NOUN,47140,1905,n,0.130000
winner,NOUN,47124,1906,n,0.120000
honest,ADJ,47105,1907,j,0.050000
standard,ADJ,47085,1908,j,0.150000
propose,VERB,47044,1909,v,0.010000
rely,VERB,47026,1910,v,0.020000
sentence,NOUN,46932,1912,n,0.020000
request,NOUN,46865,1913,n,0.030000
appearance,NOUN,46855,1914,n,0.020000
excellent,ADJ,46847,1916,j,0.180000
criminal,ADJ,46839,1917,j,0.110000
salt,NOUN,46825,1918,n,0.120000
beauty,NOUN,46819,1919,n,0.150000
bottle,NOUN,46801,1920,n,0.030000
component,NOUN,46800,1921,n,0.040000
under,ADV,46799,1922,r,0.040000
fee,NOUN,46768,1923,n,0.050000
jewish,ADJ,46702,1924,j,0.990000
dry,ADJ,46604,1926,j,0.060000
dance,NOUN,46601,1927,n,0.160000
shirt,NOUN,46579,1928,n,0.030000
tip,NOUN,46537,1929,n,0.110000
plastic,NOUN,46455,1930,n,0.060000
indian,ADJ,46454,1931,j,0.990000
mark,VERB,46427,1932,v,0.080000
tooth,NOUN,46405,1933,n,0.040000
meat,NOUN,46401,1934,n,0.060000
stress,NOUN,46396,1935,n,0.070000
illegal,ADJ,46386,1936,j,0.040000
february,NOUN,46378,1938,n,0.000000
significantly,ADV,46378,1937,r,0.030000
constitution,NOUN,46355,1939,n,0.680000
definition,NOUN,46347,1940,n,0.050000
uncle,NOUN,46291,1941,n,0.520000
metal,NOUN,46260,1942,n,0.070000
album,NOUN,46247,1943,n,0.050000
self,NOUN,46225,1944,n,0.090000
suppose,VERB,46217,1945,v,0.110000
investor,NOUN,46202,1946,n,0.100000
fruit,NOUN,46189,1947,n,0.080000
holy,ADJ,46164,1948,j,0.610000
desk,NOUN,46133,1949,n,0.030000
eastern,ADJ,46071,1950,j,0.620000
valley,NOUN,46050,1951,n,0.640000
largely,ADV,46002,1952,r,0.010000
abortion,NOUN,45934,1953,n,0.050000
chapter,NOUN,45911,1954,n,0.310000
commitment,NOUN,45809,1955,n,0.030000
celebrate,VERB,45778,1956,v,0.050000
arrest,VERB,45707,1957,v,0.050000
dance,VERB,45680,1958,v,0.120000
prime,ADJ,45667,1959,j,0.400000
urban,ADJ,45632,1960,j,0.170000
internal,ADJ,45614,1961,j,0.120000
bother,VERB,45596,1962,v,0.010000
proposal,NOUN,45546,1963,n,0.040000
shift,VERB,45537,1964,v,0.040000
capacity,NOUN,45515,1965,n,0.020000
guilty,ADJ,45494,1966,j,0.060000
warn,VERB,45485,1967,v,0.020000
influence,VERB,45471,1968,v,0.020000
weak,ADJ,45461,1969,j,0.030000
catholic,ADJ,45444,1971,j,0.970000
nose,NOUN,45433,1972,n,0.030000
variable,NOUN,45399,1973,n,0.050000
convention,NOUN,45389,1974,n,0.340000
jury,NOUN,45342,1975,n,0.050000
root,NOUN,45327,1976,n,0.090000
incident,NOUN,45300,1977,n,0.030000
climb,VERB,45263,1978,v,0.040000
hearing,NOUN,45235,1979,n,0.040000
everywhere,ADV,45191,1980,r,0.090000
payment,NOUN,45132,1981,n,0.040000
bear,NOUN,45125,1982,n,0.420000
conclude,VERB,45116,1983,v,0.010000
scream,VERB,45103,1984,v,0.120000
surgery,NOUN,45042,1985,n,0.060000
shadow,NOUN,45022,1986,n,0.150000
witness,NOUN,44979,1987,n,0.080000
increasingly,ADV,44978,1988,r,0.050000
chest,NOUN,44918,1989,n,0.030000
amendment,NOUN,44879,1990,n,0.530000
paint,VERB,44842,1991,v,0.040000
secret,ADJ,44837,1992,j,0.220000
complain,VERB,44829,1993,v,0.010000
extent,NOUN,44804,1994,n,0.010000
pleasure,NOUN,44800,1995,n,0.070000
nod,VERB,44778,1996,v,0.020000
holiday,NOUN,44775,1997,n,0.140000
super,ADJ,44696,1998,j,0.540000
talent,NOUN,44687,1999,n,0.050000
necessarily,ADV,44682,2000,r,0.000000
liberal,ADJ,44658,2001,j,0.100000
expectation,NOUN,44646,2002,n,0.030000
ride,NOUN,44508,2003,n,0.060000
accuse,VERB,44491,2004,v,0.020000
knock,VERB,44485,2005,v,0.080000
previously,ADV,44480,2006,r,0.120000
wing,NOUN,44427,2007,n,0.170000
corporation,NOUN,44407,2008,n,0.270000
sector,NOUN,44401,2009,n,0.050000
experiment,NOUN,44341,2011,n,0.080000
fat,NOUN,44341,2010,n,0.140000
match,VERB,44314,2012,v,0.030000
thin,ADJ,44274,2013,j,0.050000
farmer,NOUN,44255,2014,n,0.130000
rare,ADJ,44243,2015,j,0.040000
confidence,NOUN,44154,2017,n,0.030000
bunch,NOUN,43989,2018,n,0.050000
bet,VERB,43896,2019,v,0.080000
cite,VERB,43809,2020,v,0.060000
northern,ADJ,43805,2021,j,0.410000
speaker,NOUN,43781,2022,n,0.270000
breast,NOUN,43780,2023,n,0.070000
contribution,NOUN,43738,2024,n,0.040000
leaf,NOUN,43674,2025,n,0.090000
creative,ADJ,43673,2026,j,0.120000
interaction,NOUN,43639,2027,n,0.040000
hat,NOUN,43629,2028,n,0.080000
doubt,NOUN,43620,2029,n,0.020000
promise,NOUN,43606,2030,n,0.060000
pursue,VERB,43595,2031,v,0.010000
overall,ADJ,43582,2032,j,0.030000
nurse,NOUN,43524,2033,n,0.140000
question,VERB,43506,2034,v,0.020000
long-term,ADJ,43471,2035,j,0.050000
gene,NOUN,43463,2036,n,0.070000
package,NOUN,43448,2037,n,0.030000
weird,ADJ,43433,2038,j,0.070000
difficulty,NOUN,43423,2039,n,0.020000
hardly,ADV,43416,2040,r,0.070000
daddy,NOUN,43376,2041,n,0.650000
estimate,VERB,43344,2042,v,0.030000
list,VERB,43341,2043,v,0.030000
era,NOUN,43331,2044,n,0.070000
comment,VERB,43256,2045,v,0.150000
aid,NOUN,43250,2046,n,0.100000
invest,VERB,43235,2048,v,0.050000
personally,ADV,43235,2049,r,0.170000
notion,NOUN,43225,2050,n,0.010000
explanation,NOUN,43197,2051,n,0.020000
airport,NOUN,43177,2052,n,0.240000
chain,NOUN,43156,2053,n,0.050000
expose,VERB,43119,2054,v,0.020000
lock,VERB,43093,2055,v,0.060000
convince,VERB,43085,2056,v,0.010000
channel,NOUN,43041,2057,n,0.290000
carefully,ADV,43034,2058,r,0.040000
tear,NOUN,43024,2059,n,0.090000
estate,NOUN,43023,2060,n,0.120000
initial,ADJ,42971,2061,j,0.040000
offer,NOUN,42944,2062,n,0.030000
purchase,VERB,42921,2063,v,0.030000
guide,NOUN,42871,2064,n,0.260000
forth,ADV,42832,2065,r,0.010000
bond,NOUN,42742,2067,n,0.130000
birthday,NOUN,42727,2068,n,0.080000
travel,NOUN,42709,2069,n,0.110000
pray,VERB,42700,2070,v,0.080000
improvement,NOUN,42657,2071,n,0.070000
ancient,ADJ,42623,2072,j,0.100000
ought,VERB,42597,2073,v,0.020000
escape,VERB,42473,2074,v,0.030000
trail,NOUN,42439,2075,n,0.200000
brown,ADJ,42423,2076,j,0.080000
fashion,NOUN,42405,2077,n,0.110000
length,NOUN,42379,2078,n,0.040000
sheet,NOUN,42366,2079,n,0.060000
funding,NOUN,42356,2080,n,0.050000
meanwhile,ADV,42307,2081,r,0.780000
fault,NOUN,42283,2082,n,0.030000
barely,ADV,42258,2083,r,0.040000
eliminate,VERB,42246,2084,v,0.040000
motion,NOUN,42232,2085,n,0.080000
essential,ADJ,42222,2086,j,0.040000
apart,ADV,42168,2087,r,0.020000
combination,NOUN,42138,2088,n,0.010000
limited,ADJ,42129,2089,j,0.070000
description,NOUN,42091,2090,n,0.140000
mix,VERB,42079,2091,v,0.100000
snow,NOUN,42027,2092,n,0.010000
implement,VERB,42004,2093,v,0.020000
pretty,ADJ,41937,2094,j,0.100000
proper,ADJ,41810,2095,j,0.030000
part,ADV,41783,2096,r,0.030000
marketing,NOUN,41781,2097,n,0.120000
approve,VERB,41740,2098,v,0.010000
bomb,NOUN,41679,2100,n,0.050000
slip,VERB,41664,2101,v,0.030000
regional,ADJ,41656,2102,j,0.180000
lack,VERB,41652,2103,v,0.030000
muscle,NOUN,41650,2104,n,0.040000
contact,VERB,41609,2105,v,0.170000
rise,NOUN,41609,2106,n,0.080000
likely,ADV,41540,2108,r,0.010000
creation,NOUN,41523,2109,n,0.070000
typically,ADV,41485,2110,r,0.110000
spending,NOUN,41483,2111,n,0.020000
instrument,NOUN,41473,2112,n,0.070000
mass,NOUN,41453,2113,n,0.130000
thick,ADJ,41420,2115,j,0.030000
kiss,VERB,41405,2116,v,0.090000
increased,ADJ,41356,2117,j,0.050000
inspire,VERB,41223,2118,v,0.050000
separate,ADJ,41176,2119,j,0.020000
noise,NOUN,41144,2120,n,0.060000
yellow,ADJ,41133,2121,j,0.140000
aim,VERB,41126,2122,v,0.040000
e-mail,NOUN,41092,2123,n,0.120000
cycle,NOUN,41088,2124,n,0.050000
signal,NOUN,41085,2125,n,0.050000
app,NOUN,41082,2126,n,0.060000
golden,ADJ,41056,2127,j,0.450000
reject,VERB,41033,2128,v,0.020000
inform,VERB,41031,2129,v,0.020000
perception,NOUN,41010,2130,n,0.050000
visitor,NOUN,41006,2131,n,0.120000
cast,VERB,41004,2132,v,0.050000
contrast,NOUN,40982,2133,n,0.010000
judgment,NOUN,40961,2134,n,0.050000
mean,ADJ,40927,2135,j,0.090000
rest,VERB,40908,2136,v,0.070000
representative,NOUN,40894,2137,n,0.280000
pass,NOUN,40865,2138,n,0.110000
regime,NOUN,40863,2139,n,0.030000
merely,ADV,40843,2140,r,0.020000
producer,NOUN,40843,2141,n,0.080000
route,NOUN,40816,2143,n,0.150000
lie,NOUN,40794,2144,n,0.070000
analyst,NOUN,40785,2146,n,0.130000
typical,ADJ,40785,2145,j,0.070000
account,VERB,40739,2147,v,0.030000
elect,VERB,40738,2148,v,0.020000
smell,VERB,40735,2149,v,0.060000
female,NOUN,40661,2150,n,0.140000
living,ADJ,40560,2151,j,0.100000
disability,NOUN,40559,2152,n,0.130000
comparison,NOUN,40525,2153,n,0.080000
hand,VERB,40469,2154,v,0.030000
rating,NOUN,40458,2155,n,0.160000
campus,NOUN,40453,2156,n,0.070000
assess,VERB,40352,2157,v,0.050000
solid,ADJ,40301,2158,j,0.060000
branch,NOUN,40300,2159,n,0.140000
mad,ADJ,40286,2160,j,0.150000
somewhat,ADV,40283,2161,r,0.040000
gentleman,NOUN,40277,2162,n,0.190000
opposition,NOUN,40268,2163,n,0.040000
fast,ADJ,40261,2164,j,0.120000
suspect,VERB,40173,2165,v,0.020000
land,VERB,40144,2166,v,0.040000
hit,NOUN,40121,2167,n,0.050000
aside,ADV,40119,2168,r,0.010000
athlete,NOUN,40094,2169,n,0.060000
opening,NOUN,40053,2170,n,0.030000
prayer,NOUN,40037,2171,n,0.100000
frequently,ADV,40035,2172,r,0.040000
employ,VERB,40014,2173,v,0.020000
basketball,NOUN,40007,2174,n,0.110000
existing,ADJ,39974,2175,j,0.030000
revolution,NOUN,39959,2176,n,0.340000
click,VERB,39951,2177,v,0.270000
emotion,NOUN,39949,2178,n,0.040000
fuck,NOUN,39924,2179,n,0.060000
platform,NOUN,39915,2180,n,0.050000
behind,ADV,39874,2181,r,0.040000
frame,NOUN,39817,2182,n,0.070000
appeal,NOUN,39798,2183,n,0.150000
quote,VERB,39780,2184,v,0.080000
potential,NOUN,39779,2185,n,0.020000
struggle,NOUN,39777,2186,n,0.030000
brand,NOUN,39754,2187,n,0.070000
enable,VERB,39743,2188,v,0.020000
legislation,NOUN,39690,2189,n,0.030000
lab,NOUN,39668,2191,n,0.200000
oppose,VERB,39656,2192,v,0.020000
row,NOUN,39635,2193,n,0.090000
immigration,NOUN,39570,2194,n,0.140000
asset,NOUN,39563,2195,n,0.060000
observation,NOUN,39551,2196,n,0.050000
online,ADV,39528,2197,r,0.140000
taste,NOUN,39481,2198,n,0.080000
decline,VERB,39480,2199,v,0.010000
attract,VERB,39479,2200,v,0.010000
household,NOUN,39430,2203,n,0.050000
separate,VERB,39416,2204,v,0.030000
breathe,VERB,39322,2205,v,0.100000
existence,NOUN,39315,2206,n,0.010000
mirror,NOUN,39284,2207,n,0.080000
pilot,NOUN,39272,2208,n,0.110000
stand,NOUN,39230,2209,n,0.060000
relief,NOUN,39223,2210,n,0.080000
milk,NOUN,39204,2211,n,0.080000
warning,NOUN,39194,2212,n,0.090000
heaven,NOUN,39105,2213,n,0.250000
flow,NOUN,39098,2214,n,0.040000
literally,ADV,39094,2215,r,0.060000
quit,VERB,39091,2216,v,0.100000
calorie,NOUN,39066,2217,n,0.350000
seed,NOUN,39062,2218,n,0.090000
vast,ADJ,38988,2219,j,0.020000
bike,NOUN,38920,2220,n,0.080000
german,ADJ,38898,2221,j,1.000000
drag,VERB,38895,2223,v,0.030000
employer,NOUN,38895,2222,n,0.060000
technical,ADJ,38887,2224,j,0.120000
disaster,NOUN,38801,2225,n,0.060000
display,VERB,38757,2226,v,0.030000
sale,NOUN,38751,2227,n,0.040000
bathroom,NOUN,38712,2228,n,0.040000
succeed,VERB,38621,2229,v,0.020000
consistent,ADJ,38618,2230,j,0.050000
agenda,NOUN,38615,2231,n,0.070000
enforcement,NOUN,38612,2232,n,0.100000
diet,NOUN,38595,2233,n,0.100000
mark,NOUN,38593,2234,n,0.030000
silence,NOUN,38552,2235,n,0.120000
journalist,NOUN,38495,2236,n,0.080000
queen,NOUN,38445,2238,n,0.540000
divide,VERB,38426,2239,v,0.060000
expense,NOUN,38330,2240,n,0.020000
cream,NOUN,38234,2241,n,0.110000
exposure,NOUN,38231,2242,n,0.050000
priority,NOUN,38168,2243,n,0.060000
soil,NOUN,38159,2244,n,0.050000
angel,NOUN,38155,2245,n,0.450000
journey,NOUN,38098,2246,n,0.110000
trust,NOUN,38062,2247,n,0.190000
relevant,ADJ,38034,2248,j,0.020000
tank,NOUN,38032,2249,n,0.080000
cheese,NOUN,38025,2250,n,0.100000
schedule,NOUN,38022,2251,n,0.060000
bedroom,NOUN,37979,2252,n,0.080000
tone,NOUN,37956,2253,n,0.010000
selection,NOUN,37940,2254,n,0.060000
date,VERB,37929,2255,v,0.040000
perfectly,ADV,37923,2256,r,0.030000
wheel,NOUN,37921,2257,n,0.090000
gap,NOUN,37884,2258,n,0.120000
veteran,NOUN,37880,2259,n,0.220000
disagree,VERB,37874,2261,v,0.030000
characteristic,NOUN,37848,2262,n,0.060000
protein,NOUN,37846,2263,n,0.070000
resolution,NOUN,37841,2264,n,0.100000
whole,NOUN,37840,2265,n,0.010000
regard,VERB,37839,2266,v,0.020000
engineer,NOUN,37679,2268,n,0.150000
walk,NOUN,37624,2269,n,0.090000
dish,NOUN,37580,2270,n,0.050000
waste,NOUN,37529,2271,n,0.070000
print,NOUN,37504,2272,n,0.080000
depression,NOUN,37492,2273,n,0.240000
dude,NOUN,37467,2274,n,0.360000
fat,ADJ,37455,2275,j,0.150000
present,NOUN,37433,2276,n,0.050000
upper,ADJ,37419,2277,j,0.170000
wrap,VERB,37396,2278,v,0.060000
ceo,NOUN,37374,2279,n,0.990000
visual,ADJ,37347,2280,j,0.110000
initiative,NOUN,37346,2281,n,0.160000
rush,VERB,37327,2282,v,0.050000
gate,NOUN,37317,2283,n,0.240000
slow,VERB,37312,2284,v,0.080000
whenever,ADV,37287,2285,r,0.270000
entry,NOUN,37187,2286,n,0.070000
japanese,ADJ,37170,2287,j,0.990000
gray,ADJ,37161,2288,j,0.060000
assistance,NOUN,37154,2289,n,0.090000
height,NOUN,37131,2290,n,0.240000
compete,VERB,37112,2291,v,0.020000
rule,VERB,37088,2292,v,0.030000
due,ADJ,37060,2293,j,0.050000
essentially,ADV,37053,2294,r,0.080000
benefit,VERB,37025,2295,v,0.020000
phase,NOUN,37013,2296,n,0.110000
conservative,NOUN,36998,2297,n,0.130000
recover,VERB,36947,2298,v,0.020000
criticism,NOUN,36941,2299,n,0.040000
faculty,NOUN,36906,2300,n,0.100000
achievement,NOUN,36879,2301,n,0.090000
alcohol,NOUN,36823,2302,n,0.100000
therapy,NOUN,36823,2303,n,0.080000
offense,NOUN,36790,2304,n,0.010000
touch,NOUN,36766,2305,n,0.080000
killer,NOUN,36754,2306,n,0.110000
personality,NOUN,36750,2307,n,0.060000
landscape,NOUN,36719,2308,n,0.070000
deeply,ADV,36653,2309,r,0.020000
reasonable,ADJ,36622,2310,j,0.020000
suck,VERB,36572,2312,v,0.080000
transition,NOUN,36569,2313,n,0.060000
fairly,ADV,36548,2314,r,0.020000
column,NOUN,36526,2315,n,0.040000
wash,VERB,36491,2316,v,0.110000
button,NOUN,36451,2317,n,0.050000
opponent,NOUN,36412,2318,n,0.060000
pour,VERB,36412,2319,v,0.140000
immigrant,NOUN,36379,2320,n,0.040000
first,ADV,36365,2321,r,0.020000
distribution,NOUN,36338,2322,n,0.050000
golf,NOUN,36327,2323,n,0.220000
pregnant,ADJ,36303,2324,j,0.030000
unable,ADJ,36300,2325,j,0.060000
alternative,NOUN,36296,2326,n,0.040000
favorite,NOUN,36231,2327,n,0.030000
stop,NOUN,36214,2328,n,0.120000
violent,ADJ,36167,2329,j,0.040000
portion,NOUN,36150,2330,n,0.020000
acquire,VERB,36094,2331,v,0.020000
suicide,NOUN,36059,2332,n,0.070000
stretch,VERB,36058,2333,v,0.050000
deficit,NOUN,36029,2334,n,0.030000
symptom,NOUN,36021,2335,n,0.050000
solar,ADJ,35987,2336,j,0.140000
capable,ADJ,35954,2338,j,0.010000
complaint,NOUN,35954,2337,n,0.040000
analyze,VERB,35948,2339,v,0.030000
scared,ADJ,35867,2340,j,0.040000
supporter,NOUN,35863,2341,n,0.060000
dig,VERB,35841,2342,v,0.070000
philosophy,NOUN,35824,2345,n,0.090000
pretend,VERB,35824,2344,v,0.050000
childhood,NOUN,35815,2346,n,0.060000
lower,VERB,35791,2347,v,0.050000
well,NOUN,35789,2348,n,0.220000
outside,ADJ,35738,2349,j,0.040000
dark,NOUN,35705,2350,n,0.080000
wealth,NOUN,35662,2351,n,0.060000
welfare,NOUN,35639,2352,n,0.100000
poverty,NOUN,35629,2353,n,0.090000
prosecutor,NOUN,35613,2354,n,0.160000
spiritual,ADJ,35599,2355,j,0.060000
double,ADJ,35592,2356,j,0.130000
evaluate,VERB,35577,2357,v,0.030000
mass,ADJ,35566,2358,j,0.100000
israeli,ADJ,35547,2359,j,1.000000
shift,NOUN,35516,2360,n,0.020000
reply,VERB,35489,2361,v,0.050000
buck,NOUN,35423,2362,n,0.250000
display,NOUN,35418,2363,n,0.030000
knife,NOUN,35408,2364,n,0.050000
round,NOUN,35407,2365,n,0.020000
tech,NOUN,35394,2366,n,0.450000
detective,NOUN,35355,2367,n,0.430000
pack,VERB,35348,2368,v,0.070000
disorder,NOUN,35345,2369,n,0.100000
creature,NOUN,35342,2370,n,0.040000
tear,VERB,35320,2371,v,0.040000
closely,ADV,35294,2372,r,0.010000
industrial,ADJ,35272,2373,j,0.170000
housing,NOUN,35224,2374,n,0.130000
chip,NOUN,35203,2376,n,0.180000
watch,NOUN,35203,2375,n,0.180000
regardless,ADV,35166,2377,r,0.240000
numerous,ADJ,35164,2378,j,0.070000
tie,NOUN,35058,2379,n,0.040000
command,NOUN,35010,2381,n,0.150000
range,VERB,35010,2380,v,0.010000
shooting,NOUN,34970,2382,n,0.040000
pop,VERB,34932,2384,v,0.140000
layer,NOUN,34911,2385,n,0.040000
bread,NOUN,34840,2386,n,0.090000
exception,NOUN,34835,2387,n,0.030000
passion,NOUN,34825,2388,n,0.090000
block,VERB,34808,2389,v,0.030000
highway,NOUN,34789,2390,n,0.310000
pure,ADJ,34741,2391,j,0.100000
commander,NOUN,34731,2392,n,0.330000
extreme,ADJ,34678,2393,j,0.060000
publication,NOUN,34656,2394,n,0.130000
vice,ADJ,34652,2395,j,0.190000
fellow,ADJ,34637,2396,j,0.030000
win,NOUN,34613,2397,n,0.050000
mystery,NOUN,34553,2398,n,0.130000
championship,NOUN,34425,2399,n,0.300000
install,VERB,34402,2400,v,0.050000
tale,NOUN,34400,2401,n,0.150000
liberty,NOUN,34393,2402,n,0.350000
host,VERB,34350,2403,v,0.170000
passenger,NOUN,34335,2405,n,0.060000
physician,NOUN,34292,2406,n,0.100000
graduate,NOUN,34285,2407,n,0.080000
sharp,ADJ,34272,2408,j,0.040000
substance,NOUN,34262,2409,n,0.070000
atmosphere,NOUN,34247,2410,n,0.020000
stir,VERB,34231,2411,v,0.230000
muslim,ADJ,34226,2412,j,1.000000
passage,NOUN,34197,2413,n,0.060000
pepper,NOUN,34195,2414,n,0.110000
emphasize,VERB,34190,2415,v,0.020000
cable,NOUN,34164,2416,n,0.130000
square,NOUN,34163,2417,n,0.490000
recipe,NOUN,34098,2418,n,0.090000
load,VERB,34026,2419,v,0.290000
roof,NOUN,34005,2421,n,0.050000
vegetable,NOUN,34000,2422,n,0.070000
accomplish,VERB,33992,2423,v,0.010000
silent,ADJ,33973,2424,j,0.100000
habit,NOUN,33933,2425,n,0.030000
discovery,NOUN,33930,2426,n,0.160000
total,NOUN,33836,2427,n,0.100000
recovery,NOUN,33830,2428,n,0.100000
dna,NOUN,33819,2429,n,0.990000
gain,NOUN,33808,2430,n,0.030000
territory,NOUN,33787,2431,n,0.080000
girlfriend,NOUN,33779,2432,n,0.040000
consist,VERB,33777,2433,v,0.010000
straight,ADJ,33764,2434,j,0.050000
surely,ADV,33758,2435,r,0.280000
proof,NOUN,33755,2436,n,0.070000
immediate,ADJ,33745,2438,j,0.020000
nervous,ADJ,33745,2437,j,0.040000
parking,NOUN,33735,2439,n,0.070000
sin,NOUN,33703,2440,n,0.090000
unusual,ADJ,33695,2441,j,0.020000
rice,NOUN,33676,2442,n,0.350000
engineering,NOUN,33630,2443,n,0.220000
advance,NOUN,33626,2444,n,0.060000
interview,VERB,33551,2445,v,0.020000
bury,VERB,33531,2446,v,0.040000
still,ADJ,33525,2447,j,0.050000
cake,NOUN,33519,2448,n,0.100000
anonymous,ADJ,33517,2449,j,0.620000
flag,NOUN,33516,2450,n,0.110000
contemporary,ADJ,33482,2451,j,0.140000
good,NOUN,33457,2452,n,0.040000
jail,NOUN,33453,2453,n,0.080000
rural,ADJ,33383,2454,j,0.080000
match,NOUN,33368,2455,n,0.060000
coach,VERB,33363,2456,v,0.210000
interpretation,NOUN,33342,2457,n,0.050000
wage,NOUN,33339,2458,n,0.040000
breakfast,NOUN,33309,2459,n,0.110000
severe,ADJ,33278,2460,j,0.040000
profile,NOUN,33259,2461,n,0.080000
saving,NOUN,33236,2462,n,0.090000
brief,ADJ,33229,2463,j,0.040000
adjust,VERB,33205,2464,v,0.050000
constantly,ADV,33167,2466,r,0.020000
reduction,NOUN,33167,2465,n,0.050000
assist,VERB,33161,2467,v,0.030000
bitch,NOUN,33157,2468,n,0.090000
constant,ADJ,33090,2469,j,0.040000
permit,VERB,33083,2470,v,0.020000
primarily,ADV,33079,2471,r,0.020000
entertainment,NOUN,33057,2472,n,0.200000
shout,VERB,33053,2473,v,0.050000
academy,NOUN,33028,2474,n,0.770000
teaspoon,NOUN,33027,2475,n,0.000000
dream,VERB,33013,2476,v,0.080000
transfer,VERB,33009,2477,v,0.130000
usual,ADJ,32997,2478,j,0.020000
ally,NOUN,32994,2479,n,0.140000
clinical,ADJ,32983,2480,j,0.150000
count,NOUN,32971,2481,n,0.130000
swear,VERB,32971,2482,v,0.040000
avenue,NOUN,32968,2483,n,0.790000
priest,NOUN,32965,2484,n,0.100000
employment,NOUN,32957,2485,n,0.110000
waste,VERB,32952,2486,v,0.040000
relax,VERB,32948,2487,v,0.220000
owe,VERB,32943,2488,v,0.020000
transform,VERB,32910,2489,v,0.040000
grass,NOUN,32880,2490,n,0.060000
narrow,ADJ,32874,2491,j,0.020000
ethnic,ADJ,32857,2492,j,0.060000
scholar,NOUN,32846,2493,n,0.130000
edition,NOUN,32842,2494,n,0.300000
abandon,VERB,32838,2495,v,0.030000
practical,ADJ,32834,2496,j,0.050000
infection,NOUN,32785,2497,n,0.030000
musical,ADJ,32775,2498,j,0.070000
suggestion,NOUN,32775,2499,n,0.040000
resistance,NOUN,32768,2500,n,0.080000
smoke,VERB,32716,2501,v,0.070000
prince,NOUN,32712,2502,n,0.690000
illness,NOUN,32704,2503,n,0.030000
embrace,VERB,32690,2504,v,0.040000
trade,VERB,32679,2505,v,0.040000
republic,NOUN,32646,2506,n,0.660000
volunteer,NOUN,32631,2507,n,0.110000
target,VERB,32627,2508,v,0.050000
general,ADV,32547,2509,r,0.010000
evaluation,NOUN,32514,2510,n,0.120000
mine,NOUN,32473,2511,n,0.110000
opposite,ADJ,32431,2512,j,0.100000
awesome,ADJ,32423,2513,j,0.170000
switch,VERB,32414,2514,v,0.060000
black,NOUN,32406,2515,n,0.220000
iraqi,ADJ,32364,2516,j,1.000000
iron,NOUN,32359,2517,n,0.280000
perceive,VERB,32339,2518,v,0.020000
fundamental,ADJ,32336,2519,j,0.030000
phrase,NOUN,32319,2520,n,0.010000
assumption,NOUN,32317,2521,n,0.030000
sand,NOUN,32307,2522,n,0.110000
designer,NOUN,32303,2523,n,0.090000
planning,NOUN,32282,2524,n,0.130000
leading,ADJ,32280,2525,j,0.050000
mode,NOUN,32229,2526,n,0.070000
respect,VERB,32224,2528,v,0.020000
track,VERB,32224,2527,v,0.040000
widely,ADV,32221,2529,r,0.010000
occasion,NOUN,32220,2530,n,0.010000
approximately,ADV,32193,2532,r,0.100000
pose,VERB,32193,2531,v,0.020000
retire,VERB,32169,2533,v,0.030000
elsewhere,ADV,32165,2534,r,0.080000
festival,NOUN,32159,2535,n,0.440000
cap,NOUN,32115,2536,n,0.140000
secure,VERB,32084,2537,v,0.040000
attach,VERB,32064,2538,v,0.040000
mechanism,NOUN,32060,2539,n,0.030000
intention,NOUN,32022,2540,n,0.020000
scenario,NOUN,32007,2541,n,0.040000
yell,VERB,32005,2542,v,0.050000
incredible,ADJ,31983,2543,j,0.080000
spanish,ADJ,31958,2544,j,0.990000
strongly,ADV,31943,2545,r,0.020000
racial,ADJ,31893,2546,j,0.050000
transportation,NOUN,31888,2547,n,0.270000
pot,NOUN,31864,2548,n,0.050000
boyfriend,NOUN,31817,2549,n,0.040000
consideration,NOUN,31756,2550,n,0.040000
retirement,NOUN,31749,2552,n,0.080000
rarely,ADV,31748,2553,r,0.040000
joint,ADJ,31738,2554,j,0.250000
doubt,VERB,31736,2555,v,0.020000
preserve,VERB,31701,2556,v,0.050000
enormous,ADJ,31697,2557,j,0.020000
cigarette,NOUN,31674,2558,n,0.040000
factory,NOUN,31626,2559,n,0.110000
valuable,ADJ,31626,2560,j,0.030000
clip,NOUN,31612,2561,n,0.520000
electric,ADJ,31583,2562,j,0.190000
giant,NOUN,31557,2563,n,0.500000
slave,NOUN,31539,2564,n,0.070000
submit,VERB,31515,2565,v,0.070000
effectively,ADV,31505,2566,r,0.010000
monitor,VERB,31483,2568,v,0.040000
wonder,NOUN,31463,2569,n,0.140000
resolve,VERB,31452,2570,v,0.020000
remaining,ADJ,31407,2571,j,0.010000
participation,NOUN,31395,2572,n,0.060000
stream,NOUN,31393,2573,n,0.080000
rid,VERB,31388,2574,v,0.020000
origin,NOUN,31342,2575,n,0.120000
teen,NOUN,31336,2576,n,0.160000
particular,ADV,31295,2577,r,0.000000
congressional,ADJ,31271,2578,j,0.380000
bind,VERB,31267,2579,v,0.040000
coat,NOUN,31266,2580,n,0.050000
tower,NOUN,31252,2581,n,0.300000
license,NOUN,31242,2582,n,0.050000
impose,VERB,31201,2584,v,0.010000
innocent,ADJ,31192,2585,j,0.040000
curriculum,NOUN,31171,2586,n,0.070000
mail,NOUN,31141,2587,n,0.160000
estimate,NOUN,31122,2588,n,0.070000
insight,NOUN,31094,2589,n,0.070000
investigator,NOUN,31082,2590,n,0.130000
virus,NOUN,31075,2591,n,0.040000
hurricane,NOUN,31072,2592,n,0.490000
accurate,ADJ,31068,2593,j,0.020000
provision,NOUN,31059,2594,n,0.030000
strike,NOUN,31051,2595,n,0.070000
communicate,VERB,31040,2596,v,0.020000
cross,NOUN,31025,2597,n,0.380000
vary,VERB,31000,2598,v,0.010000
jacket,NOUN,30995,2599,n,0.080000
increasing,ADJ,30970,2600,j,0.040000
equally,ADV,30968,2602,r,0.060000
green,NOUN,30968,2601,n,0.170000
pay,NOUN,30935,2603,n,0.060000
light,VERB,30928,2605,v,0.050000
implication,NOUN,30921,2606,n,0.110000
fiction,NOUN,30883,2607,n,0.140000
protest,NOUN,30878,2608,n,0.030000
mama,NOUN,30857,2609,n,0.670000
imply,VERB,30829,2610,v,0.010000
pant,NOUN,30810,2612,n,0.060000
twin,NOUN,30810,2611,n,0.270000
bend,VERB,30768,2615,v,0.070000
shock,NOUN,30746,2616,n,0.060000
exercise,VERB,30730,2617,v,0.060000
criteria,NOUN,30727,2618,n,0.060000
arab,ADJ,30709,2619,j,1.000000
dirty,ADJ,30707,2620,j,0.120000
ring,VERB,30684,2621,v,0.080000
toy,NOUN,30678,2622,n,0.140000
potentially,ADV,30671,2623,r,0.020000
assault,NOUN,30609,2624,n,0.040000
peak,NOUN,30595,2625,n,0.180000
anger,NOUN,30587,2626,n,0.040000
boot,NOUN,30566,2627,n,0.040000
dramatic,ADJ,30558,2628,j,0.030000
peer,NOUN,30537,2629,n,0.040000
enhance,VERB,30470,2630,v,0.030000
math,NOUN,30465,2631,n,0.110000
slide,VERB,30451,2632,v,0.050000
favor,NOUN,30405,2633,n,0.000000
pink,ADJ,30396,2634,j,0.160000
dust,NOUN,30376,2635,n,0.100000
aunt,NOUN,30364,2636,n,0.500000
lost,ADJ,30362,2637,j,0.170000
prospect,NOUN,30358,2638,n,0.060000
mood,NOUN,30344,2639,n,0.040000
settlement,NOUN,30250,2641,n,0.060000
justify,VERB,30199,2643,v,0.010000
depth,NOUN,30176,2644,n,0.020000
juice,NOUN,30156,2645,n,0.070000
formal,ADJ,30129,2646,j,0.030000
virtually,ADV,30114,2647,r,0.080000
gallery,NOUN,30109,2648,n,0.430000
tension,NOUN,30082,2649,n,0.050000
throat,NOUN,30071,2650,n,0.030000
draft,NOUN,30062,2651,n,0.060000
reputation,NOUN,29988,2652,n,0.020000
index,NOUN,29987,2653,n,0.220000
normally,ADV,29963,2654,r,0.170000
mess,NOUN,29961,2655,n,0.030000
joy,NOUN,29949,2656,n,0.030000
steel,NOUN,29886,2657,n,0.070000
motor,NOUN,29863,2658,n,0.350000
enterprise,NOUN,29857,2659,n,0.300000
moreover,ADV,29856,2661,r,0.880000
salary,NOUN,29856,2660,n,0.040000
giant,ADJ,29852,2662,j,0.090000
cousin,NOUN,29840,2663,n,0.070000
ordinary,ADJ,29816,2664,j,0.050000
graduate,VERB,29793,2665,v,0.040000
dozen,NOUN,29771,2666,n,0.050000
evolution,NOUN,29760,2667,n,0.130000
so-called,ADJ,29757,2668,j,0.020000
helpful,ADJ,29707,2669,j,0.020000
competitive,ADJ,29700,2670,j,0.030000
lovely,ADJ,29696,2671,j,0.100000
fishing,NOUN,29682,2672,n,0.090000
anxiety,NOUN,29659,2673,n,0.060000
carbon,NOUN,29639,2675,n,0.090000
professional,NOUN,29639,2674,n,0.050000
essay,NOUN,29637,2676,n,0.100000
islamic,ADJ,29622,2677,j,0.990000
honor,VERB,29595,2678,v,0.060000
drama,NOUN,29588,2679,n,0.080000
odd,ADJ,29585,2680,j,0.080000
evil,ADJ,29573,2681,j,0.100000
stranger,NOUN,29572,2682,n,0.080000
belt,NOUN,29548,2683,n,0.140000
urge,VERB,29531,2684,v,0.010000
toss,VERB,29527,2685,v,0.090000
formula,NOUN,29504,2687,n,0.340000
potato,NOUN,29496,2688,n,0.090000
monster,NOUN,29491,2689,n,0.200000
smoke,NOUN,29483,2690,n,0.060000
telephone,NOUN,29482,2691,n,0.040000
rape,NOUN,29477,2692,n,0.070000
palm,NOUN,29472,2693,n,0.330000
jet,NOUN,29468,2694,n,0.360000
excited,ADJ,29450,2696,j,0.030000
navy,NOUN,29450,2695,n,0.790000
plot,NOUN,29444,2697,n,0.030000
angle,NOUN,29422,2698,n,0.200000
criticize,VERB,29408,2699,v,0.010000
prisoner,NOUN,29394,2700,n,0.070000
discipline,NOUN,29386,2701,n,0.050000
negotiation,NOUN,29385,2702,n,0.040000
damn,ADJ,29373,2703,j,0.080000
butter,NOUN,29372,2704,n,0.090000
desert,NOUN,29353,2705,n,0.210000
complicated,ADJ,29335,2706,j,0.020000
prize,NOUN,29331,2707,n,0.350000
blind,ADJ,29326,2708,j,0.100000
assign,VERB,29315,2709,v,0.030000
bullet,NOUN,29277,2710,n,0.090000
awareness,NOUN,29265,2711,n,0.080000
sequence,NOUN,29257,2712,n,0.040000
illustrate,VERB,29234,2713,v,0.100000
drop,NOUN,29201,2714,n,0.050000
pack,NOUN,29197,2715,n,0.100000
provider,NOUN,29196,2716,n,0.030000
fucking,ADV,29176,2717,r,0.120000
minor,ADJ,29172,2718,j,0.070000
activist,NOUN,29161,2719,n,0.050000
poem,NOUN,29138,2720,n,0.060000
vacation,NOUN,29123,2721,n,0.050000
weigh,VERB,29121,2722,v,0.040000
gang,NOUN,29116,2723,n,0.150000
privacy,NOUN,29115,2724,n,0.150000
clock,NOUN,29112,2725,n,0.060000
arrange,VERB,29108,2726,v,0.070000
penalty,NOUN,29096,2727,n,0.040000
stomach,NOUN,29089,2728,n,0.020000
concert,NOUN,29086,2729,n,0.100000
originally,ADV,29084,2730,r,0.170000
statistics,NOUN,29070,2731,n,0.240000
electronic,ADJ,29064,2732,j,0.140000
properly,ADV,29063,2733,r,0.020000
bureau,NOUN,29044,2734,n,0.650000
wolf,NOUN,29042,2735,n,0.430000
classic,ADJ,29028,2737,j,0.120000
recommendation,NOUN,28998,2738,n,0.090000
exciting,ADJ,28990,2739,j,0.020000
maker,NOUN,28989,2740,n,0.090000
dear,ADJ,28984,2741,j,0.470000
impression,NOUN,28975,2742,n,0.020000
broken,ADJ,28965,2743,j,0.090000
battery,NOUN,28962,2744,n,0.080000
narrative,NOUN,28928,2745,n,0.040000
process,VERB,28916,2746,v,0.060000
arise,VERB,28915,2747,v,0.020000
kid,VERB,28911,2748,v,0.050000
sake,NOUN,28905,2749,n,0.010000
delivery,NOUN,28903,2750,n,0.060000
forgive,VERB,28897,2751,v,0.160000
visible,ADJ,28886,2752,j,0.020000
heavily,ADV,28880,2753,r,0.010000
junior,ADJ,28869,2754,j,0.340000
diversity,NOUN,28848,2756,n,0.080000
rep,NOUN,28848,2755,n,0.720000
string,NOUN,28844,2757,n,0.070000
lawsuit,NOUN,28834,2758,n,0.020000
cute,ADJ,28813,2760,j,0.090000
deputy,NOUN,28806,2761,n,0.320000
restore,VERB,28777,2762,v,0.050000
buddy,NOUN,28763,2763,n,0.030000
psychological,ADJ,28740,2764,j,0.120000
besides,ADV,28711,2765,r,0.750000
intense,ADJ,28703,2766,j,0.030000
friendly,ADJ,28697,2767,j,0.060000
evil,NOUN,28696,2768,n,0.120000
lane,NOUN,28689,2769,n,0.430000
hungry,ADJ,28647,2770,j,0.070000
bean,NOUN,28639,2771,n,0.200000
sauce,NOUN,28639,2772,n,0.100000
dominate,VERB,28636,2774,v,0.010000
print,VERB,28636,2773,v,0.190000
testing,NOUN,28626,2775,n,0.060000
trick,NOUN,28621,2776,n,0.050000
fantasy,NOUN,28620,2777,n,0.110000
absence,NOUN,28618,2778,n,0.020000
offensive,ADJ,28611,2779,j,0.050000
symbol,NOUN,28609,2780,n,0.040000
recognition,NOUN,28585,2781,n,0.050000
detect,VERB,28574,2782,v,0.020000
tablespoon,NOUN,28554,2783,n,0.180000
construct,VERB,28515,2784,v,0.030000
arrest,NOUN,28504,2786,n,0.020000
approval,NOUN,28499,2787,n,0.030000
defensive,ADJ,28464,2790,j,0.060000
independence,NOUN,28463,2791,n,0.230000
apologize,VERB,28462,2792,v,0.030000
asian,ADJ,28419,2794,j,0.990000
rose,NOUN,28398,2795,n,0.390000
ghost,NOUN,28365,2796,n,0.260000
involvement,NOUN,28357,2797,n,0.030000
permanent,ADJ,28345,2798,j,0.050000
wire,NOUN,28337,2799,n,0.090000
whisper,VERB,28334,2800,v,0.070000
mouse,NOUN,28329,2801,n,0.140000
airline,NOUN,28327,2802,n,0.280000
founder,NOUN,28315,2803,n,0.150000
objective,NOUN,28315,2804,n,0.060000
nowhere,ADV,28292,2805,r,0.130000
alternative,ADJ,28282,2806,j,0.080000
phenomenon,NOUN,28258,2807,n,0.020000
evolve,VERB,28257,2808,v,0.020000
exact,ADJ,28250,2810,j,0.030000
silver,NOUN,28244,2811,n,0.030000
cent,NOUN,28231,2812,n,0.030000
universal,ADJ,28224,2813,j,0.240000
crucial,ADJ,28219,2815,j,0.010000
teenager,NOUN,28219,2814,n,0.050000
viewer,NOUN,28181,2816,n,0.050000
schedule,VERB,28174,2817,v,0.030000
ridiculous,ADJ,28150,2818,j,0.040000
chocolate,NOUN,28147,2819,n,0.140000
sensitive,ADJ,28109,2820,j,0.030000
bottom,ADJ,28102,2821,j,0.170000
grandmother,NOUN,28091,2822,n,0.090000
missile,NOUN,28086,2823,n,0.060000
roughly,ADV,28083,2824,r,0.070000
constitutional,ADJ,28065,2825,j,0.160000
adventure,NOUN,28045,2826,n,0.200000
genetic,ADJ,28027,2827,j,0.080000
advance,VERB,28014,2828,v,0.050000
related,ADJ,28013,2829,j,0.230000
swing,VERB,27981,2830,v,0.060000
ultimate,ADJ,27973,2831,j,0.100000
manufacturer,NOUN,27966,2832,n,0.080000
unknown,ADJ,27955,2833,j,0.080000
wipe,VERB,27952,2834,v,0.050000
crop,NOUN,27946,2835,n,0.040000
survival,NOUN,27914,2836,n,0.090000
line,VERB,27910,2837,v,0.050000
dimension,NOUN,27889,2838,n,0.060000
resist,VERB,27867,2839,v,0.030000
request,VERB,27861,2840,v,0.050000
roll,NOUN,27831,2841,n,0.100000
shape,VERB,27828,2842,v,0.030000
darkness,NOUN,27827,2843,n,0.100000
guarantee,VERB,27824,2844,v,0.020000
historic,ADJ,27799,2845,j,0.150000
educator,NOUN,27782,2846,n,0.110000
rough,ADJ,27778,2847,j,0.050000
personnel,NOUN,27773,2848,n,0.050000
race,VERB,27773,2849,v,0.110000
confront,VERB,27771,2850,v,0.040000
terrorist,NOUN,27765,2851,n,0.050000
royal,ADJ,27749,2852,j,0.540000
elite,NOUN,27712,2853,n,0.100000
occupy,VERB,27708,2854,v,0.160000
emphasis,NOUN,27699,2855,n,0.030000
wet,ADJ,27690,2856,j,0.060000
destruction,NOUN,27666,2857,n,0.040000
raw,ADJ,27663,2858,j,0.110000
inner,ADJ,27642,2859,j,0.070000
proceed,VERB,27636,2860,v,0.050000
violate,VERB,27630,2861,v,0.010000
chart,NOUN,27628,2862,n,0.130000
pace,NOUN,27613,2863,n,0.080000
finance,NOUN,27594,2864,n,0.210000
champion,NOUN,27593,2865,n,0.180000
snap,VERB,27586,2866,v,0.080000
suspect,NOUN,27585,2867,n,0.040000
advise,VERB,27580,2868,v,0.020000
initially,ADV,27566,2869,r,0.160000
advanced,ADJ,27563,2870,j,0.190000
unlikely,ADJ,27546,2871,j,0.020000
barrier,NOUN,27530,2872,n,0.060000
advocate,NOUN,27479,2873,n,0.100000
label,NOUN,27479,2874,n,0.040000
access,VERB,27476,2875,v,0.100000
horrible,ADJ,27456,2876,j,0.050000
burden,NOUN,27443,2877,n,0.040000
violation,NOUN,27435,2878,n,0.020000
idiot,NOUN,27432,2880,n,0.090000
lifetime,NOUN,27432,2881,n,0.070000
working,ADJ,27367,2882,j,0.090000
fund,VERB,27347,2883,v,0.020000
ongoing,ADJ,27334,2884,j,0.040000
react,VERB,27322,2885,v,0.020000
routine,NOUN,27266,2886,n,0.030000
presentation,NOUN,27265,2887,n,0.040000
supply,VERB,27255,2888,v,0.030000
gear,NOUN,27243,2889,n,0.100000
photograph,VERB,27239,2890,v,0.630000
mexican,ADJ,27233,2891,j,1.000000
stadium,NOUN,27233,2892,n,0.470000
translate,VERB,27231,2893,v,0.070000
mortgage,NOUN,27227,2894,n,0.100000
sheriff,NOUN,27193,2895,n,0.510000
clinic,NOUN,27190,2896,n,0.190000
spin,VERB,27184,2897,v,0.060000
coalition,NOUN,27166,2898,n,0.270000
naturally,ADV,27157,2899,r,0.180000
hopefully,ADV,27150,2900,r,0.360000
mix,NOUN,27117,2901,n,0.060000
menu,NOUN,27113,2902,n,0.070000
smooth,ADJ,27095,2903,j,0.060000
advertising,NOUN,27069,2904,n,0.090000
interpret,VERB,27068,2905,v,0.020000
plant,VERB,27047,2906,v,0.070000
dismiss,VERB,27026,2907,v,0.030000
apparent,ADJ,26981,2909,j,0.010000
arrangement,NOUN,26976,2910,n,0.020000
incorporate,VERB,26974,2911,v,0.060000
brilliant,ADJ,26970,2913,j,0.100000
split,VERB,26970,2912,v,0.040000
storage,NOUN,26941,2914,n,0.070000
framework,NOUN,26926,2915,n,0.100000
honestly,ADV,26926,2916,r,0.270000
chase,VERB,26901,2917,v,0.150000
sigh,VERB,26874,2918,v,0.210000
assure,VERB,26863,2919,v,0.010000
utility,NOUN,26839,2920,n,0.110000
taste,VERB,26826,2921,v,0.030000
aggressive,ADJ,26819,2922,j,0.030000
cookie,NOUN,26809,2923,n,0.150000
terror,NOUN,26792,2924,n,0.110000
free,VERB,26787,2925,v,0.110000
worth,NOUN,26778,2926,n,0.050000
wealthy,ADJ,26746,2927,j,0.030000
update,VERB,26744,2928,v,0.240000
forum,NOUN,26724,2929,n,0.290000
alliance,NOUN,26718,2930,n,0.420000
possess,VERB,26713,2931,v,0.020000
empire,NOUN,26692,2932,n,0.450000
curious,ADJ,26666,2933,j,0.080000
corn,NOUN,26609,2934,n,0.120000
calculate,VERB,26570,2936,v,0.030000
hurry,VERB,26561,2937,v,0.350000
elementary,ADJ,26542,2939,j,0.310000
testimony,NOUN,26542,2938,n,0.030000
transfer,NOUN,26541,2940,n,0.060000
stake,NOUN,26539,2941,n,0.050000
precisely,ADV,26538,2942,r,0.070000
bite,VERB,26532,2943,v,0.060000
given,ADJ,26528,2944,j,0.010000
substantial,ADJ,26521,2945,j,0.020000
glance,VERB,26481,2947,v,0.030000
tissue,NOUN,26475,2948,n,0.030000
concentration,NOUN,26470,2949,n,0.030000
developer,NOUN,26466,2950,n,0.080000
found,VERB,26466,2951,v,0.110000
ballot,NOUN,26460,2952,n,0.020000
consume,VERB,26453,2953,v,0.020000
overcome,VERB,26449,2954,v,0.040000
biological,ADJ,26435,2955,j,0.100000
chamber,NOUN,26416,2956,n,0.270000
similarly,ADV,26400,2957,r,0.570000
stick,NOUN,26373,2958,n,0.080000
dare,VERB,26363,2959,v,0.080000
developing,ADJ,26334,2960,j,0.060000
tiger,NOUN,26334,2961,n,0.720000
ratio,NOUN,26305,2962,n,0.050000
lover,NOUN,26282,2963,n,0.090000
expansion,NOUN,26265,2964,n,0.040000
encounter,VERB,26259,2965,v,0.010000
occasionally,ADV,26250,2966,r,0.140000
unemployment,NOUN,26248,2967,n,0.080000
pet,NOUN,26240,2968,n,0.150000
awful,ADJ,26206,2969,j,0.040000
laboratory,NOUN,26198,2970,n,0.350000
administrator,NOUN,26195,2971,n,0.120000
wind,VERB,26183,2972,v,0.030000
quarterback,NOUN,26181,2973,n,0.020000
rocket,NOUN,26167,2974,n,0.260000
preparation,NOUN,26152,2975,n,0.090000
relative,NOUN,26146,2976,n,0.030000
confident,ADJ,26144,2977,j,0.020000
strategic,ADJ,26103,2978,j,0.160000
marine,ADJ,26088,2979,j,0.590000
quote,NOUN,26087,2980,n,0.060000
publisher,NOUN,26079,2981,n,0.180000
innovation,NOUN,26039,2982,n,0.140000
highlight,VERB,26029,2983,v,0.050000
nut,NOUN,26017,2984,n,0.080000
fighter,NOUN,26014,2985,n,0.100000
rank,NOUN,26007,2986,n,0.050000
electricity,NOUN,26003,2987,n,0.050000
instance,NOUN,26001,2988,n,0.010000
fortune,NOUN,25994,2989,n,0.260000
freeze,VERB,25985,2990,v,0.130000
variation,NOUN,25982,2991,n,0.060000
armed,ADJ,25972,2992,j,0.190000
negotiate,VERB,25963,2993,v,0.020000
laughter,NOUN,25929,2994,n,0.310000
wisdom,NOUN,25925,2995,n,0.070000
correspondent,NOUN,25907,2996,n,0.340000
mixture,NOUN,25895,2997,n,0.010000
murder,VERB,25889,2998,v,0.030000
assistant,NOUN,25884,2999,n,0.110000
retain,VERB,25881,3000,v,0.010000
tomato,NOUN,25826,3001,n,0.100000
testify,VERB,25823,3003,v,0.020000
ingredient,NOUN,25809,3004,n,0.080000
since,ADV,25781,3005,r,0.010000
galaxy,NOUN,25775,3006,n,0.270000
qualify,VERB,25774,3007,v,0.010000
scheme,NOUN,25772,3008,n,0.030000
shame,NOUN,25764,3010,n,0.140000
concentrate,VERB,25761,3011,v,0.040000
contest,NOUN,25761,3012,n,0.090000
introduction,NOUN,25722,3013,n,0.280000
boundary,NOUN,25694,3014,n,0.050000
tube,NOUN,25647,3015,n,0.050000
chef,NOUN,25646,3017,n,0.290000
regularly,ADV,25635,3018,r,0.010000
screw,VERB,25632,3020,v,0.120000
ugly,ADJ,25632,3019,j,0.070000
load,NOUN,25620,3021,n,0.040000
tongue,NOUN,25612,3022,n,0.030000
palestinian,ADJ,25603,3023,j,1.000000
fiscal,ADJ,25598,3024,j,0.070000
creek,NOUN,25595,3025,n,0.730000
hip,NOUN,25581,3026,n,0.070000
accompany,VERB,25567,3027,v,0.030000
decline,NOUN,25563,3028,n,0.030000
terrorism,NOUN,25562,3029,n,0.090000
respondent,NOUN,25555,3030,n,0.110000
narrator,NOUN,25554,3031,n,0.620000
voting,NOUN,25547,3032,n,0.090000
assembly,NOUN,25533,3034,n,0.450000
refugee,NOUN,25533,3033,n,0.090000
fraud,NOUN,25518,3035,n,0.060000
limitation,NOUN,25511,3036,n,0.080000
house,VERB,25510,3037,v,0.110000
partnership,NOUN,25493,3038,n,0.140000
store,VERB,25475,3039,v,0.040000
crash,NOUN,25472,3040,n,0.060000
surprise,VERB,25449,3041,v,0.050000
hold,NOUN,25448,3043,n,0.060000
representation,NOUN,25448,3042,n,0.040000
ministry,NOUN,25434,3044,n,0.460000
flat,ADJ,25427,3045,j,0.050000
wise,ADJ,25418,3046,j,0.070000
witness,VERB,25418,3047,v,0.060000
excuse,NOUN,25386,3048,n,0.020000
register,VERB,25367,3049,v,0.060000
comedy,NOUN,25303,3050,n,0.150000
purchase,NOUN,25302,3051,n,0.040000
tap,VERB,25295,3052,v,0.070000
infrastructure,NOUN,25291,3053,n,0.050000
organic,ADJ,25288,3054,j,0.130000
diverse,ADJ,25277,3056,j,0.020000
favor,VERB,25274,3057,v,0.000000
intellectual,ADJ,25268,3058,j,0.060000
tight,ADJ,25214,3059,j,0.030000
port,NOUN,25211,3060,n,0.120000
fate,NOUN,25194,3061,n,0.080000
market,VERB,25191,3062,v,0.140000
absolute,ADJ,25184,3063,j,0.060000
dialogue,NOUN,25173,3064,n,0.080000
plus,NOUN,25166,3065,n,0.740000
frequency,NOUN,25158,3066,n,0.060000
tribe,NOUN,25147,3067,n,0.140000
external,ADJ,25146,3068,j,0.060000
appointment,NOUN,25144,3069,n,0.030000
convert,VERB,25123,3070,v,0.030000
surprising,ADJ,25114,3071,j,0.020000
mobile,ADJ,25095,3072,j,0.070000
establishment,NOUN,25090,3073,n,0.070000
worried,ADJ,25086,3074,j,0.040000
shopping,NOUN,25052,3076,n,0.100000
celebrity,NOUN,24989,3077,n,0.110000
congressman,NOUN,24982,3078,n,0.640000
impress,VERB,24977,3079,v,0.030000
taxpayer,NOUN,24954,3080,n,0.070000
adapt,VERB,24934,3081,v,0.090000
publicly,ADV,24932,3082,r,0.020000
clothing,NOUN,24923,3084,n,0.040000
pride,NOUN,24923,3083,n,0.090000
rapidly,ADV,24922,3085,r,0.010000
domain,NOUN,24914,3086,n,0.060000
mainly,ADV,24910,3087,r,0.040000
ceiling,NOUN,24902,3088,n,0.020000
alter,VERB,24900,3089,v,0.050000
shelter,NOUN,24892,3090,n,0.060000
random,ADJ,24886,3091,j,0.140000
obligation,NOUN,24879,3092,n,0.020000
shower,NOUN,24876,3093,n,0.050000
beg,VERB,24867,3094,v,0.040000
asleep,ADJ,24848,3095,j,0.020000
extraordinary,ADJ,24829,3097,j,0.050000
musician,NOUN,24829,3096,n,0.060000
dirt,NOUN,24819,3098,n,0.060000
bell,NOUN,24813,3100,n,0.130000
smell,NOUN,24783,3101,n,0.030000
damage,VERB,24780,3102,v,0.040000
ceremony,NOUN,24779,3103,n,0.050000
clue,NOUN,24755,3104,n,0.040000
guideline,NOUN,24752,3105,n,0.130000
comfort,NOUN,24745,3106,n,0.060000
near,ADJ,24720,3107,j,0.070000
pregnancy,NOUN,24687,3108,n,0.050000
borrow,VERB,24662,3109,v,0.040000
conventional,ADJ,24656,3110,j,0.060000
tourist,NOUN,24638,3111,n,0.080000
incentive,NOUN,24612,3112,n,0.030000
custom,NOUN,24610,3113,n,0.190000
cheek,NOUN,24607,3114,n,0.030000
double,VERB,24576,3116,v,0.030000
tournament,NOUN,24576,3115,n,0.160000
satellite,NOUN,24573,3117,n,0.090000
nearby,ADJ,24560,3118,j,0.020000
comprehensive,ADJ,24553,3119,j,0.080000
medication,NOUN,24549,3121,n,0.030000
stable,ADJ,24549,3120,j,0.020000
script,NOUN,24547,3122,n,0.060000
educate,VERB,24527,3123,v,0.050000
efficient,ADJ,24525,3124,j,0.020000
risk,VERB,24524,3125,v,0.070000
welcome,ADJ,24515,3126,j,0.050000
scare,VERB,24484,3127,v,0.040000
psychology,NOUN,24479,3128,n,0.320000
logic,NOUN,24470,3129,n,0.070000
economics,NOUN,24463,3130,n,0.240000
update,NOUN,24444,3131,n,0.120000
nevertheless,ADV,24438,3132,r,0.640000
devil,NOUN,24433,3133,n,0.360000
beat,NOUN,24421,3135,n,0.120000
charity,NOUN,24405,3136,n,0.140000
fiber,NOUN,24394,3137,n,0.120000
wave,VERB,24391,3138,v,0.020000
ideal,ADJ,24367,3139,j,0.050000
friendship,NOUN,24359,3140,n,0.090000
net,NOUN,24355,3141,n,0.250000
motivation,NOUN,24342,3142,n,0.050000
differently,ADV,24322,3143,r,0.010000
reserve,NOUN,24319,3144,n,0.350000
observer,NOUN,24293,3145,n,0.150000
humanity,NOUN,24254,3146,n,0.090000
survivor,NOUN,24240,3147,n,0.210000
fence,NOUN,24223,3148,n,0.040000
quietly,ADV,24222,3149,r,0.030000
humor,NOUN,24213,3150,n,0.050000
major,NOUN,24191,3151,n,0.490000
funeral,NOUN,24184,3152,n,0.100000
spokesman,NOUN,24143,3153,n,0.050000
extension,NOUN,24142,3154,n,0.090000
loose,ADJ,24139,3155,j,0.040000
sink,VERB,24129,3156,v,0.030000
historian,NOUN,24128,3157,n,0.110000
ruin,VERB,24113,3158,v,0.030000
balance,VERB,24104,3159,v,0.040000
chemical,NOUN,24096,3160,n,0.150000
singer,NOUN,24095,3161,n,0.060000
drunk,ADJ,24079,3162,j,0.050000
swim,VERB,24072,3163,v,0.060000
onion,NOUN,24049,3164,n,0.080000
specialist,NOUN,24031,3165,n,0.100000
missing,ADJ,24015,3166,j,0.080000
white,NOUN,24014,3167,n,0.090000
pan,NOUN,24011,3168,n,0.030000
distribute,VERB,24006,3169,v,0.030000
silly,ADJ,24001,3170,j,0.070000
deck,NOUN,23996,3171,n,0.090000
reflection,NOUN,23994,3172,n,0.090000
shortly,ADV,23986,3173,r,0.240000
database,NOUN,23984,3174,n,0.080000
flow,VERB,23932,3175,v,0.010000
remote,ADJ,23930,3176,j,0.060000
permission,NOUN,23927,3177,n,0.060000
remarkable,ADJ,23919,3178,j,0.030000
everyday,ADJ,23918,3179,j,0.070000
lifestyle,NOUN,23917,3180,n,0.050000
sweep,VERB,23911,3181,v,0.030000
naked,ADJ,23909,3182,j,0.090000
sufficient,ADJ,23898,3183,j,0.010000
lion,NOUN,23871,3184,n,0.430000
consumption,NOUN,23864,3185,n,0.030000
capability,NOUN,23836,3186,n,0.010000
practice,VERB,23797,3187,v,0.030000
emission,NOUN,23770,3188,n,0.040000
sidebar,NOUN,23763,3189,n,0.880000
crap,NOUN,23756,3190,n,0.070000
dealer,NOUN,23742,3191,n,0.110000
measurement,NOUN,23736,3192,n,0.080000
vital,ADJ,23700,3193,j,0.040000
impressive,ADJ,23687,3194,j,0.050000
bake,VERB,23686,3195,v,0.280000
fantastic,ADJ,23669,3196,j,0.160000
adviser,NOUN,23663,3197,n,0.100000
yield,VERB,23640,3198,v,0.060000
mere,ADJ,23631,3199,j,0.020000
imagination,NOUN,23622,3200,n,0.050000
radical,ADJ,23620,3201,j,0.070000
tragedy,NOUN,23619,3202,n,0.060000
scary,ADJ,23596,3203,j,0.070000
consultant,NOUN,23591,3204,n,0.090000
correct,VERB,23582,3205,v,0.050000
lieutenant,NOUN,23579,3206,n,0.660000
upset,VERB,23566,3207,v,0.020000
attractive,ADJ,23563,3208,j,0.020000
acre,NOUN,23558,3209,n,0.060000
drawing,NOUN,23549,3210,n,0.070000
defeat,VERB,23537,3211,v,0.020000
newly,ADV,23531,3212,r,0.040000
scandal,NOUN,23525,3213,n,0.050000
ambassador,NOUN,23522,3214,n,0.440000
spot,VERB,23494,3216,v,0.040000
content,ADJ,23491,3217,j,0.100000
round,ADJ,23484,3218,j,0.140000
bench,NOUN,23481,3219,n,0.050000
counter,NOUN,23475,3221,n,0.030000
guide,VERB,23475,3220,v,0.100000
chemical,ADJ,23464,3222,j,0.030000
odds,NOUN,23462,3223,n,0.070000
rat,NOUN,23442,3224,n,0.150000
horror,NOUN,23430,3225,n,0.090000
appeal,VERB,23427,3226,v,0.020000
vulnerable,ADJ,23392,3227,j,0.020000
prevention,NOUN,23383,3228,n,0.360000
square,ADJ,23378,3229,j,0.050000
segment,NOUN,23372,3230,n,0.030000
ban,VERB,23359,3231,v,0.050000
tail,NOUN,23344,3232,n,0.080000
constitute,VERB,23339,3233,v,0.000000
badly,ADV,23330,3234,r,0.020000
bless,VERB,23307,3235,v,0.170000
literary,ADJ,23305,3236,j,0.110000
magic,ADJ,23302,3237,j,0.360000
implementation,NOUN,23294,3238,n,0.080000
legitimate,ADJ,23286,3239,j,0.020000
slight,ADJ,23283,3240,j,0.020000
crash,VERB,23281,3241,v,0.070000
strip,NOUN,23266,3242,n,0.200000
desperate,ADJ,23253,3243,j,0.080000
distant,ADJ,23251,3244,j,0.030000
preference,NOUN,23230,3245,n,0.050000
politically,ADV,23229,3246,r,0.050000
feedback,NOUN,23220,3247,n,0.070000
health-care,NOUN,23216,3248,n,0.010000
criminal,NOUN,23214,3249,n,0.050000
can,NOUN,23201,3250,n,0.020000
italian,ADJ,23199,3251,j,0.990000
detailed,ADJ,23161,3252,j,0.040000
buyer,NOUN,23157,3253,n,0.080000
wrong,ADV,23141,3254,r,0.030000
cooperation,NOUN,23135,3255,n,0.130000
profession,NOUN,23135,3256,n,0.040000
incredibly,ADV,23108,3257,r,0.050000
orange,ADJ,23088,3258,j,0.430000
killing,NOUN,23084,3259,n,0.050000
sue,VERB,23083,3260,v,0.030000
photographer,NOUN,23062,3261,n,0.130000
running,ADJ,23050,3262,j,0.080000
engagement,NOUN,23041,3263,n,0.070000
differ,VERB,23032,3264,v,0.010000
paint,NOUN,23029,3265,n,0.050000
pitch,NOUN,23028,3266,n,0.040000
extensive,ADJ,23021,3267,j,0.030000
salad,NOUN,23010,3268,n,0.140000
stair,NOUN,23001,3269,n,0.030000
notice,NOUN,22997,3270,n,0.060000
grace,NOUN,22995,3271,n,0.050000
divorce,NOUN,22992,3272,n,0.050000
vessel,NOUN,22977,3273,n,0.030000
pig,NOUN,22965,3274,n,0.150000
assignment,NOUN,22955,3275,n,0.040000
distinction,NOUN,22938,3276,n,0.020000
fit,ADJ,22936,3277,j,0.070000
circuit,NOUN,22927,3278,n,0.400000
acid,NOUN,22925,3279,n,0.060000
canadian,ADJ,22924,3280,j,0.990000
flee,VERB,22896,3281,v,0.020000
efficiency,NOUN,22889,3282,n,0.050000
memorial,NOUN,22884,3283,n,0.570000
proposed,ADJ,22864,3284,j,0.040000
blue,NOUN,22857,3285,n,0.350000
entity,NOUN,22849,3286,n,0.020000
iphone,NOUN,22844,3287,n,0.000000
punishment,NOUN,22839,3288,n,0.050000
pause,VERB,22805,3289,v,0.020000
pill,NOUN,22802,3290,n,0.070000
rub,VERB,22774,3291,v,0.070000
romantic,ADJ,22772,3292,j,0.100000
myth,NOUN,22770,3293,n,0.150000
economist,NOUN,22756,3294,n,0.160000
latin,ADJ,22755,3295,j,1.000000
decent,ADJ,22751,3296,j,0.030000
assistant,ADJ,22741,3297,j,0.240000
craft,NOUN,22724,3298,n,0.160000
poetry,NOUN,22722,3299,n,0.140000
terrorist,ADJ,22697,3300,j,0.040000
thread,NOUN,22683,3301,n,0.040000
wooden,ADJ,22683,3302,j,0.060000
confuse,VERB,22680,3303,v,0.020000
privilege,NOUN,22671,3305,n,0.030000
coal,NOUN,22670,3306,n,0.100000
fool,NOUN,22667,3307,n,0.120000
cow,NOUN,22660,3308,n,0.080000
characterize,VERB,22657,3309,v,0.010000
decrease,VERB,22654,3311,v,0.020000
pie,NOUN,22654,3310,n,0.150000
resort,NOUN,22647,3312,n,0.200000
legacy,NOUN,22631,3313,n,0.130000
stress,VERB,22587,3315,v,0.020000
frankly,ADV,22564,3316,r,0.220000
cancel,VERB,22480,3318,v,0.050000
derive,VERB,22469,3319,v,0.010000
dumb,ADJ,22462,3320,j,0.090000
scope,NOUN,22460,3321,n,0.070000
formation,NOUN,22441,3322,n,0.050000
grandfather,NOUN,22432,3323,n,0.100000
hence,ADV,22424,3324,r,0.460000
wish,NOUN,22423,3325,n,0.050000
margin,NOUN,22417,3326,n,0.030000
wound,NOUN,22414,3327,n,0.020000
exhibition,NOUN,22400,3328,n,0.100000
legislature,NOUN,22388,3329,n,0.370000
furthermore,ADV,22381,3330,r,0.920000
portrait,NOUN,22377,3331,n,0.130000
sustain,VERB,22359,3333,v,0.020000
uniform,NOUN,22332,3334,n,0.030000
painful,ADJ,22292,3335,j,0.020000
loud,ADJ,22276,3336,j,0.060000
miracle,NOUN,22275,3337,n,0.130000
harm,NOUN,22267,3338,n,0.040000
tactic,NOUN,22260,3340,n,0.030000
mask,NOUN,22256,3341,n,0.090000
calm,VERB,22255,3342,v,0.220000
inflation,NOUN,22242,3343,n,0.060000
hunting,NOUN,22232,3344,n,0.100000
physically,ADV,22212,3345,r,0.050000
final,NOUN,22206,3346,n,0.260000
flesh,NOUN,22204,3347,n,0.040000
temporary,ADJ,22199,3348,j,0.050000
fellow,NOUN,22194,3349,n,0.150000
nerve,NOUN,22174,3350,n,0.030000
lung,NOUN,22170,3351,n,0.070000
steady,ADJ,22152,3352,j,0.050000
headline,NOUN,22141,3353,n,0.060000
sudden,ADJ,22133,3354,j,0.040000
successfully,ADV,22130,3355,r,0.010000
defendant,NOUN,22117,3356,n,0.050000
pole,NOUN,22115,3357,n,0.240000
aircraft,NOUN,22111,3360,n,0.050000
entrance,NOUN,22111,3359,n,0.040000
satisfy,VERB,22111,3358,v,0.010000
withdraw,VERB,22109,3361,v,0.030000
cabinet,NOUN,22078,3362,n,0.240000
relative,ADJ,22070,3363,j,0.040000
repeatedly,ADV,22066,3364,r,0.020000
happiness,NOUN,22053,3365,n,0.110000
admission,NOUN,22052,3366,n,0.130000
correlation,NOUN,22034,3367,n,0.080000
proportion,NOUN,22031,3368,n,0.020000
dispute,NOUN,22027,3369,n,0.030000
candy,NOUN,21987,3370,n,0.250000
reward,NOUN,21978,3371,n,0.050000
counselor,NOUN,21975,3372,n,0.070000
recording,NOUN,21968,3373,n,0.060000
pile,NOUN,21960,3374,n,0.030000
explosion,NOUN,21954,3375,n,0.060000
appoint,VERB,21949,3376,v,0.020000
couch,NOUN,21942,3377,n,0.050000
cognitive,ADJ,21925,3378,j,0.100000
furniture,NOUN,21915,3379,n,0.080000
significance,NOUN,21902,3380,n,0.030000
grateful,ADJ,21895,3381,j,0.060000
magic,NOUN,21888,3382,n,0.120000
suit,VERB,21887,3383,v,0.060000
commissioner,NOUN,21855,3384,n,0.430000
shelf,NOUN,21854,3385,n,0.040000
tremendous,ADJ,21826,3386,j,0.020000
warrior,NOUN,21822,3387,n,0.330000
physics,NOUN,21798,3388,n,0.180000
garage,NOUN,21790,3389,n,0.070000
flavor,NOUN,21772,3390,n,0.030000
squeeze,VERB,21756,3391,v,0.070000
prominent,ADJ,21752,3392,j,0.030000
fade,VERB,21734,3394,v,0.090000
oven,NOUN,21721,3395,n,0.030000
satisfaction,NOUN,21718,3396,n,0.060000
discrimination,NOUN,21715,3397,n,0.060000
recession,NOUN,21714,3398,n,0.080000
allegation,NOUN,21709,3399,n,0.020000
boom,NOUN,21690,3400,n,0.230000
weekly,ADJ,21686,3401,j,0.190000
lately,ADV,21666,3402,r,0.140000
restriction,NOUN,21665,3403,n,0.030000
diamond,NOUN,21652,3404,n,0.320000
document,VERB,21648,3405,v,0.020000
crack,VERB,21623,3406,v,0.060000
conviction,NOUN,21599,3407,n,0.020000
heel,NOUN,21595,3408,n,0.060000
fake,ADJ,21560,3409,j,0.070000
fame,NOUN,21544,3410,n,0.430000
shine,VERB,21543,3411,v,0.060000
swing,NOUN,21541,3412,n,0.050000
playoff,NOUN,21528,3413,n,0.020000
actress,NOUN,21526,3414,n,0.150000
cheat,VERB,21523,3415,v,0.060000
controversy,NOUN,21521,3417,n,0.040000
format,NOUN,21521,3416,n,0.060000
auto,NOUN,21510,3418,n,0.200000
grant,NOUN,21506,3419,n,0.030000
grocery,NOUN,21497,3420,n,0.050000
headquarters,NOUN,21481,3421,n,0.170000
rip,VERB,21480,3422,v,0.030000
rank,VERB,21476,3423,v,0.040000
shade,NOUN,21457,3424,n,0.110000
regulate,VERB,21437,3425,v,0.020000
meter,NOUN,21425,3426,n,0.040000
olympic,ADJ,21422,3427,j,0.990000
pipe,NOUN,21413,3428,n,0.070000
patient,ADJ,21374,3429,j,0.090000
celebration,NOUN,21353,3430,n,0.100000
handful,NOUN,21346,3431,n,0.010000
copyright,NOUN,21330,3432,n,0.360000
dependent,ADJ,21306,3433,j,0.050000
signature,NOUN,21285,3434,n,0.070000
bishop,NOUN,21282,3435,n,0.300000
strengthen,VERB,21276,3436,v,0.050000
soup,NOUN,21273,3437,n,0.130000
entitle,VERB,21264,3438,v,0.020000
carrier,NOUN,21245,3440,n,0.080000
anniversary,NOUN,21242,3441,n,0.070000
pizza,NOUN,21238,3442,n,0.190000
ethics,NOUN,21228,3443,n,0.250000
legend,NOUN,21223,3444,n,0.240000
eagle,NOUN,21220,3445,n,0.690000
scholarship,NOUN,21183,3446,n,0.110000
crack,NOUN,21181,3447,n,0.040000
research,VERB,21178,3448,v,0.120000
membership,NOUN,21172,3449,n,0.080000
standing,NOUN,21145,3450,n,0.080000
possession,NOUN,21141,3451,n,0.040000
treaty,NOUN,21138,3452,n,0.250000
partly,ADV,21132,3453,r,0.070000
consciousness,NOUN,21114,3454,n,0.050000
manufacturing,NOUN,21096,3455,n,0.100000
announcement,NOUN,21081,3456,n,0.030000
tire,VERB,21067,3457,v,0.060000
makeup,NOUN,21035,3459,n,0.090000
pop,NOUN,21033,3460,n,0.240000
prediction,NOUN,21032,3461,n,0.100000
stability,NOUN,21031,3462,n,0.050000
trace,VERB,21026,3463,v,0.090000
norm,NOUN,21014,3464,n,0.110000
irish,ADJ,21004,3465,j,0.990000
genius,NOUN,20987,3466,n,0.110000
gently,ADV,20979,3467,r,0.080000
operator,NOUN,20947,3468,n,0.150000
mall,NOUN,20944,3469,n,0.260000
rumor,NOUN,20921,3470,n,0.100000
poet,NOUN,20918,3471,n,0.110000
tendency,NOUN,20906,3472,n,0.010000
subsequent,ADJ,20893,3473,j,0.060000
alien,NOUN,20885,3474,n,0.140000
explode,VERB,20874,3475,v,0.040000
cool,VERB,20868,3476,v,0.140000
controversial,ADJ,20863,3477,j,0.020000
maintenance,NOUN,20861,3478,n,0.080000
courage,NOUN,20859,3479,n,0.010000
exceed,VERB,20855,3480,v,0.010000
tight,ADV,20839,3481,r,0.060000
principal,NOUN,20834,3482,n,0.100000
vaccine,NOUN,20826,3483,n,0.070000
identification,NOUN,20823,3484,n,0.090000
sandwich,NOUN,20804,3485,n,0.070000
bull,NOUN,20803,3486,n,0.340000
lens,NOUN,20785,3487,n,0.040000
mainstream,ADJ,20766,3489,j,0.030000
presidency,NOUN,20723,3490,n,0.120000
integrity,NOUN,20719,3491,n,0.070000
distinct,ADJ,20706,3492,j,0.010000
intelligent,ADJ,20703,3493,j,0.070000
secondary,ADJ,20701,3494,j,0.090000
bias,NOUN,20699,3495,n,0.040000
hypothesis,NOUN,20698,3496,n,0.100000
nomination,NOUN,20678,3498,n,0.020000
delay,NOUN,20668,3499,n,0.130000
adjustment,NOUN,20658,3500,n,0.060000
sanction,NOUN,20651,3501,n,0.040000
render,VERB,20635,3502,v,0.020000
shop,VERB,20625,3503,v,0.050000
acceptable,ADJ,20624,3504,j,0.020000
mutual,ADJ,20623,3505,j,0.120000
high,ADV,20621,3506,r,0.100000
examination,NOUN,20620,3507,n,0.080000
meaningful,ADJ,20614,3508,j,0.020000
communist,ADJ,20597,3509,j,0.620000
superior,ADJ,20593,3510,j,0.160000
currency,NOUN,20592,3511,n,0.050000
collective,ADJ,20587,3512,j,0.040000
tip,VERB,20573,3513,v,0.210000
flame,NOUN,20550,3514,n,0.100000
guitar,NOUN,20550,3515,n,0.080000
doctrine,NOUN,20549,3516,n,0.110000
float,VERB,20540,3518,v,0.030000
commerce,NOUN,20539,3519,n,0.540000
invent,VERB,20537,3520,v,0.040000
robot,NOUN,20517,3521,n,0.130000
rapid,ADJ,20504,3522,j,0.100000
plain,ADJ,20479,3523,j,0.080000
respectively,ADV,20478,3524,r,0.000000
across,ADV,20474,3526,r,0.020000
particle,NOUN,20474,3525,n,0.040000
glove,NOUN,20469,3527,n,0.080000
edit,VERB,20462,3529,v,0.140000
moderate,ADJ,20421,3530,j,0.060000
jazz,NOUN,20420,3531,n,0.360000
infant,NOUN,20410,3532,n,0.070000
summary,NOUN,20407,3533,n,0.320000
leather,NOUN,20393,3535,n,0.060000
server,NOUN,20393,3534,n,0.110000
radiation,NOUN,20383,3536,n,0.070000
prompt,VERB,20380,3537,v,0.020000
function,VERB,20370,3538,v,0.010000
composition,NOUN,20367,3539,n,0.040000
operating,ADJ,20353,3540,j,0.060000
assert,VERB,20352,3541,v,0.010000
discourse,NOUN,20342,3543,n,0.070000
loud,ADV,20340,3544,r,0.050000
dump,VERB,20326,3545,v,0.050000
net,ADJ,20306,3546,j,0.160000
wildlife,NOUN,20304,3547,n,0.380000
soccer,NOUN,20295,3548,n,0.150000
complex,NOUN,20289,3549,n,0.090000
mandate,NOUN,20285,3550,n,0.050000
monitor,NOUN,20280,3551,n,0.280000
downtown,ADJ,20271,3552,j,0.120000
nightmare,NOUN,20245,3553,n,0.070000
barrel,NOUN,20229,3554,n,0.060000
homeless,ADJ,20229,3555,j,0.080000
globe,NOUN,20226,3556,n,0.340000
execute,VERB,20224,3558,v,0.020000
uncomfortable,ADJ,20224,3557,j,0.020000
feel,NOUN,20197,3559,n,0.000000
trap,VERB,20197,3560,v,0.050000
gesture,NOUN,20188,3561,n,0.020000
pale,ADJ,20183,3562,j,0.060000
tent,NOUN,20170,3563,n,0.050000
receiver,NOUN,20165,3564,n,0.030000
horizon,NOUN,20141,3565,n,0.200000
diagnosis,NOUN,20070,3566,n,0.050000
considerable,ADJ,20047,3567,j,0.020000
gospel,NOUN,20013,3568,n,0.420000
automatically,ADV,20008,3569,r,0.020000
fighting,NOUN,20007,3570,n,0.090000
stroke,NOUN,20004,3571,n,0.050000
wander,VERB,19979,3572,v,0.040000
duck,NOUN,19968,3573,n,0.280000
beast,NOUN,19956,3575,n,0.300000
grain,NOUN,19956,3574,n,0.060000
concern,VERB,19955,3576,v,0.030000
remark,NOUN,19951,3577,n,0.030000
fabric,NOUN,19948,3578,n,0.040000
civilization,NOUN,19929,3579,n,0.090000
warm,VERB,19926,3580,v,0.060000
collapse,NOUN,19925,3582,n,0.040000
corruption,NOUN,19925,3581,n,0.060000
ma'am,NOUN,19916,3583,n,0.240000
greatly,ADV,19911,3584,r,0.010000
workshop,NOUN,19894,3585,n,0.160000
inquiry,NOUN,19877,3586,n,0.100000
admire,VERB,19872,3588,v,0.020000
exclude,VERB,19871,3589,v,0.010000
rifle,NOUN,19857,3590,n,0.100000
closet,NOUN,19855,3591,n,0.050000
reporting,NOUN,19850,3592,n,0.090000
curve,NOUN,19846,3593,n,0.080000
patch,NOUN,19841,3594,n,0.130000
touchdown,NOUN,19832,3595,n,0.020000
experimental,ADJ,19828,3596,j,0.130000
earnings,NOUN,19824,3597,n,0.050000
hunter,NOUN,19821,3598,n,0.110000
fly,NOUN,19815,3599,n,0.110000
tunnel,NOUN,19814,3600,n,0.100000
corps,NOUN,19808,3601,n,0.660000
behave,VERB,19799,3602,v,0.030000
rent,VERB,19783,3603,v,0.050000
motivate,VERB,19758,3605,v,0.020000
attribute,VERB,19755,3606,v,0.010000
elderly,ADJ,19743,3607,j,0.040000
virtual,ADJ,19729,3608,j,0.130000
minimum,ADJ,19720,3609,j,0.060000
weakness,NOUN,19718,3610,n,0.030000
progressive,ADJ,19716,3611,j,0.180000
doc,NOUN,19715,3612,n,0.700000
medium,NOUN,19713,3613,n,0.050000
virtue,NOUN,19711,3614,n,0.050000
ounce,NOUN,19680,3615,n,0.020000
collapse,VERB,19671,3616,v,0.010000
delay,VERB,19657,3617,v,0.040000
athletic,ADJ,19650,3618,j,0.180000
confusion,NOUN,19634,3619,n,0.050000
legislative,ADJ,19623,3620,j,0.130000
facilitate,VERB,19617,3621,v,0.020000
midnight,NOUN,19599,3622,n,0.160000
deer,NOUN,19597,3623,n,0.160000
undergo,VERB,19593,3625,v,0.010000
way,ADV,19593,3624,r,0.010000
heritage,NOUN,19592,3626,n,0.340000
summit,NOUN,19581,3627,n,0.290000
sword,NOUN,19580,3628,n,0.120000
telescope,NOUN,19572,3629,n,0.190000
donate,VERB,19564,3630,v,0.040000
blade,NOUN,19562,3631,n,0.180000
toe,NOUN,19559,3632,n,0.030000
agriculture,NOUN,19558,3633,n,0.350000
park,VERB,19555,3634,v,0.050000
enforce,VERB,19538,3635,v,0.020000
recruit,VERB,19525,3636,v,0.030000
dose,NOUN,19458,3638,n,0.020000
integrate,VERB,19446,3640,v,0.050000
rate,VERB,19441,3641,v,0.140000
pitch,VERB,19439,3642,v,0.040000
prescription,NOUN,19428,3643,n,0.050000
retail,ADJ,19417,3644,j,0.110000
adoption,NOUN,19416,3645,n,0.090000
monthly,ADJ,19414,3646,j,0.120000
deadly,ADJ,19413,3647,j,0.070000
grave,NOUN,19407,3648,n,0.200000
rope,NOUN,19405,3649,n,0.050000
reliable,ADJ,19403,3650,j,0.060000
label,VERB,19402,3651,v,0.030000
transaction,NOUN,19400,3652,n,0.060000
lawn,NOUN,19393,3653,n,0.090000
consistently,ADV,19392,3654,r,0.020000
mount,VERB,19389,3655,v,0.050000
bubble,NOUN,19365,3656,n,0.090000
absorb,VERB,19353,3658,v,0.010000
briefly,ADV,19353,3657,r,0.070000
princess,NOUN,19338,3659,n,0.530000
blanket,NOUN,19318,3661,n,0.040000
log,NOUN,19318,3660,n,0.110000
kingdom,NOUN,19315,3663,n,0.270000
laugh,NOUN,19315,3662,n,0.040000
anticipate,VERB,19312,3664,v,0.030000
bug,NOUN,19312,3665,n,0.150000
primary,NOUN,19308,3666,n,0.040000
dedicate,VERB,19305,3667,v,0.020000
nominee,NOUN,19303,3668,n,0.050000
transformation,NOUN,19286,3669,n,0.080000
temple,NOUN,19285,3670,n,0.130000
sense,VERB,19269,3671,v,0.040000
arrival,NOUN,19265,3672,n,0.040000
frustration,NOUN,19262,3673,n,0.030000
changing,ADJ,19258,3674,j,0.120000
demonstration,NOUN,19226,3675,n,0.060000
pollution,NOUN,19218,3676,n,0.090000
poster,NOUN,19209,3677,n,0.050000
nail,NOUN,19206,3678,n,0.090000
nonprofit,ADJ,19197,3679,j,0.030000
cry,NOUN,19190,3680,n,0.060000
guidance,NOUN,19172,3681,n,0.060000
exhibit,VERB,19166,3682,v,0.060000
pen,NOUN,19160,3683,n,0.080000
interrupt,VERB,19158,3684,v,0.030000
lemon,NOUN,19153,3685,n,0.180000
bankruptcy,NOUN,19151,3686,n,0.120000
dominant,ADJ,19131,3688,j,0.020000
resign,VERB,19131,3687,v,0.020000
invasion,NOUN,19112,3689,n,0.060000
sacred,ADJ,19103,3690,j,0.160000
replacement,NOUN,19102,3691,n,0.050000
portray,VERB,19095,3692,v,0.010000
hunt,VERB,19089,3693,v,0.040000
distinguish,VERB,19085,3694,v,0.010000
melt,VERB,19071,3695,v,0.070000
consensus,NOUN,19057,3696,n,0.050000
kiss,NOUN,19047,3697,n,0.140000
hardware,NOUN,19041,3699,n,0.080000
rail,NOUN,19039,3700,n,0.080000
cold,NOUN,19037,3701,n,0.050000
mate,NOUN,19036,3702,n,0.070000
dry,VERB,19030,3703,v,0.030000
korean,ADJ,19028,3704,j,1.000000
cabin,NOUN,19019,3705,n,0.100000
dining,NOUN,19017,3706,n,0.080000
liberal,NOUN,19015,3707,n,0.160000
snake,NOUN,18993,3708,n,0.160000
tobacco,NOUN,18992,3709,n,0.160000
orientation,NOUN,18984,3710,n,0.050000
trigger,VERB,18981,3711,v,0.010000
wherever,ADV,18966,3712,r,0.180000
seize,VERB,18961,3713,v,0.040000
abuse,VERB,18959,3714,v,0.020000
mess,VERB,18949,3715,v,0.030000
punish,VERB,18930,3716,v,0.020000
sexy,ADJ,18927,3717,j,0.110000
depict,VERB,18922,3718,v,0.010000
input,NOUN,18921,3719,n,0.030000
seemingly,ADV,18903,3720,r,0.030000
widespread,ADJ,18896,3721,j,0.030000
competitor,NOUN,18893,3722,n,0.030000
flip,VERB,18889,3723,v,0.090000
freshman,NOUN,18878,3724,n,0.080000
donation,NOUN,18869,3725,n,0.060000
administrative,ADJ,18864,3726,j,0.130000
donor,NOUN,18858,3727,n,0.050000
gradually,ADV,18850,3728,r,0.120000
overlook,VERB,18846,3729,v,0.030000
toilet,NOUN,18844,3730,n,0.040000
pleased,ADJ,18827,3731,j,0.070000
resemble,VERB,18824,3732,v,0.010000
ideology,NOUN,18802,3733,n,0.040000
glory,NOUN,18788,3734,n,0.180000
maximum,ADJ,18764,3735,j,0.080000
organ,NOUN,18750,3736,n,0.050000
skip,VERB,18743,3737,v,0.120000
starting,NOUN,18738,3738,n,0.040000
brush,VERB,18733,3739,v,0.100000
brick,NOUN,18730,3740,n,0.110000
gut,NOUN,18712,3741,n,0.050000
rebel,NOUN,18704,3743,n,0.190000
reservation,NOUN,18704,3742,n,0.180000
disappointed,ADJ,18701,3744,j,0.030000
oak,NOUN,18691,3745,n,0.480000
valid,ADJ,18685,3746,j,0.020000
instructor,NOUN,18675,3747,n,0.080000
rescue,VERB,18665,3748,v,0.090000
racism,NOUN,18651,3749,n,0.070000
pension,NOUN,18644,3750,n,0.070000
diabetes,NOUN,18635,3751,n,0.140000
overall,ADV,18621,3752,r,0.490000
cluster,NOUN,18617,3753,n,0.070000
eager,ADJ,18609,3754,j,0.040000
marijuana,NOUN,18607,3755,n,0.070000
combat,NOUN,18595,3756,n,0.050000
praise,VERB,18574,3757,v,0.110000
costume,NOUN,18568,3758,n,0.060000
frequent,ADJ,18545,3760,j,0.040000
inspiration,NOUN,18543,3761,n,0.080000
orange,NOUN,18542,3762,n,0.220000
concrete,ADJ,18533,3763,j,0.040000
cooking,NOUN,18528,3764,n,0.100000
conspiracy,NOUN,18508,3765,n,0.060000
trait,NOUN,18502,3766,n,0.030000
van,NOUN,18497,3767,n,0.040000
institutional,ADJ,18477,3768,j,0.120000
garlic,NOUN,18473,3769,n,0.060000
drinking,NOUN,18467,3770,n,0.060000
crystal,NOUN,18456,3772,n,0.270000
stretch,NOUN,18453,3773,n,0.020000
pro,NOUN,18444,3774,n,0.270000
associate,NOUN,18443,3775,n,0.330000
helicopter,NOUN,18430,3776,n,0.070000
counsel,NOUN,18429,3777,n,0.050000
equation,NOUN,18417,3778,n,0.070000
roman,ADJ,18414,3779,j,0.970000
sophisticated,ADJ,18406,3780,j,0.030000
timing,NOUN,18399,3781,n,0.060000
opera,NOUN,18377,3783,n,0.320000
ethical,ADJ,18367,3784,j,0.080000
indication,NOUN,18351,3786,n,0.010000
motive,NOUN,18345,3787,n,0.030000
porch,NOUN,18345,3788,n,0.030000
reinforce,VERB,18342,3789,v,0.020000
gaze,NOUN,18339,3790,n,0.010000
lap,NOUN,18314,3792,n,0.020000
written,ADJ,18308,3793,j,0.040000
reverse,VERB,18304,3794,v,0.040000
starter,NOUN,18292,3795,n,0.070000
injure,VERB,18288,3796,v,0.010000
chronic,ADJ,18286,3797,j,0.090000
continued,ADJ,18283,3798,j,0.150000
exclusive,ADJ,18276,3799,j,0.060000
colonel,NOUN,18262,3800,n,0.720000
copy,VERB,18254,3801,v,0.180000
beef,NOUN,18253,3802,n,0.110000
abroad,ADV,18252,3803,r,0.040000
intensity,NOUN,18229,3805,n,0.030000
desire,VERB,18224,3806,v,0.010000
cave,NOUN,18219,3807,n,0.110000
basement,NOUN,18210,3808,n,0.040000
associated,ADJ,18209,3809,j,0.640000
unlike,ADJ,18191,3810,j,0.420000
fascinating,ADJ,18189,3811,j,0.080000
interact,VERB,18183,3812,v,0.020000
illustration,NOUN,18179,3813,n,0.430000
daily,ADV,18177,3814,r,0.030000
essence,NOUN,18172,3815,n,0.130000
container,NOUN,18171,3816,n,0.040000
driving,ADJ,18169,3817,j,0.070000
stuff,VERB,18158,3818,v,0.070000
dynamic,ADJ,18151,3819,j,0.080000
gym,NOUN,18149,3820,n,0.080000
bat,NOUN,18132,3821,n,0.100000
plead,VERB,18129,3822,v,0.020000
promotion,NOUN,18122,3823,n,0.090000
uncertainty,NOUN,18119,3824,n,0.050000
ownership,NOUN,18114,3825,n,0.040000
officially,ADV,18080,3826,r,0.060000
tag,NOUN,18076,3827,n,0.100000
documentary,NOUN,18071,3828,n,0.060000
stem,NOUN,18061,3829,n,0.160000
flood,NOUN,18059,3830,n,0.100000
guilt,NOUN,18057,3831,n,0.050000
inside,NOUN,18050,3832,n,0.030000
alarm,NOUN,18039,3833,n,0.040000
turkey,NOUN,18036,3834,n,0.050000
conduct,NOUN,18031,3835,n,0.050000
diagnose,VERB,18030,3836,v,0.020000
precious,ADJ,18016,3837,j,0.100000
swallow,VERB,18013,3838,v,0.030000
initiate,VERB,18004,3839,v,0.050000
fitness,NOUN,18001,3840,n,0.170000
restrict,VERB,17989,3841,v,0.020000
gulf,NOUN,17985,3842,n,0.760000
advocate,VERB,17982,3843,v,0.020000
mommy,NOUN,17978,3844,n,0.670000
unexpected,ADJ,17962,3845,j,0.040000
shrug,VERB,17959,3846,v,0.050000
agricultural,ADJ,17939,3847,j,0.160000
sacrifice,NOUN,17936,3848,n,0.040000
spectrum,NOUN,17916,3849,n,0.090000
dragon,NOUN,17915,3850,n,0.400000
bacteria,NOUN,17913,3851,n,0.040000
shore,NOUN,17908,3852,n,0.080000
pastor,NOUN,17896,3853,n,0.260000
cliff,NOUN,17891,3854,n,0.120000
ship,VERB,17891,3855,v,0.030000
adequate,ADJ,17887,3856,j,0.030000
rape,VERB,17887,3857,v,0.020000
addition,NOUN,17884,3858,n,0.030000
tackle,VERB,17881,3859,v,0.030000
occupation,NOUN,17878,3860,n,0.100000
compose,VERB,17863,3861,v,0.030000
slice,NOUN,17862,3862,n,0.040000
brave,ADJ,17860,3863,j,0.120000
military,NOUN,17849,3864,n,0.020000
stimulus,NOUN,17842,3865,n,0.030000
patent,NOUN,17836,3866,n,0.110000
powder,NOUN,17830,3867,n,0.080000
harsh,ADJ,17815,3868,j,0.040000
chaos,NOUN,17809,3869,n,0.100000
kit,NOUN,17795,3870,n,0.280000
piano,NOUN,17786,3872,n,0.100000
this,ADV,17786,3871,r,0.010000
surprisingly,ADV,17784,3873,r,0.140000
lend,VERB,17776,3874,v,0.030000
correctly,ADV,17759,3875,r,0.010000
project,VERB,17755,3876,v,0.030000
govern,VERB,17753,3877,v,0.020000
modest,ADJ,17749,3878,j,0.030000
shared,ADJ,17746,3879,j,0.050000
psychologist,NOUN,17738,3880,n,0.090000
servant,NOUN,17732,3881,n,0.050000
overwhelming,ADJ,17731,3882,j,0.010000
elevator,NOUN,17718,3883,n,0.070000
hispanic,ADJ,17705,3884,j,0.970000
divine,ADJ,17704,3885,j,0.220000
transmission,NOUN,17702,3886,n,0.060000
butt,NOUN,17681,3887,n,0.080000
commonly,ADV,17663,3888,r,0.020000
cowboy,NOUN,17658,3889,n,0.460000
ease,VERB,17652,3890,v,0.050000
intent,NOUN,17648,3891,n,0.040000
counseling,NOUN,17615,3892,n,0.120000
gentle,ADJ,17606,3893,j,0.050000
rhythm,NOUN,17605,3894,n,0.070000
short,ADV,17604,3895,r,0.010000
complexity,NOUN,17603,3896,n,0.030000
nonetheless,ADV,17584,3897,r,0.450000
effectiveness,NOUN,17583,3898,n,0.050000
lonely,ADJ,17579,3899,j,0.090000
statistical,ADJ,17575,3900,j,0.200000
longtime,ADJ,17574,3901,j,0.050000
strain,NOUN,17571,3902,n,0.030000
firm,ADJ,17560,3903,j,0.030000
garbage,NOUN,17560,3904,n,0.060000
devote,VERB,17555,3905,v,0.010000
speed,VERB,17549,3906,v,0.040000
venture,NOUN,17532,3907,n,0.150000
lock,NOUN,17526,3908,n,0.030000
aide,NOUN,17521,3909,n,0.060000
subtle,ADJ,17521,3910,j,0.030000
rod,NOUN,17510,3911,n,0.360000
top,VERB,17509,3912,v,0.090000
civilian,ADJ,17506,3913,j,0.050000
t-shirt,NOUN,17501,3914,n,0.820000
endure,VERB,17500,3915,v,0.010000
civilian,NOUN,17499,3916,n,0.030000
basket,NOUN,17488,3917,n,0.050000
strict,ADJ,17484,3918,j,0.030000
franchise,NOUN,17479,3920,n,0.030000
loser,NOUN,17479,3919,n,0.140000
saint,NOUN,17465,3921,n,0.390000
aim,NOUN,17460,3922,n,0.050000
prosecution,NOUN,17457,3923,n,0.040000
bite,NOUN,17445,3924,n,0.050000
lyrics,NOUN,17443,3925,n,0.220000
compound,NOUN,17435,3926,n,0.030000
architecture,NOUN,17424,3927,n,0.130000
reach,NOUN,17415,3928,n,0.060000
destination,NOUN,17414,3929,n,0.060000
cope,VERB,17404,3930,v,0.060000
province,NOUN,17402,3931,n,0.200000
sum,NOUN,17402,3932,n,0.040000
lecture,NOUN,17399,3933,n,0.090000
spill,VERB,17398,3934,v,0.040000
genuine,ADJ,17394,3935,j,0.040000
upstairs,ADV,17392,3936,r,0.100000
protest,VERB,17387,3937,v,0.030000
trading,NOUN,17380,3938,n,0.100000
please,VERB,17377,3939,v,0.020000
acceptance,NOUN,17373,3940,n,0.050000
revelation,NOUN,17367,3941,n,0.220000
march,VERB,17363,3942,v,0.060000
indicator,NOUN,17361,3943,n,0.070000
collaboration,NOUN,17360,3944,n,0.080000
rhetoric,NOUN,17356,3945,n,0.040000
tune,VERB,17352,3946,v,0.080000
slam,VERB,17345,3947,v,0.080000
inevitable,ADJ,17339,3948,j,0.010000
monkey,NOUN,17334,3949,n,0.180000
protocol,NOUN,17316,3951,n,0.190000
productive,ADJ,17315,3952,j,0.020000
principal,ADJ,17310,3953,j,0.160000
finish,NOUN,17287,3954,n,0.040000
jeans,NOUN,17273,3955,n,0.060000
companion,NOUN,17269,3956,n,0.100000
convict,VERB,17257,3957,v,0.010000
boost,VERB,17241,3958,v,0.040000
recipient,NOUN,17240,3959,n,0.040000
practically,ADV,17238,3960,r,0.070000
array,NOUN,17233,3961,n,0.040000
persuade,VERB,17229,3962,v,0.010000
undermine,VERB,17226,3963,v,0.010000
ranch,NOUN,17219,3965,n,0.320000
scout,NOUN,17206,3966,n,0.640000
medal,NOUN,17200,3967,n,0.240000
endless,ADJ,17193,3968,j,0.050000
translation,NOUN,17186,3969,n,0.180000
ski,NOUN,17185,3970,n,0.050000
conservation,NOUN,17184,3971,n,0.280000
habitat,NOUN,17173,3972,n,0.110000
contractor,NOUN,17156,3973,n,0.060000
trailer,NOUN,17146,3974,n,0.050000
pitcher,NOUN,17123,3975,n,0.040000
towel,NOUN,17122,3976,n,0.030000
harm,VERB,17109,3978,v,0.040000
bonus,NOUN,17099,3979,n,0.120000
dramatically,ADV,17087,3980,r,0.010000
genre,NOUN,17072,3981,n,0.040000
caller,NOUN,17070,3982,n,0.530000
exit,NOUN,17065,3983,n,0.070000
hook,NOUN,17057,3984,n,0.070000
behavioral,ADJ,17052,3985,j,0.130000
omit,VERB,17050,3986,v,0.080000
pit,NOUN,17033,3987,n,0.120000
volunteer,VERB,17024,3988,v,0.060000
boring,ADJ,17020,3989,j,0.070000
hook,VERB,17012,3990,v,0.050000
cholesterol,NOUN,17011,3992,n,0.130000
suspend,VERB,17011,3991,v,0.030000
advertisement,NOUN,16993,3994,n,0.540000
closed,ADJ,16993,3993,j,0.070000
bombing,NOUN,16988,3995,n,0.030000
consult,VERB,16987,3996,v,0.060000
encounter,NOUN,16987,3997,n,0.060000
expertise,NOUN,16978,3998,n,0.020000
creator,NOUN,16976,3999,n,0.220000
peaceful,ADJ,16963,4000,j,0.040000
upset,ADJ,16960,4001,j,0.010000
tablet,NOUN,16958,4003,n,0.090000
blow,NOUN,16948,4004,n,0.050000
ruling,NOUN,16930,4005,n,0.020000
launch,NOUN,16908,4006,n,0.070000
warming,NOUN,16906,4007,n,0.070000
equity,NOUN,16905,4008,n,0.140000
rational,ADJ,16905,4009,j,0.040000
classic,NOUN,16902,4010,n,0.310000
utilize,VERB,16898,4011,v,0.030000
pine,NOUN,16894,4012,n,0.260000
past,ADV,16892,4013,r,0.040000
bitter,ADJ,16881,4014,j,0.060000
guard,VERB,16876,4015,v,0.140000
surgeon,NOUN,16865,4016,n,0.140000
affordable,ADJ,16864,4017,j,0.260000
tennis,NOUN,16863,4018,n,0.130000
artistic,ADJ,16857,4019,j,0.050000
download,VERB,16856,4020,v,0.100000
suffering,NOUN,16837,4021,n,0.030000
accuracy,NOUN,16834,4022,n,0.050000
literacy,NOUN,16828,4023,n,0.150000
treasury,NOUN,16827,4024,n,0.810000
talented,ADJ,16822,4025,j,0.040000
crown,NOUN,16806,4026,n,0.360000
bare,ADJ,16802,4028,j,0.040000
importantly,ADV,16802,4027,r,0.070000
invisible,ADJ,16798,4029,j,0.110000
sergeant,NOUN,16794,4030,n,0.610000
regulatory,ADJ,16782,4031,j,0.130000
colony,NOUN,16776,4033,n,0.150000
thumb,NOUN,16776,4032,n,0.060000
walking,NOUN,16767,4034,n,0.080000
accessible,ADJ,16761,4035,j,0.020000
damn,VERB,16761,4036,v,0.400000
integration,NOUN,16746,4037,n,0.090000
spouse,NOUN,16732,4038,n,0.040000
award,VERB,16728,4039,v,0.060000
excitement,NOUN,16728,4040,n,0.030000
residence,NOUN,16727,4041,n,0.080000
adolescent,NOUN,16726,4043,n,0.070000
bold,ADJ,16726,4042,j,0.070000
greek,ADJ,16725,4044,j,1.000000
doll,NOUN,16714,4045,n,0.150000
oxygen,NOUN,16714,4046,n,0.060000
finance,VERB,16685,4047,v,0.070000
gravity,NOUN,16674,4048,n,0.100000
functional,ADJ,16672,4049,j,0.070000
palace,NOUN,16669,4050,n,0.390000
echo,VERB,16668,4051,v,0.070000
cotton,NOUN,16664,4052,n,0.110000
rescue,NOUN,16660,4053,n,0.150000
estimated,ADJ,16657,4054,j,0.060000
program,VERB,16652,4055,v,0.100000
endorse,VERB,16646,4056,v,0.010000
lawmaker,NOUN,16643,4057,n,0.080000
determination,NOUN,16633,4058,n,0.040000
flash,VERB,16627,4059,v,0.100000
simultaneously,ADV,16626,4060,r,0.050000
dynamics,NOUN,16623,4061,n,0.120000
shell,NOUN,16622,4062,n,0.110000
hint,NOUN,16621,4063,n,0.080000
frame,VERB,16594,4064,v,0.050000
administer,VERB,16592,4065,v,0.010000
rush,NOUN,16589,4066,n,0.030000
christianity,NOUN,16585,4067,n,0.980000
distract,VERB,16563,4068,v,0.030000
ban,NOUN,16560,4069,n,0.090000
alleged,ADJ,16528,4070,j,0.020000
statute,NOUN,16524,4071,n,0.090000
value,VERB,16523,4072,v,0.030000
biology,NOUN,16518,4073,n,0.250000
republican,ADJ,16513,4074,j,0.740000
follower,NOUN,16508,4075,n,0.040000
nasty,ADJ,16504,4076,j,0.060000
evident,ADJ,16476,4077,j,0.000000
prior,ADJ,16472,4078,j,0.050000
confess,VERB,16468,4079,v,0.030000
eligible,ADJ,16461,4080,j,0.030000
picture,VERB,16439,4081,v,0.180000
rock,VERB,16432,4082,v,0.100000
trap,NOUN,16420,4083,n,0.070000
consent,NOUN,16419,4084,n,0.050000
pump,NOUN,16418,4085,n,0.080000
bloody,ADJ,16415,4087,j,0.130000
down,NOUN,16415,4086,n,0.430000
hate,NOUN,16397,4088,n,0.080000
occasional,ADJ,16386,4089,j,0.030000
trunk,NOUN,16376,4090,n,0.040000
prohibit,VERB,16370,4091,v,0.020000
sustainable,ADJ,16363,4092,j,0.130000
belly,NOUN,16361,4093,n,0.070000
asshole,NOUN,16356,4095,n,0.110000
banking,NOUN,16356,4094,n,0.150000
journalism,NOUN,16352,4096,n,0.170000
flash,NOUN,16348,4097,n,0.210000
average,VERB,16343,4098,v,0.020000
obstacle,NOUN,16342,4099,n,0.030000
ridge,NOUN,16341,4100,n,0.490000
heal,VERB,16325,4101,v,0.030000
bastard,NOUN,16320,4102,n,0.120000
cheer,VERB,16318,4103,v,0.130000
apology,NOUN,16314,4104,n,0.080000
tumor,NOUN,16309,4105,n,0.030000
architect,NOUN,16305,4106,n,0.130000
wrist,NOUN,16293,4107,n,0.020000
harbor,NOUN,16291,4108,n,0.540000
handsome,ADJ,16284,4109,j,0.070000
bullshit,NOUN,16278,4110,n,0.190000
realm,NOUN,16277,4111,n,0.060000
bet,NOUN,16276,4112,n,0.100000
twist,VERB,16274,4113,v,0.030000
inspector,NOUN,16272,4114,n,0.280000
surveillance,NOUN,16262,4115,n,0.110000
trauma,NOUN,16257,4116,n,0.080000
rebuild,VERB,16256,4117,v,0.040000
romance,NOUN,16244,4118,n,0.100000
gross,ADJ,16241,4119,j,0.150000
deadline,NOUN,16240,4120,n,0.070000
age,VERB,16238,4121,v,0.080000
classical,ADJ,16222,4122,j,0.130000
compensation,NOUN,16221,4124,n,0.070000
convey,VERB,16221,4123,v,0.010000
insect,NOUN,16198,4125,n,0.070000
debate,VERB,16195,4126,v,0.020000
output,NOUN,16190,4127,n,0.030000
parliament,NOUN,16176,4128,n,0.480000
suite,NOUN,16164,4129,n,0.300000
fold,VERB,16148,4131,v,0.100000
separation,NOUN,16144,4132,n,0.070000
demon,NOUN,16143,4133,n,0.140000
eating,NOUN,16142,4134,n,0.070000
structural,ADJ,16138,4135,j,0.090000
equality,NOUN,16126,4137,n,0.100000
logical,ADJ,16111,4138,j,0.030000
probability,NOUN,16109,4139,n,0.040000
await,VERB,16102,4140,v,0.030000
generous,ADJ,16095,4141,j,0.030000
acquisition,NOUN,16072,4142,n,0.080000
compromise,NOUN,16070,4144,n,0.030000
custody,NOUN,16070,4143,n,0.030000
greet,VERB,16069,4145,v,0.020000
trash,NOUN,16056,4146,n,0.030000
earthquake,NOUN,16050,4148,n,0.080000
judicial,ADJ,16050,4147,j,0.150000
insane,ADJ,16042,4149,j,0.050000
realistic,ADJ,16029,4150,j,0.020000
wake,NOUN,16026,4151,n,0.120000
assemble,VERB,16017,4152,v,0.050000
necessity,NOUN,16013,4153,n,0.030000
horn,NOUN,16012,4154,n,0.240000
parameter,NOUN,16010,4155,n,0.050000
grip,NOUN,16005,4156,n,0.030000
modify,VERB,16000,4157,v,0.040000
signal,VERB,15998,4158,v,0.020000
sponsor,VERB,15998,4159,v,0.070000
mathematics,NOUN,15994,4160,n,0.160000
hallway,NOUN,15988,4161,n,0.100000
african-american,ADJ,15963,4162,j,1.000000
any,ADV,15957,4163,r,0.020000
liability,NOUN,15952,4164,n,0.070000
crawl,VERB,15944,4165,v,0.040000
theoretical,ADJ,15943,4166,j,0.080000
condemn,VERB,15942,4167,v,0.010000
fluid,NOUN,15938,4168,n,0.050000
homeland,NOUN,15934,4169,n,0.450000
technological,ADJ,15934,4170,j,0.080000
exam,NOUN,15933,4171,n,0.050000
anchor,NOUN,15923,4172,n,0.350000
spell,VERB,15921,4173,v,0.050000
conscious,ADJ,15895,4175,j,0.030000
vitamin,NOUN,15887,4176,n,0.180000
known,ADJ,15885,4177,j,0.020000
hostage,NOUN,15872,4178,n,0.040000
reserve,VERB,15866,4179,v,0.070000
actively,ADV,15862,4180,r,0.010000
mill,NOUN,15859,4181,n,0.330000
teenage,ADJ,15845,4182,j,0.150000
retrieve,VERB,15830,4184,v,0.330000
processing,NOUN,15825,4185,n,0.080000
sentiment,NOUN,15815,4186,n,0.030000
offering,NOUN,15814,4187,n,0.020000
oral,ADJ,15805,4188,j,0.130000
convinced,ADJ,15803,4189,j,0.030000
photography,NOUN,15803,4190,n,0.200000
coin,NOUN,15797,4191,n,0.080000
laptop,NOUN,15796,4192,n,0.050000
bounce,VERB,15792,4193,v,0.030000
goodness,NOUN,15790,4194,n,0.090000
affiliation,NOUN,15784,4195,n,0.600000
punch,VERB,15780,4196,v,0.060000
burst,VERB,15772,4197,v,0.020000
bee,NOUN,15760,4198,n,0.280000
blessing,NOUN,15758,4199,n,0.080000
command,VERB,15758,4200,v,0.090000
continuous,ADJ,15752,4201,j,0.240000
above,ADJ,15751,4202,j,0.010000
landing,NOUN,15743,4203,n,0.130000
repair,NOUN,15742,4204,n,0.060000
worry,NOUN,15739,4205,n,0.030000
ritual,NOUN,15737,4206,n,0.040000
bath,NOUN,15725,4207,n,0.040000
sneak,VERB,15716,4208,v,0.040000
historically,ADV,15703,4209,r,0.210000
mud,NOUN,15699,4210,n,0.080000
scan,VERB,15695,4211,v,0.080000
reminder,NOUN,15692,4212,n,0.030000
slavery,NOUN,15684,4214,n,0.090000
quantity,NOUN,15672,4216,n,0.020000
supervisor,NOUN,15672,4215,n,0.190000
pleasant,ADJ,15653,4218,j,0.130000
slope,NOUN,15651,4219,n,0.080000
skirt,NOUN,15648,4220,n,0.030000
outlet,NOUN,15645,4221,n,0.050000
curtain,NOUN,15640,4222,n,0.090000
declaration,NOUN,15635,4223,n,0.390000
seal,VERB,15632,4224,v,0.120000
immune,ADJ,15631,4225,j,0.030000
switch,NOUN,15630,4226,n,0.080000
calendar,NOUN,15617,4227,n,0.110000
paragraph,NOUN,15612,4228,n,0.050000
identical,ADJ,15611,4229,j,0.020000
credit,VERB,15608,4230,v,0.060000
regret,VERB,15607,4231,v,0.020000
quest,NOUN,15593,4232,n,0.180000
flat,NOUN,15583,4233,n,0.060000
entrepreneur,NOUN,15581,4234,n,0.080000
specify,VERB,15567,4235,v,0.030000
stumble,VERB,15561,4236,v,0.020000
clay,NOUN,15557,4237,n,0.420000
noon,NOUN,15551,4238,n,0.180000
last,ADV,15550,4239,r,0.020000
strip,VERB,15548,4240,v,0.050000
elbow,NOUN,15543,4241,n,0.040000
outstanding,ADJ,15537,4242,j,0.120000
unity,NOUN,15519,4244,n,0.150000
rent,NOUN,15515,4245,n,0.060000
manipulate,VERB,15513,4246,v,0.020000
airplane,NOUN,15512,4247,n,0.030000
portfolio,NOUN,15509,4248,n,0.090000
mysterious,ADJ,15507,4249,j,0.050000
delicious,ADJ,15506,4250,j,0.110000
northwest,NOUN,15505,4251,n,0.620000
sweat,NOUN,15505,4252,n,0.080000
profound,ADJ,15497,4253,j,0.010000
sacrifice,VERB,15484,4254,v,0.030000
treasure,NOUN,15484,4255,n,0.130000
flour,NOUN,15472,4256,n,0.040000
lightly,ADV,15472,4257,r,0.060000
rally,NOUN,15471,4258,n,0.060000
default,NOUN,15454,4259,n,0.100000
plain,NOUN,15447,4261,n,0.390000
hug,VERB,15443,4262,v,0.050000
isolate,VERB,15433,4263,v,0.030000
exploration,NOUN,15421,4264,n,0.100000
secure,ADJ,15420,4265,j,0.050000
enroll,VERB,15391,4267,v,0.020000
limb,NOUN,15391,4266,n,0.020000
charter,NOUN,15390,4269,n,0.280000
outer,ADJ,15390,4268,j,0.110000
southwest,NOUN,15385,4270,n,0.630000
escape,NOUN,15376,4271,n,0.090000
arena,NOUN,15361,4272,n,0.060000
witch,NOUN,15359,4273,n,0.210000
upcoming,ADJ,15358,4274,j,0.050000
someday,ADV,15352,4276,r,0.200000
unite,VERB,15351,4277,v,0.190000
courtesy,NOUN,15350,4278,n,0.350000
statue,NOUN,15343,4279,n,0.130000
fist,NOUN,15331,4280,n,0.060000
castle,NOUN,15330,4281,n,0.390000
precise,ADJ,15330,4282,j,0.020000
squad,NOUN,15328,4283,n,0.150000
cruise,NOUN,15327,4284,n,0.300000
joke,VERB,15321,4285,v,0.020000
legally,ADV,15315,4286,r,0.060000
embassy,NOUN,15303,4287,n,0.350000
patience,NOUN,15298,4288,n,0.130000
medium,ADJ,15296,4289,j,0.050000
thereby,ADV,15288,4290,r,0.010000
bush,NOUN,15262,4291,n,0.180000
purple,ADJ,15255,4292,j,0.190000
peer,VERB,15226,4293,v,0.100000
electrical,ADJ,15225,4294,j,0.080000
outfit,NOUN,15213,4295,n,0.030000
cage,NOUN,15211,4296,n,0.180000
retired,ADJ,15207,4297,j,0.120000
shark,NOUN,15207,4298,n,0.200000
lobby,NOUN,15206,4299,n,0.090000
sidewalk,NOUN,15203,4300,n,0.030000
near,ADV,15200,4301,r,0.050000
runner,NOUN,15188,4302,n,0.180000
ankle,NOUN,15182,4303,n,0.020000
attraction,NOUN,15180,4304,n,0.070000
fool,VERB,15179,4305,v,0.080000
artificial,ADJ,15142,4306,j,0.090000
indigenous,ADJ,15139,4308,j,0.290000
mercy,NOUN,15139,4307,n,0.220000
slap,VERB,15130,4309,v,0.050000
tune,NOUN,15126,4310,n,0.040000
candle,NOUN,15125,4312,n,0.080000
dancer,NOUN,15125,4311,n,0.100000
sexually,ADV,15120,4313,r,0.030000
needle,NOUN,15115,4314,n,0.080000
hidden,ADJ,15111,4315,j,0.080000
chronicle,NOUN,15106,4316,n,0.890000
suburb,NOUN,15106,4317,n,0.030000
toxic,ADJ,15101,4318,j,0.080000
underlying,ADJ,15095,4319,j,0.010000
sensor,NOUN,15084,4320,n,0.040000
deploy,VERB,15082,4321,v,0.020000
debut,NOUN,15081,4322,n,0.030000
star,VERB,15075,4323,v,0.100000
magnitude,NOUN,15074,4324,n,0.020000
suspicion,NOUN,15070,4325,n,0.030000
pro,ADJ,15067,4326,j,0.380000
colonial,ADJ,15065,4327,j,0.220000
icon,NOUN,15065,4328,n,0.080000
grandma,NOUN,15063,4329,n,0.610000
info,NOUN,15051,4330,n,0.160000
jurisdiction,NOUN,15049,4331,n,0.030000
iranian,ADJ,15043,4332,j,1.000000
senior,NOUN,15032,4333,n,0.100000
parade,NOUN,15028,4334,n,0.190000
seal,NOUN,15019,4335,n,0.340000
archive,NOUN,15007,4336,n,0.410000
gifted,ADJ,15000,4337,j,0.080000
rage,NOUN,14996,4338,n,0.100000
outdoor,ADJ,14995,4339,j,0.150000
ending,NOUN,14992,4340,n,0.040000
loop,NOUN,14987,4341,n,0.190000
altogether,ADV,14986,4342,r,0.060000
chase,NOUN,14979,4343,n,0.610000
burning,ADJ,14976,4344,j,0.110000
reception,NOUN,14976,4345,n,0.060000
local,NOUN,14975,4346,n,0.450000
crush,VERB,14968,4347,v,0.050000
deem,VERB,14964,4349,v,0.010000
premise,NOUN,14964,4348,n,0.020000
automatic,ADJ,14953,4350,j,0.080000
whale,NOUN,14947,4351,n,0.180000
mechanical,ADJ,14945,4352,j,0.110000
credibility,NOUN,14944,4353,n,0.020000
drain,VERB,14944,4354,v,0.170000
drift,VERB,14941,4355,v,0.030000
loyalty,NOUN,14935,4356,n,0.050000
promising,ADJ,14933,4357,j,0.030000
tide,NOUN,14929,4358,n,0.170000
traveler,NOUN,14928,4359,n,0.110000
grief,NOUN,14918,4360,n,0.060000
metaphor,NOUN,14916,4361,n,0.040000
skull,NOUN,14911,4362,n,0.120000
pursuit,NOUN,14909,4363,n,0.060000
therapist,NOUN,14907,4364,n,0.040000
backup,NOUN,14904,4365,n,0.040000
workplace,NOUN,14897,4366,n,0.060000
instinct,NOUN,14894,4367,n,0.060000
export,NOUN,14889,4368,n,0.070000
bleed,VERB,14888,4369,v,0.040000
shock,VERB,14881,4370,v,0.020000
fixed,ADJ,14876,4372,j,0.060000
broadcast,NOUN,14871,4373,n,0.060000
disclose,VERB,14858,4374,v,0.010000
execution,NOUN,14857,4375,n,0.040000
pal,NOUN,14857,4376,n,0.110000
chuckle,VERB,14855,4377,v,0.290000
pump,VERB,14855,4378,v,0.040000
density,NOUN,14854,4379,n,0.030000
correction,NOUN,14850,4380,n,0.320000
representative,ADJ,14835,4381,j,0.400000
jump,NOUN,14819,4382,n,0.070000
repair,VERB,14803,4383,v,0.040000
kinda,ADV,14792,4384,r,0.120000
relieve,VERB,14789,4385,v,0.020000
teammate,NOUN,14789,4386,n,0.030000
brush,NOUN,14780,4387,n,0.060000
corridor,NOUN,14779,4388,n,0.120000
russian,NOUN,14778,4389,n,0.990000
enthusiasm,NOUN,14777,4390,n,0.030000
extended,ADJ,14776,4391,j,0.050000
alright,ADV,14773,4393,r,0.720000
root,VERB,14773,4392,v,0.030000
panic,NOUN,14761,4394,n,0.110000
pad,NOUN,14749,4395,n,0.070000
bid,NOUN,14746,4396,n,0.040000
mild,ADJ,14741,4397,j,0.040000
productivity,NOUN,14732,4398,n,0.050000
guess,NOUN,14729,4399,n,0.040000
tuck,VERB,14721,4400,v,0.100000
defeat,NOUN,14716,4401,n,0.030000
railroad,NOUN,14713,4402,n,0.220000
frozen,ADJ,14710,4403,j,0.090000
minimize,VERB,14707,4404,v,0.020000
inspection,NOUN,14686,4406,n,0.080000
cab,NOUN,14672,4407,n,0.110000
expected,ADJ,14670,4408,j,0.030000
nonsense,NOUN,14670,4409,n,0.130000
leap,VERB,14664,4410,v,0.040000
draft,VERB,14645,4411,v,0.080000
rider,NOUN,14637,4412,n,0.160000
theology,NOUN,14636,4413,n,0.170000
terrific,ADJ,14632,4414,j,0.110000
accent,NOUN,14628,4415,n,0.040000
invitation,NOUN,14626,4416,n,0.040000
reply,NOUN,14613,4417,n,0.160000
israeli,NOUN,14606,4418,n,0.990000
liar,NOUN,14604,4419,n,0.150000
oversee,VERB,14601,4420,v,0.010000
awkward,ADJ,14591,4421,j,0.050000
registration,NOUN,14577,4422,n,0.180000
suburban,ADJ,14577,4423,j,0.150000
handle,NOUN,14576,4424,n,0.030000
momentum,NOUN,14567,4425,n,0.040000
instantly,ADV,14557,4426,r,0.070000
clerk,NOUN,14547,4427,n,0.180000
chin,NOUN,14538,4428,n,0.050000
hockey,NOUN,14536,4429,n,0.190000
laser,NOUN,14523,4430,n,0.120000
proposition,NOUN,14515,4431,n,0.280000
rob,VERB,14506,4432,v,0.070000
beam,NOUN,14505,4433,n,0.070000
ancestor,NOUN,14501,4434,n,0.030000
creativity,NOUN,14474,4435,n,0.080000
verse,NOUN,14470,4436,n,0.120000
casual,ADJ,14469,4437,j,0.070000
objection,NOUN,14466,4438,n,0.220000
clever,ADJ,14465,4439,j,0.070000
revolutionary,ADJ,14456,4442,j,0.260000
shove,VERB,14456,4441,v,0.040000
carbohydrate,NOUN,14454,4443,n,0.110000
steam,NOUN,14454,4444,n,0.170000
reportedly,ADV,14446,4445,r,0.030000
glance,NOUN,14445,4446,n,0.030000
forehead,NOUN,14437,4447,n,0.010000
resume,VERB,14434,4448,v,0.060000
slide,NOUN,14433,4449,n,0.110000
sheep,NOUN,14430,4450,n,0.080000
good,ADV,14423,4451,r,0.050000
carpet,NOUN,14417,4452,n,0.030000
cloth,NOUN,14408,4453,n,0.030000
full-time,ADJ,14401,4455,j,0.020000
interior,NOUN,14401,4454,n,0.180000
running,NOUN,14396,4456,n,0.050000
questionnaire,NOUN,14392,4457,n,0.140000
compromise,VERB,14391,4458,v,0.020000
departure,NOUN,14389,4459,n,0.040000
diplomatic,ADJ,14381,4462,j,0.040000
graph,NOUN,14381,4461,n,0.370000
thief,NOUN,14374,4463,n,0.130000
herb,NOUN,14373,4464,n,0.300000
subsidy,NOUN,14371,4465,n,0.030000
cast,NOUN,14354,4466,n,0.020000
fossil,NOUN,14345,4467,n,0.040000
patrol,NOUN,14342,4468,n,0.310000
pulse,NOUN,14341,4469,n,0.130000
mechanic,NOUN,14340,4470,n,0.130000
cattle,NOUN,14338,4471,n,0.060000
screening,NOUN,14328,4472,n,0.070000
continuing,ADJ,14322,4473,j,0.060000
electoral,ADJ,14322,4474,j,0.200000
supposedly,ADV,14318,4475,r,0.070000
dignity,NOUN,14312,4476,n,0.050000
prophet,NOUN,14308,4477,n,0.360000
commentary,NOUN,14305,4478,n,0.140000
sort,VERB,14299,4479,v,0.030000
spread,NOUN,14295,4480,n,0.030000
serving,NOUN,14291,4481,n,0.160000
safely,ADV,14286,4482,r,0.020000
homework,NOUN,14277,4483,n,0.050000
allegedly,ADV,14263,4484,r,0.030000
android,NOUN,14261,4485,n,0.860000
alpha,NOUN,14253,4486,n,0.500000
insert,VERB,14249,4487,v,0.080000
mortality,NOUN,14244,4488,n,0.060000
contend,VERB,14242,4489,v,0.010000
elephant,NOUN,14238,4490,n,0.150000
solely,ADV,14236,4491,r,0.010000
hurt,ADJ,14232,4492,j,0.040000
continent,NOUN,14230,4493,n,0.080000
attribute,NOUN,14222,4494,n,0.020000
ecosystem,NOUN,14216,4495,n,0.030000
leave,NOUN,14202,4496,n,0.090000
nearby,ADV,14195,4497,r,0.100000
olive,ADJ,14192,4498,j,0.050000
syndrome,NOUN,14192,4499,n,0.200000
minimum,NOUN,14187,4500,n,0.030000
catch,NOUN,14181,4501,n,0.090000
abstract,ADJ,14180,4502,j,0.220000
accusation,NOUN,14179,4503,n,0.020000
coming,ADJ,14178,4504,j,0.030000
sock,NOUN,14170,4505,n,0.080000
pickup,NOUN,14166,4506,n,0.040000
shuttle,NOUN,14163,4507,n,0.140000
improved,ADJ,14162,4508,j,0.080000
calculation,NOUN,14158,4509,n,0.040000
innovative,ADJ,14152,4510,j,0.060000
demographic,ADJ,14150,4511,j,0.110000
accommodate,VERB,14139,4512,v,0.010000
jaw,NOUN,14133,4513,n,0.120000
unfair,ADJ,14132,4514,j,0.030000
tragic,ADJ,14131,4515,j,0.050000
comprise,VERB,14123,4516,v,0.010000
faster,ADJ,14118,4517,j,0.030000
nutrition,NOUN,14118,4518,n,0.340000
mentor,NOUN,14114,4519,n,0.050000
stance,NOUN,14103,4520,n,0.010000
pause,NOUN,14099,4522,n,0.150000
rabbit,NOUN,14099,4521,n,0.240000
dot,NOUN,14080,4523,n,0.220000
contributor,NOUN,14076,4524,n,0.120000
cooperate,VERB,14075,4525,v,0.020000
disk,NOUN,14075,4526,n,0.050000
hesitate,VERB,14073,4527,v,0.010000
offend,VERB,14068,4529,v,0.010000
exploit,VERB,14067,4530,v,0.020000
compel,VERB,14061,4531,v,0.010000
likelihood,NOUN,14049,4532,n,0.090000
sibling,NOUN,14047,4533,n,0.040000
southeast,NOUN,14046,4534,n,0.600000
gorgeous,ADJ,14044,4535,j,0.080000
undertake,VERB,14043,4536,v,0.010000
painter,NOUN,14037,4537,n,0.140000
residential,ADJ,14034,4538,j,0.090000
counterpart,NOUN,14033,4539,n,0.010000
believer,NOUN,14032,4540,n,0.060000
lamp,NOUN,14028,4541,n,0.050000
inmate,NOUN,14023,4542,n,0.070000
thoroughly,ADV,14022,4543,r,0.030000
trace,NOUN,14018,4544,n,0.100000
freak,VERB,14012,4545,v,0.060000
filter,NOUN,14005,4546,n,0.060000
pillow,NOUN,14004,4547,n,0.050000
orbit,NOUN,14003,4548,n,0.030000
purse,NOUN,13998,4549,n,0.050000
likewise,ADV,13985,4550,r,0.580000
cease,VERB,13982,4551,v,0.050000
passing,ADJ,13970,4552,j,0.050000
feed,NOUN,13963,4553,n,0.080000
instructional,ADJ,13944,4555,j,0.090000
vanish,VERB,13944,4554,v,0.020000
clause,NOUN,13942,4556,n,0.280000
mentally,ADV,13939,4557,r,0.050000
left,NOUN,13935,4559,n,0.130000
model,VERB,13935,4558,v,0.070000
pond,NOUN,13934,4560,n,0.160000
neutral,ADJ,13933,4561,j,0.060000
shield,NOUN,13931,4562,n,0.370000
popularity,NOUN,13929,4563,n,0.020000
cartoon,NOUN,13928,4564,n,0.100000
authorize,VERB,13916,4565,v,0.020000
combined,ADJ,13905,4566,j,0.080000
exhibit,NOUN,13890,4567,n,0.090000
graphic,NOUN,13890,4569,n,0.260000
sink,NOUN,13890,4568,n,0.030000
darling,NOUN,13887,4570,n,0.250000
traditionally,ADV,13886,4571,r,0.170000
vendor,NOUN,13880,4572,n,0.060000
poorly,ADV,13877,4573,r,0.020000
conceive,VERB,13868,4574,v,0.020000
opt,VERB,13862,4575,v,0.040000
descend,VERB,13861,4576,v,0.030000
firmly,ADV,13854,4577,r,0.010000
beloved,ADJ,13852,4578,j,0.070000
openly,ADV,13834,4579,r,0.010000
gathering,NOUN,13824,4580,n,0.060000
alien,ADJ,13821,4581,j,0.130000
fever,NOUN,13809,4583,n,0.120000
stem,VERB,13809,4582,v,0.060000
preach,VERB,13805,4584,v,0.050000
interfere,VERB,13797,4585,v,0.010000
arrow,NOUN,13796,4586,n,0.180000
required,ADJ,13778,4587,j,0.040000
capitalism,NOUN,13777,4588,n,0.140000
kick,NOUN,13771,4589,n,0.060000
fork,NOUN,13767,4590,n,0.210000
survey,VERB,13766,4591,v,0.040000
meantime,NOUN,13763,4592,n,0.070000
presumably,ADV,13762,4593,r,0.150000
position,VERB,13750,4594,v,0.060000
illusion,NOUN,13749,4597,n,0.060000
racist,ADJ,13749,4595,j,0.030000
stay,NOUN,13749,4596,n,0.080000
removal,NOUN,13735,4598,n,0.060000
anxious,ADJ,13723,4599,j,0.040000
arab,NOUN,13720,4600,n,0.960000
organism,NOUN,13713,4601,n,0.020000
awake,ADJ,13699,4602,j,0.040000
sculpture,NOUN,13689,4603,n,0.080000
spare,VERB,13687,4604,v,0.080000
marine,NOUN,13677,4605,n,0.820000
harassment,NOUN,13671,4606,n,0.040000
diminish,VERB,13670,4608,v,0.010000
drum,NOUN,13670,4607,n,0.110000
helmet,NOUN,13668,4609,n,0.050000
level,ADJ,13664,4610,j,0.070000
certificate,NOUN,13657,4611,n,0.090000
tribal,ADJ,13656,4612,j,0.140000
bad,ADV,13651,4613,r,0.040000
sadly,ADV,13633,4615,r,0.410000
cart,NOUN,13625,4616,n,0.070000
spy,NOUN,13625,4617,n,0.160000
sunlight,NOUN,13624,4618,n,0.080000
delete,VERB,13618,4619,v,0.140000
rookie,NOUN,13617,4620,n,0.050000
clarify,VERB,13616,4621,v,0.020000
hunger,NOUN,13609,4622,n,0.190000
practitioner,NOUN,13606,4623,n,0.070000
performer,NOUN,13603,4624,n,0.050000
protective,ADJ,13603,4625,j,0.090000
jar,NOUN,13598,4626,n,0.090000
programming,NOUN,13597,4627,n,0.050000
dawn,NOUN,13590,4628,n,0.040000
salmon,NOUN,13579,4629,n,0.150000
census,NOUN,13578,4630,n,0.470000
pick,NOUN,13577,4631,n,0.020000
accomplishment,NOUN,13575,4632,n,0.020000
conscience,NOUN,13568,4633,n,0.050000
fortunately,ADV,13552,4634,r,0.790000
minimal,ADJ,13549,4635,j,0.030000
molecule,NOUN,13548,4636,n,0.010000
sole,ADJ,13543,4638,j,0.040000
supportive,ADJ,13543,4637,j,0.030000
threshold,NOUN,13540,4639,n,0.030000
inventory,NOUN,13538,4640,n,0.170000
comply,VERB,13533,4641,v,0.010000
monetary,ADJ,13532,4642,j,0.210000
transport,NOUN,13531,4643,n,0.120000
shy,ADJ,13525,4644,j,0.050000
drill,VERB,13524,4645,v,0.090000
influential,ADJ,13513,4646,j,0.030000
verbal,ADJ,13499,4647,j,0.100000
reward,VERB,13495,4648,v,0.020000
ranking,NOUN,13487,4649,n,0.070000
gram,NOUN,13479,4650,n,0.120000
grasp,VERB,13477,4651,v,0.030000
puzzle,NOUN,13476,4652,n,0.070000
envelope,NOUN,13474,4653,n,0.020000
heat,VERB,13463,4654,v,0.140000
classify,VERB,13459,4655,v,0.010000
enact,VERB,13451,4656,v,0.020000
unfortunate,ADJ,13445,4657,j,0.040000
scatter,VERB,13444,4658,v,0.060000
cure,NOUN,13442,4659,n,0.100000
time,VERB,13440,4660,v,0.020000
slice,VERB,13431,4662,v,0.090000
readily,ADV,13430,4663,r,0.010000
discount,NOUN,13415,4665,n,0.070000
addiction,NOUN,13411,4666,n,0.070000
emerging,ADJ,13410,4667,j,0.100000
worthy,ADJ,13410,4668,j,0.040000
marker,NOUN,13409,4669,n,0.070000
juror,NOUN,13406,4670,n,0.130000
mention,NOUN,13404,4671,n,0.050000
blend,VERB,13390,4672,v,0.070000
businessman,NOUN,13380,4673,n,0.050000
premium,NOUN,13379,4674,n,0.060000
liver,NOUN,13374,4677,n,0.060000
retailer,NOUN,13374,4675,n,0.060000
pirate,NOUN,13368,4678,n,0.430000
protester,NOUN,13352,4679,n,0.090000
outlook,NOUN,13350,4680,n,0.380000
elder,NOUN,13336,4681,n,0.260000
gallon,NOUN,13333,4682,n,0.020000
additionally,ADV,13324,4683,r,0.880000
chemistry,NOUN,13323,4685,n,0.150000
ignorance,NOUN,13323,4684,n,0.060000
sometime,ADV,13317,4686,r,0.150000
weed,NOUN,13310,4687,n,0.100000
babe,NOUN,13309,4688,n,0.370000
cook,NOUN,13308,4690,n,0.070000
fraction,NOUN,13308,4689,n,0.020000
conversion,NOUN,13304,4691,n,0.060000
object,VERB,13303,4692,v,0.030000
tolerate,VERB,13298,4693,v,0.010000
drown,VERB,13296,4695,v,0.040000
trail,VERB,13296,4694,v,0.130000
merit,NOUN,13286,4696,n,0.070000
citizenship,NOUN,13283,4697,n,0.090000
coordinator,NOUN,13280,4698,n,0.120000
validity,NOUN,13278,4699,n,0.050000
european,NOUN,13273,4700,n,0.990000
lightning,NOUN,13272,4701,n,0.220000
ambition,NOUN,13267,4703,n,0.030000
turtle,NOUN,13267,4702,n,0.380000
worldwide,ADV,13263,4704,r,0.090000
sail,VERB,13257,4705,v,0.070000
added,ADJ,13256,4706,j,0.080000
delicate,ADJ,13248,4707,j,0.030000
comic,NOUN,13245,4708,n,0.190000
soap,NOUN,13244,4709,n,0.100000
hostile,ADJ,13242,4710,j,0.030000
instruct,VERB,13240,4711,v,0.020000
shortage,NOUN,13236,4712,n,0.020000
useless,ADJ,13235,4713,j,0.040000
booth,NOUN,13234,4714,n,0.080000
diary,NOUN,13233,4715,n,0.220000
gasp,VERB,13228,4716,v,0.290000
suspicious,ADJ,13224,4717,j,0.030000
transit,NOUN,13220,4718,n,0.210000
excite,VERB,13219,4719,v,0.020000
publishing,NOUN,13216,4720,n,0.370000
curiosity,NOUN,13208,4721,n,0.140000
grid,NOUN,13205,4722,n,0.080000
rolling,ADJ,13198,4723,j,0.440000
bow,NOUN,13189,4724,n,0.030000
cruel,ADJ,13185,4725,j,0.050000
disclosure,NOUN,13185,4726,n,0.130000
rival,NOUN,13176,4727,n,0.040000
denial,NOUN,13171,4728,n,0.070000
flood,VERB,13171,4730,v,0.050000
secular,ADJ,13171,4729,j,0.060000
speculation,NOUN,13167,4731,n,0.050000
sympathy,NOUN,13166,4732,n,0.040000
tender,ADJ,13158,4733,j,0.050000
inappropriate,ADJ,13156,4734,j,0.050000
o'clock,ADV,13146,4735,r,0.020000
sodium,NOUN,13145,4736,n,0.160000
divorce,VERB,13133,4737,v,0.050000
bang,VERB,13122,4739,v,0.120000
spring,VERB,13122,4738,v,0.050000
challenging,ADJ,13118,4740,j,0.030000
ipad,NOUN,13111,4741,n,0.000000
sack,NOUN,13104,4742,n,0.040000
barn,NOUN,13093,4743,n,0.130000
reliability,NOUN,13090,4744,n,0.100000
hormone,NOUN,13088,4745,n,0.050000
carve,VERB,13085,4747,v,0.040000
footage,NOUN,13085,4746,n,0.030000
alley,NOUN,13070,4748,n,0.220000
ease,NOUN,13065,4749,n,0.040000
coastal,ADJ,13059,4750,j,0.170000
cafe,NOUN,13055,4751,n,0.480000
partial,ADJ,13052,4752,j,0.060000
flexible,ADJ,13049,4753,j,0.050000
experienced,ADJ,13044,4754,j,0.040000
mixed,ADJ,13032,4755,j,0.070000
vampire,NOUN,13030,4756,n,0.220000
optimistic,ADJ,13027,4757,j,0.020000
dessert,NOUN,13024,4758,n,0.100000
well-being,NOUN,13022,4759,n,0.040000
northeast,NOUN,13021,4760,n,0.540000
specialize,VERB,13006,4761,v,0.030000
fleet,NOUN,13005,4762,n,0.170000
availability,NOUN,13004,4763,n,0.070000
compliance,NOUN,12998,4764,n,0.080000
pin,NOUN,12991,4765,n,0.140000
pork,NOUN,12986,4766,n,0.120000
astronomer,NOUN,12976,4767,n,0.160000
like,NOUN,12976,4768,n,0.040000
forbid,VERB,12965,4769,v,0.020000
installation,NOUN,12961,4770,n,0.060000
boil,VERB,12959,4771,v,0.060000
nest,NOUN,12951,4772,n,0.130000
exclusively,ADV,12948,4773,r,0.010000
goat,NOUN,12944,4774,n,0.130000
equip,VERB,12943,4776,v,0.040000
shallow,ADJ,12943,4775,j,0.030000
equivalent,NOUN,12941,4777,n,0.010000
betray,VERB,12934,4778,v,0.030000
willingness,NOUN,12933,4779,n,0.010000
banker,NOUN,12931,4780,n,0.150000
interval,NOUN,12928,4781,n,0.030000
encouraging,ADJ,12925,4783,j,0.040000
gasoline,NOUN,12925,4782,n,0.060000
rain,VERB,12924,4784,v,0.070000
exchange,VERB,12921,4785,v,0.010000
bucket,NOUN,12920,4786,n,0.060000
theft,NOUN,12907,4787,n,0.120000
laundry,NOUN,12903,4788,n,0.080000
constraint,NOUN,12902,4789,n,0.030000
dying,ADJ,12893,4790,j,0.060000
hatred,NOUN,12892,4791,n,0.030000
jewelry,NOUN,12891,4792,n,0.090000
migration,NOUN,12885,4793,n,0.130000
invention,NOUN,12883,4794,n,0.070000
loving,ADJ,12868,4795,j,0.070000
revenge,NOUN,12868,4796,n,0.140000
unprecedented,ADJ,12862,4797,j,0.020000
outline,VERB,12859,4798,v,0.020000
sheer,ADJ,12854,4799,j,0.040000
halloween,NOUN,12852,4800,n,0.980000
spit,VERB,12849,4802,v,0.080000
sweetheart,NOUN,12849,4801,n,0.200000
lazy,ADJ,12843,4803,j,0.070000
intimate,ADJ,12841,4804,j,0.050000
defender,NOUN,12834,4805,n,0.150000
technically,ADV,12830,4806,r,0.210000
battle,VERB,12822,4807,v,0.040000
cure,VERB,12811,4808,v,0.040000
peanut,NOUN,12808,4809,n,0.200000
unclear,ADJ,12805,4810,j,0.020000
piss,VERB,12791,4811,v,0.060000
workout,NOUN,12786,4812,n,0.060000
wilderness,NOUN,12785,4813,n,0.210000
compelling,ADJ,12784,4814,j,0.020000
arm,VERB,12779,4816,v,0.120000
backyard,NOUN,12774,4817,n,0.060000
alike,ADV,12770,4818,r,0.010000
partially,ADV,12770,4819,r,0.030000
guardian,NOUN,12766,4821,n,0.450000
transport,VERB,12766,4820,v,0.030000
passionate,ADJ,12756,4822,j,0.030000
scripture,NOUN,12756,4823,n,0.570000
ideological,ADJ,12746,4825,j,0.020000
midst,NOUN,12746,4824,n,0.010000
thrive,VERB,12742,4827,v,0.030000
sensitivity,NOUN,12741,4828,n,0.050000
trigger,NOUN,12735,4829,n,0.050000
emotionally,ADV,12733,4830,r,0.040000
ignorant,ADJ,12730,4831,j,0.030000
explicitly,ADV,12728,4832,r,0.010000
unfold,VERB,12727,4833,v,0.020000
eternal,ADJ,12724,4835,j,0.120000
headache,NOUN,12724,4834,n,0.050000
chop,VERB,12715,4836,v,0.110000
ego,NOUN,12711,4837,n,0.080000
spectacular,ADJ,12709,4838,j,0.070000
deposit,NOUN,12707,4839,n,0.070000
verdict,NOUN,12702,4840,n,0.050000
accountability,NOUN,12699,4842,n,0.160000
nominate,VERB,12699,4843,v,0.040000
regard,NOUN,12699,4841,n,0.040000
civic,ADJ,12697,4844,j,0.280000
uncover,VERB,12692,4845,v,0.050000
critique,NOUN,12684,4846,n,0.070000
aisle,NOUN,12675,4847,n,0.030000
tropical,ADJ,12673,4848,j,0.180000
annually,ADV,12669,4849,r,0.010000
blast,NOUN,12661,4851,n,0.070000
compassion,NOUN,12648,4853,n,0.080000
corrupt,ADJ,12648,4852,j,0.040000
scratch,VERB,12637,4854,v,0.070000
verify,VERB,12629,4855,v,0.030000
offender,NOUN,12622,4856,n,0.040000
inherit,VERB,12611,4857,v,0.030000
strive,VERB,12596,4858,v,0.030000
downtown,ADV,12591,4859,r,0.110000
chunk,NOUN,12574,4860,n,0.030000
appreciation,NOUN,12571,4861,n,0.060000
canvas,NOUN,12570,4862,n,0.040000
punch,NOUN,12563,4863,n,0.060000
short-term,ADJ,12550,4864,j,0.050000
proceedings,NOUN,12549,4865,n,0.220000
magical,ADJ,12544,4866,j,0.070000
loyal,ADJ,12539,4867,j,0.040000
desperately,ADV,12530,4869,r,0.030000
throne,NOUN,12528,4870,n,0.430000
brutal,ADJ,12526,4871,j,0.030000
propaganda,NOUN,12518,4873,n,0.060000
irony,NOUN,12516,4874,n,0.040000
soda,NOUN,12515,4875,n,0.070000
projection,NOUN,12504,4876,n,0.070000
dutch,ADJ,12496,4877,j,1.000000
parental,ADJ,12490,4878,j,0.100000
disabled,ADJ,12489,4879,j,0.050000
collector,NOUN,12480,4880,n,0.110000
re-election,NOUN,12476,4881,n,0.010000
disappointment,NOUN,12475,4882,n,0.040000
comic,ADJ,12473,4883,j,0.110000
aid,VERB,12471,4884,v,0.040000
happily,ADV,12458,4885,r,0.100000
steep,ADJ,12454,4886,j,0.030000
fancy,ADJ,12450,4887,j,0.060000
counter,VERB,12446,4888,v,0.030000
listener,NOUN,12445,4889,n,0.050000
public,ADV,12443,4891,r,0.020000
whip,VERB,12443,4890,v,0.080000
drawer,NOUN,12435,4892,n,0.030000
heck,NOUN,12434,4893,n,0.290000
developmental,ADJ,12433,4894,j,0.140000
ideal,NOUN,12428,4895,n,0.020000
ash,NOUN,12427,4896,n,0.080000
socially,ADV,12426,4897,r,0.030000
courtroom,NOUN,12425,4898,n,0.050000
stamp,NOUN,12425,4899,n,0.090000
solo,NOUN,12423,4900,n,0.180000
trainer,NOUN,12418,4901,n,0.100000
induce,VERB,12416,4902,v,0.020000
anytime,NOUN,12412,4903,n,0.200000
morality,NOUN,12409,4904,n,0.060000
syrian,ADJ,12405,4905,j,1.000000
bride,NOUN,12400,4907,n,0.180000
pipeline,NOUN,12400,4906,n,0.090000
instant,ADJ,12399,4908,j,0.140000
doorway,NOUN,12395,4910,n,0.020000
spark,VERB,12395,4909,v,0.100000
interface,NOUN,12393,4911,n,0.060000
casino,NOUN,12390,4913,n,0.100000
learner,NOUN,12390,4912,n,0.080000
placement,NOUN,12390,4914,n,0.070000
conception,NOUN,12388,4917,n,0.060000
cord,NOUN,12388,4915,n,0.050000
fan,VERB,12388,4916,v,0.110000
flexibility,NOUN,12388,4918,n,0.050000
tax,VERB,12374,4920,v,0.040000
elegant,ADJ,12371,4921,j,0.050000
flaw,NOUN,12369,4922,n,0.020000
locker,NOUN,12368,4923,n,0.030000
peel,VERB,12364,4924,v,0.090000
campaign,VERB,12363,4925,v,0.100000
twist,NOUN,12352,4926,n,0.030000
spell,NOUN,12350,4927,n,0.050000
objective,ADJ,12348,4928,j,0.040000
plea,NOUN,12345,4929,n,0.050000
goddamn,ADJ,12338,4930,j,0.110000
import,NOUN,12336,4931,n,0.060000
stack,NOUN,12330,4932,n,0.090000
philosophical,ADJ,12320,4934,j,0.070000
junk,NOUN,12319,4935,n,0.080000
bicycle,NOUN,12317,4936,n,0.110000
vocal,ADJ,12312,4937,j,0.060000
chew,VERB,12299,4938,v,0.090000
destiny,NOUN,12299,4939,n,0.200000
ambitious,ADJ,12298,4940,j,0.020000
unbelievable,ADJ,12297,4941,j,0.240000
vice,NOUN,12292,4942,n,0.760000
halfway,ADV,12286,4943,r,0.120000
jealous,ADJ,12285,4944,j,0.080000
sphere,NOUN,12268,4945,n,0.070000
invade,VERB,12265,4946,v,0.020000
sponsor,NOUN,12261,4947,n,0.090000
excessive,ADJ,12254,4948,j,0.060000
countless,ADJ,12253,4949,j,0.050000
sunset,NOUN,12247,4950,n,0.330000
accounting,NOUN,12243,4952,n,0.160000
interior,ADJ,12243,4951,j,0.290000
faithful,ADJ,12238,4953,j,0.080000
freely,ADV,12225,4954,r,0.020000
extract,VERB,12222,4955,v,0.030000
adaptation,NOUN,12219,4956,n,0.070000
ray,NOUN,12217,4957,n,0.130000
depressed,ADJ,12214,4958,j,0.030000
emperor,NOUN,12213,4959,n,0.470000
wagon,NOUN,12213,4960,n,0.070000
columnist,NOUN,12211,4961,n,0.100000
jungle,NOUN,12210,4962,n,0.170000
embarrassed,ADJ,12208,4963,j,0.040000
breeze,NOUN,12205,4965,n,0.080000
trillion,NOUN,12205,4964,n,0.080000
blame,NOUN,12192,4966,n,0.030000
foster,VERB,12185,4967,v,0.030000
venue,NOUN,12178,4968,n,0.030000
discourage,VERB,12176,4969,v,0.010000
disturbing,ADJ,12172,4970,j,0.020000
isolation,NOUN,12165,4972,n,0.050000
riot,NOUN,12165,4971,n,0.120000
explicit,ADJ,12162,4973,j,0.020000
commodity,NOUN,12158,4974,n,0.070000
attendance,NOUN,12157,4975,n,0.070000
tab,NOUN,12156,4976,n,0.140000
consequently,ADV,12152,4977,r,0.620000
dough,NOUN,12151,4978,n,0.050000
novel,ADJ,12151,4979,j,0.050000
streak,NOUN,12142,4980,n,0.040000
silk,NOUN,12138,4981,n,0.100000
similarity,NOUN,12128,4982,n,0.030000
steak,NOUN,12124,4983,n,0.120000
dancing,NOUN,12121,4984,n,0.150000
petition,NOUN,12115,4985,n,0.070000
viable,ADJ,12111,4986,j,0.010000
breathing,NOUN,12110,4987,n,0.040000
balloon,NOUN,12102,4989,n,0.080000
monument,NOUN,12094,4990,n,0.250000
try,NOUN,12093,4991,n,0.040000
cue,NOUN,12092,4992,n,0.080000
sleeve,NOUN,12091,4993,n,0.020000
toll,NOUN,12080,4994,n,0.050000
reluctant,ADJ,12077,4995,j,0.030000
warrant,NOUN,12077,4996,n,0.040000
stiff,ADJ,12076,4997,j,0.040000
softly,ADV,12072,4999,r,0.060000
sudden,ADV,12072,5000,r,0.000000
tattoo,NOUN,12072,4998,n,0.070000
graduation,NOUN,12066,5001,n,0.060000
deliberately,ADV,12064,5003,r,0.020000
japanese,NOUN,12064,5002,n,1.000000
consecutive,ADJ,12059,5004,j,0.010000
associate,ADJ,12053,5006,j,0.230000
upgrade,VERB,12053,5005,v,0.050000
accurately,ADV,12052,5007,r,0.010000
strictly,ADV,12034,5008,r,0.070000
leak,VERB,12029,5009,v,0.020000
casualty,NOUN,12017,5010,n,0.050000
risky,ADJ,12017,5011,j,0.030000
banana,NOUN,12015,5012,n,0.180000
blank,ADJ,12014,5013,j,0.090000
beneficial,ADJ,12013,5014,j,0.020000
shrink,VERB,12008,5015,v,0.020000
chat,VERB,11999,5016,v,0.040000
rack,NOUN,11999,5017,n,0.050000
rude,ADJ,11999,5018,j,0.060000
usage,NOUN,11995,5019,n,0.050000
testament,NOUN,11993,5020,n,0.680000
browser,NOUN,11987,5021,n,0.040000
processor,NOUN,11981,5022,n,0.030000
thigh,NOUN,11981,5023,n,0.030000
perceived,ADJ,11974,5024,j,0.070000
yield,NOUN,11970,5025,n,0.110000
talking,NOUN,11958,5026,n,0.080000
merchant,NOUN,11955,5027,n,0.180000
quantum,NOUN,11949,5028,n,0.180000
eyebrow,NOUN,11943,5029,n,0.020000
surrounding,ADJ,11942,5030,j,0.010000
vocabulary,NOUN,11941,5031,n,0.070000
ashamed,ADJ,11937,5032,j,0.030000
radar,NOUN,11932,5034,n,0.080000
stunning,ADJ,11930,5035,j,0.040000
murderer,NOUN,11928,5036,n,0.080000
burger,NOUN,11920,5037,n,0.340000
collar,NOUN,11916,5038,n,0.040000
align,VERB,11912,5039,v,0.030000
textbook,NOUN,11905,5040,n,0.050000
sensation,NOUN,11903,5041,n,0.040000
afterward,ADV,11893,5042,r,0.250000
charm,NOUN,11889,5043,n,0.080000
sunny,ADJ,11889,5044,j,0.290000
hammer,NOUN,11886,5045,n,0.340000
keyboard,NOUN,11885,5046,n,0.050000
persist,VERB,11880,5047,v,0.010000
wheat,NOUN,11877,5048,n,0.150000
predator,NOUN,11876,5049,n,0.140000
bizarre,ADJ,11875,5050,j,0.040000
