id,title,level,score_10,content,spanish,level_fit,translation,questions,learning_value,reason,issues,source_path,source_sha256,model
free_es_a0_calles_con_sombra_1782240401,Calles con sombra,A0,8,2,1,1,1,2,1,"Есть понятная ситуация: журналист спрашивает о старом районе, а ответы связывают узкие улицы и устройство домов с защитой от жары. Вопросы проверяют и детали, и общий смысл.","«¿Qué es especial aquí?» звучит неестественно; лучше «¿Qué tiene de especial este lugar?» | «Entonces, hay menos calor en casa» — неестественная связка вывода: ранее сказано, что узкие улицы дают тень, но не что дома прохладнее.",courses/spanish-grammar/reading/texts/free_es_a0_calles_con_sombra_1782240401.json,f7677e3d67abff184f098e128438fd2fcbe2aa23a71d0d6e8dbaa560a4af93e1,gpt-6-luna
free_es_a0_cena_a_las_nueve_1782924472,Cena a las nueve,A0,5,1,1,1,1,1,0,"Короткий текст подходит для A0, но это в основном ряд предложений о времени и еде без развития ситуации. Все ответы ключа верны, вопросы почти дословно проверяют факты.","«Es hora de cena» звучит менее естественно, чем «Es la hora de cenar» или «Es hora de cenar».",courses/spanish-grammar/reading/texts/free_es_a0_cena_a_las_nueve_1782924472.json,4f03699abdb9c85bb6b5cc2da81fdca49a16cf77b5ac592658f510f6721e5537,gpt-6-luna
free_es_a0_churros_por_la_ma_ana_1782924468,Churros por la mañana,A0,7,1,2,1,1,1,1,"Простые естественные фразы дают минимальный контекст заказа завтрака. Все ключи верны, но вопросы буквальные и однообразные.",,courses/spanish-grammar/reading/texts/free_es_a0_churros_por_la_ma_ana_1782924468.json,bb5b0232670c8b257af6f8ec5aaf4e3242016915cea0fef26553569e3759c2d7,gpt-6-luna
free_es_a0_comida_a_las_dos_1782924471,Comida a las dos,A0,5,1,1,1,1,1,0,"Текст подходит для A0, однако остается перечнем времени и еды без развития ситуации. Все ключи верны, но вопросы проверяют отдельные слова и факты.",«Es hora de comida» неестественно; обычно говорят «Es la hora de comer» или «Es hora de comer».,courses/spanish-grammar/reading/texts/free_es_a0_comida_a_las_dos_1782924471.json,5c410f33662e6c14c9d94657007373b415b90efccec1243a85c4e60ca494f101,gpt-6-luna
free_es_a0_desayuno_a_las_ocho_1782924470,Desayuno a las ocho,A0,5,1,1,1,1,1,0,"Текст понятен на A0, но представляет собой ряд несвязанных сведений о времени и еде. Все ключи верны, вопросы буквальные.",«Es hora de desayuno» неестественно; лучше «Es la hora de desayunar» или «Es hora de desayunar».,courses/spanish-grammar/reading/texts/free_es_a0_desayuno_a_las_ocho_1782924470.json,21773d055a22ac8a1c6e15145d694aef6505d67acd53ea4f57701c29952f75f4,gpt-6-luna
free_es_a0_dos_apellidos_1782238797,Dos apellidos,A0,7,2,1,1,1,1,1,"Текст последовательно объясняет обычай двух фамилий и его практический смысл. Факты изложены упрощенно, но в целом без явной ошибки; вопросы верны, однако почти все проверяют прямое воспроизведение.","«Así, el nombre completo es claro» не объясняет, почему две фамилии делают полное имя понятным; формулировка выглядит искусственно.",courses/spanish-grammar/reading/texts/free_es_a0_dos_apellidos_1782238797.json,6bebb10f5ad6d77b95aa360ef162f14f496da018c9ba07876d1db25a1989618e,gpt-6-luna
free_es_a0_dos_horas_en_la_tienda_1782238110,Dos horas en la tienda,A0,6,2,0,1,0,2,1,"Понятная мини-ситуация показывает, как покупатель читает расписание магазина; вопросы разнообразно проверяют детали и смысл. Однако ключевая фраза на испанском противоречит переводу.","«En la puerta hay dos horas» значит «На двери есть два часа», а не «указаны два времени работы»; естественно: «En la puerta hay dos horarios». | «Una hora es por la mañana» и «Otra hora es por la tarde» говорят о часе, а не о периодах работы; русские строки сглаживают эту смысловую ошибку.",courses/spanish-grammar/reading/texts/free_es_a0_dos_horas_en_la_tienda_1782238110.json,ab32e6bde102092f1fb772ec7da21c09d3b0fb786fa7e9b254bcbbfec3e6f87f,gpt-6-luna
free_es_a0_dos_lenguas_1782240801,Dos lenguas,A0,8,2,1,1,1,2,1,Диалог имеет понятную цель: разобраться в названиях на табличках. Вопросы проверяют факты и вывод о табличках; формулировка решения во множественном числе не совпадает с ключом.,"В вопросе «Мужчина решает смотреть на таблички внимательнее» неверно указан говорящий: это говорит speaker_a, а не speaker_b. Поэтому ключ true ошибочен. | «¿por qué hay dos nombres aquí?» не вполне соответствует ответу, который перечисляет два языка; естественнее спросить, почему здесь два языка или два названия на табличках.",courses/spanish-grammar/reading/texts/free_es_a0_dos_lenguas_1782240801.json,d5150e035c79eacc388eaa4df30e0a9ac0f0888263d1754bbd6fbb993d97fff9,gpt-6-luna
free_es_a0_el_n_mero_nie_1782239427,El número NIE,A0,7,2,1,1,1,1,1,"Текст дает полезную базовую информацию о NIE и TIE, но состоит преимущественно из отдельных утверждений; вопросы верны и буквальны.","«El NIE es para personas extranjeras» чрезмерно упрощает назначение NIE и может создать впечатление, что он требуется всем иностранцам.",courses/spanish-grammar/reading/texts/free_es_a0_el_n_mero_nie_1782239427.json,e64503948bfdf87979f237d162b5d1c0fb3828f90cb99a3505a1362d3a73cc7c,gpt-6-luna
free_es_a0_el_palacio_antiguo_1782240757,El palacio antiguo,A0,8,2,1,1,1,2,1,"Диалог складывается в экскурсионную ситуацию: посетитель узнает о дворце и выясняет, где купить билет. Вопросы охватывают факты и детали маршрута.","«El agua da fresco» неестественно; лучше «El agua refresca» или «El agua da frescor». | В вопросе «Билет покупают у маленького окна» неверна деталь: в тексте указана большая дверь, но окно вообще не упоминается. Ответ false выводится из отсутствия этой детали, а не из прямого противопоставления.",courses/spanish-grammar/reading/texts/free_es_a0_el_palacio_antiguo_1782240757.json,974a32f8a6c86ddeecbdad457093e5ae5b0326f160d98b5909556a7df49882e2,gpt-6-luna
free_es_a0_gazpacho_fr_o_1782924467,Gazpacho frío,A0,8,2,2,1,1,1,1,"Короткая связная зарисовка о гаспачо в жаркий день; вопросы верны, но проверяют только прямые факты.",,courses/spanish-grammar/reading/texts/free_es_a0_gazpacho_fr_o_1782924467.json,54dd94f9e63f5b14c5e6d83dc89de26840743349672782b13aa61348f6941f12,gpt-6-luna
free_es_a0_hola_todo_el_d_a_1782238178,Hola todo el día,A0,7,2,1,1,1,1,1,"Есть понятный переход от объяснения употребления hola к примеру на уроке, но формулировки местами неестественны, а вопросы буквальны.",«La clase entiende bien» звучит неестественно в значении «класс хорошо её понимает».,courses/spanish-grammar/reading/texts/free_es_a0_hola_todo_el_d_a_1782238178.json,84e3300321972fdc859183c13bf52aa5883d9512446971940c61263097de14f5,gpt-6-luna
free_es_a0_islas_de_espa_a_1782240917,Islas de España,A0,7,2,1,1,1,1,1,"Диалог последовательно отвечает на вопросы об островах Испании и завершается выводом; отдельные реплики звучат механически, вопросы буквальны.","«Sí, pero hay viento y mar» — неестественная связка: ветер и море не объясняют оговорку «но».",courses/spanish-grammar/reading/texts/free_es_a0_islas_de_espa_a_1782240917.json,e6896b1651dca8c036b8608d5d98a2d0ecb70fadf0bed9c5cebdfb00e0511191,gpt-6-luna
free_es_a0_la_bandera_de_espa_a_1782924459,La bandera de España,A0,8,2,2,1,1,1,1,"Простая последовательная зарисовка с флагом; вопросы верны, но проверяют только буквальные детали.","«Tiene rojo, amarillo y rojo» перечисляет полосы без указания их ширины, поэтому описание флага неполное.",courses/spanish-grammar/reading/texts/free_es_a0_la_bandera_de_espa_a_1782924459.json,972dd03f0c71c6557e37210076abbbcd40bc7bb81fa5844e6183ced7159f8f9e,gpt-6-luna
free_es_a0_la_farmacia_1782238932,La farmacia,A0,5,1,1,1,1,1,0,"Связанные с аптекой факты идут списком без ситуации или объясняющих связей; вопросы правильны, но буквальны.","«La cruz está en la calle» неясно указывает, что именно находится на улице; естественнее сказать, что крест виден на фасаде или аптеке.",courses/spanish-grammar/reading/texts/free_es_a0_la_farmacia_1782238932.json,b59378c22f9a554744acedca7eefea6a06534034f5c127f49c68463afe4b9e56,gpt-6-luna
free_es_a0_la_letra_1782238448,La letra ñ,A0,6,1,1,1,1,1,1,"Текст сообщает полезный факт о ñ, но в основном повторяет одну мысль; вопросы верны и почти все буквальны.","«La letra ñ en español.» — незавершённое предложение; «En español, ñ cambia palabras» звучит слишком обобщённо без примера того, как меняется значение.",courses/spanish-grammar/reading/texts/free_es_a0_la_letra_1782238448.json,8742510905ec31368f0ab132f30694a66ef2720506aa489004fec73c7e26fc81,gpt-6-luna
free_es_a0_la_muralla_romana_1782240714,La muralla romana,A0,7,2,1,1,1,1,1,"Внятная туристическая ситуация: посетитель спрашивает об истории и входе; вопросы верны, но буквальны. Есть неестественная реплика о городе.","«¿La ciudad está dentro?» звучит неестественно; естественнее спросить, находится ли старый город за стеной.",courses/spanish-grammar/reading/texts/free_es_a0_la_muralla_romana_1782240714.json,8e4dd07abc3b4b33a516db32757fa8203f1ba689dd690ccdf6d33e01e0f2be33,gpt-6-luna
free_es_a0_la_paella_1782924464,La paella,A0,8,2,2,1,1,1,1,"Короткая связная зарисовка о еде; вопросы правильны, но проверяют лишь явные факты.",,courses/spanish-grammar/reading/texts/free_es_a0_la_paella_1782924464.json,4c333fd452a0cc2196bd59e3fd92cf4fa452dbcbe0cd1808c7214a51834d43b0,gpt-6-luna
free_es_a0_la_tienda_1782240658,La tienda,A0,7,2,1,1,1,1,1,"Практичная ситуация с расписанием магазина и покупкой; вопросы верны, но буквальны. Одна реплика нарушает логику времени.","После слов «cerramos a las dos» и «vuelvo a las cinco» реплика «Ahora tiene quince minutos» не согласуется с расписанием: непонятно, откуда берутся пятнадцать минут.",courses/spanish-grammar/reading/texts/free_es_a0_la_tienda_1782240658.json,1b1eb6e2c01e097725acb2dd60236a4a73c0adc87b86390c0dbbb7ecb5026005,gpt-6-luna
free_es_a0_madrid_es_capital_1782924461,Madrid es capital,A0,8,2,2,1,1,1,1,"Простая связная зарисовка о прогулке по столице; вопросы верны, но буквальны.",,courses/spanish-grammar/reading/texts/free_es_a0_madrid_es_capital_1782924461.json,056687a205cee5bf1e65fea9f1f37be8797f7bfc6665450bdcb001d74ed248a2,gpt-6-luna
free_es_a0_mapa_de_espa_a_1782240876,Mapa de España,A0,8,2,2,1,1,1,1,"Понятный мини-диалог о карте и маршруте; реплика о маршруте связывает факты, хотя объяснение очень краткое. Испанский и перевод естественны. Вопросы в основном проверяют прямые факты.",Вопрос «Мужчина сначала едет на север» неверно приписывает говорящему мужской род: в диалоге он не указан.,courses/spanish-grammar/reading/texts/free_es_a0_mapa_de_espa_a_1782240876.json,8d4890ed4519aadae266fb482e52c61a5c0ee276050c7bc6de14c6b47b8bea26,gpt-6-luna
free_es_a0_mara_y_la_taza_azul_1782923701,Mara y la taza azul,A0,5,1,1,1,1,1,0,"Диалог начинается с чашки, но ответ «La calle tiene sol hoy» не объясняет, почему чашка здесь; последующая продажа кофе на улице лишь частично связывает реплики. Испанский грамматически понятен, но разговор звучит неестественно.","«La calle tiene sol hoy» — неестественный ответ на «¿Por qué está aquí?»; фраза скорее сообщает, что сегодня солнечно на улице, но не объясняет присутствие чашки.",courses/spanish-grammar/reading/texts/free_es_a0_mara_y_la_taza_azul_1782923701.json,464179370c7f08e7a1cc9d8d298add65516bd6ac2e583f23b1918927113b9f92,gpt-6-luna
free_es_a0_men_del_d_a_1782238365,Menú del día,A0,8,2,2,1,1,1,1,"Краткое связное описание меню дня с полезной бытовой информацией, хотя подача напоминает перечень свойств. Испанский и русский перевод точны; вопросы преимущественно буквальные.",,courses/spanish-grammar/reading/texts/free_es_a0_men_del_d_a_1782238365.json,845547a588e660ddb61f433fed87702b2dd48d25980bfc37e9d4af34990391fe,gpt-6-luna
free_es_a0_mi_nombre_completo_1782924463,Mi nombre completo,A0,6,1,2,1,1,1,0,"Все предложения относятся к имени героя, но текст почти полностью повторяет одну информацию и не развивает ситуацию. Язык и перевод корректны; вопросы проверяют только прямое понимание.","«Mi nombre completo es largo» повторяет сведения о компонентах имени, не добавляя содержательного контекста.",courses/spanish-grammar/reading/texts/free_es_a0_mi_nombre_completo_1782924463.json,341551fa5867f4c11fc095badaf36f38fb6de504b87ae394d097389a46abc283,gpt-6-luna
free_es_a0_n_mero_cero_1782240518,Número cero,A0,7,2,1,1,1,1,1,"Интервью строится вокруг таблички и её связи с дорогами, давая небольшой познавательный сюжет. В целом понятно, но часть реплик неестественна и есть несогласованность рода участников; вопросы простые и буквальные.","В «Sí, y toma fotos» местоимение подразумевает одного человека, хотя перед этим сказано «la gente»; естественнее «Sí, y la gente toma fotos». | Женщина говорит «muchas empiezan aquí», но в вопросе «мужчина сразу понимает» пол говорящего не задан.",courses/spanish-grammar/reading/texts/free_es_a0_n_mero_cero_1782240518.json,84174175fed0d2c8f7c31b85b28a3ff1a08521f9235816fff938ad83aad252db,gpt-6-luna
free_es_a0_persianas_en_espa_a_1782239393,Persianas en España,A0,7,2,2,1,0,1,1,"Последовательно объяснено, как ставни-жалюзи помогают регулировать солнце и проветривание. Испанский естественен, но русский перевод одной фразы заметно меняет смысл; вопросы главным образом буквальные.","«La casa está más fresca» переведено как «В доме становится прохладнее», хотя оригинал описывает состояние: «В доме прохладнее».",courses/spanish-grammar/reading/texts/free_es_a0_persianas_en_espa_a_1782239393.json,e48e179e1c05ae0360c121ffb7207be4c0b0dc43647c93940573fe5eb4069ee4,gpt-6-luna
free_es_a0_pisos_en_espa_a_1782239167,Pisos en España,A0,7,2,1,1,1,1,1,"Текст объясняет нумерацию этажей и элементы адреса, но связь между последними фразами изложена схематично. Перевод в целом передаёт смысл; проверочные вопросы простые.","«Los números están junto a la puerta» появляется без пояснения, какие именно номера имеются в виду; связь с описанием этажей и адресом остаётся неясной.",courses/spanish-grammar/reading/texts/free_es_a0_pisos_en_espa_a_1782239167.json,bd8fc27e5af3f3f1c1031f57505821720205a0c7e428b3af3ba7a8b825bb416a,gpt-6-luna
free_es_a0_soy_diego_1782924479,Soy Diego,A0,6,1,2,1,1,1,0,"Грамматически естественное, но шаблонное перечисление фактов о герое без развития ситуации. Для A0 подходит; перевод точный, вопросы проверяют прямые сведения.",,courses/spanish-grammar/reading/texts/free_es_a0_soy_diego_1782924479.json,879a112735bac9501eec4038f86d4c299c5278ffc909191fb1c649c16a048a79,gpt-6-luna
free_es_a0_soy_elena_1782924474,Soy Elena,A0,6,1,2,1,1,1,0,"Короткое корректное самопредставление, составленное из разрозненных фактов без связующего контекста. Для A0 подходит; вопросы буквальные.",,courses/spanish-grammar/reading/texts/free_es_a0_soy_elena_1782924474.json,c42f9f3f3c6c34a6a086d7fb858835bf4ce0cad6f017095a8d14040ba3e2b8a2,gpt-6-luna
free_es_a0_soy_lina_1782924476,Soy Lina,A0,6,1,2,1,1,1,0,"Короткое корректное самопредставление, но факты не складываются в сюжет или объяснение. Для A0 подходит; перевод точный, вопросы буквальные.",,courses/spanish-grammar/reading/texts/free_es_a0_soy_lina_1782924476.json,5a9749344fdaf6bb21dc3fced4afddf264da2ada3a6a409161ceff03daaf00e7,gpt-6-luna
free_es_a0_soy_marco_1782924477,Soy Marco,A0,9,2,2,1,1,2,1,"Короткое связное знакомство с героем, подходящее для A0; все три вопроса проверяют детали текста.",,courses/spanish-grammar/reading/texts/free_es_a0_soy_marco_1782924477.json,984bdc1c5befcc42659f62d147fe96904af8465ee476d6ad595fbdb99bdca8a7,gpt-6-luna
free_es_a0_soy_omar_1782924475,Soy Omar,A0,9,2,2,1,1,2,1,Понятное знакомство с героем и его повседневной жизнью; ключи и переводы точны.,,courses/spanish-grammar/reading/texts/free_es_a0_soy_omar_1782924475.json,4f0ea648e0c9c9aee47d204184651d267a7aecec873da9049957d4365e3060e1,gpt-6-luna
free_es_a0_soy_sara_1782924478,Soy Sara,A0,9,2,2,1,1,2,1,"Короткий, но связный текст-знакомство для A0; вопросы однозначны и проверяют его содержание.",,courses/spanish-grammar/reading/texts/free_es_a0_soy_sara_1782924478.json,8e55c172c70d7dcf52266c63fee23efbdd52e07f026cc2cc3b5c2f88af47837b,gpt-6-luna
free_es_a0_tapas_en_espa_a_1782239093,Tapas en España,A0,5,1,1,1,1,1,0,"Текст начинается с объяснения тапас, но затем превращается в механический перечень несвязанных сведений о напитке, стойке и меню.",«Las tapas están en la barra» и «La carta está sobre la mesa» не связаны с предыдущими фразами; формальные утверждения не складываются в ситуацию.,courses/spanish-grammar/reading/texts/free_es_a0_tapas_en_espa_a_1782239093.json,89a754edae3fa825393fc31e4809d218e9afb6a5ed1dbb5355609329a093b0dd,gpt-6-luna
free_es_a0_tortilla_espa_ola_1782924466,Tortilla española,A0,6,1,2,1,1,1,0,"Грамматика и переводы корректны, но перечисление признаков тортильи не развивает ситуацию; вопросы буквальные.",«Tengo una tortilla. Es tortilla española. Tiene huevo. Tiene patata» — набор простых фактов без связанного контекста.,courses/spanish-grammar/reading/texts/free_es_a0_tortilla_espa_ola_1782924466.json,d5ee3ddfbc8ea9f6fa93c019b7dd6bdf58770af59d4c5c8a67980d1bfbcc54a8,gpt-6-luna
free_es_a0_tres_colores_1782924460,Tres colores,A0,5,1,1,1,1,1,0,"Текст описывает цвета флага, но формулировки звучат неестественно; вопросы повторяют отдельные факты.",«Arriba hay rojo» и «Abajo hay rojo» звучат неестественно для описания полос флага; естественнее «La franja de arriba es roja» и «La franja de abajo es roja».,courses/spanish-grammar/reading/texts/free_es_a0_tres_colores_1782924460.json,7a9ec4c16e771058fc86cd0126f1a83e1b6c4231cf820b0fed1f72ec78ba228c,gpt-6-luna
free_es_a0_un_billete_de_bus_1782239992,Un billete de bus,A0,8,2,2,1,1,1,1,"Диалог образует понятную ситуацию покупки билета и содержит полезные фразы для поездки; вопросы верны, но почти все буквальные.",,courses/spanish-grammar/reading/texts/free_es_a0_un_billete_de_bus_1782239992.json,2088dd90f75a83eb8e55288da8ac90d1a666571a3c66fafb8cf30321597902ff,gpt-6-luna
free_es_a0_una_cita_hoy_1782240181,Una cita hoy,A0,8,2,2,1,1,1,1,"Связная бытовая ситуация ожидания на встречу; русские реплики передают смысл, а ключи верны. Вопросы в основном проверяют отдельные детали.",,courses/spanish-grammar/reading/texts/free_es_a0_una_cita_hoy_1782240181.json,3fb9ddb592b8c0e53c52a4a02077a37087f72cca9cfb946ea9e43aed47bd5b9d,gpt-6-luna
free_es_a0_una_tapa_peque_a_1782924473,Una tapa pequeña,A0,5,1,1,1,1,1,0,"Несколько коротких предложений задают место и заказ, но развитие минимально, а последние фразы звучат искусственно.","«También hay una tapa» не уточняет, кто её заказал или принёс; «Es comida de bar» — неестественное и малоинформативное пояснение.",courses/spanish-grammar/reading/texts/free_es_a0_una_tapa_peque_a_1782924473.json,a76ac3e34eb321e1c58d924b18bac77def23062af88888657d8338b527677d30,gpt-6-luna
free_es_a1_academias_de_otras_lenguas_1782924525,Academias de otras lenguas,A1,7,2,1,1,1,1,1,"Тема полезна и содержит конкретные названия учреждений; однако диалог в основном перечисляет организации, а реплики не всегда естественно связаны. Вопросы проверяют буквальное воспроизведение фактов.","«Sí, también tiene su academia y normas» отвечает о валенсийском расплывчато и не называет учреждение; «también» отсылает к перечисленным выше языкам, но связь не пояснена. | «Escribo estos nombres para repasar» выглядит добавленной без реакции собеседника и не развивает разговор.",courses/spanish-grammar/reading/texts/free_es_a1_academias_de_otras_lenguas_1782924525.json,3e9ba147ccfc8a121e653a45f56def16e9d2ebdb4c1432cc598a8d81a42eeff2,gpt-6-luna
free_es_a1_acceso_a_la_universidad_1782924896,Acceso a la universidad,A1,8,2,2,1,1,1,1,"Понятная ситуация с подготовкой к поступлению, хотя развитие минимально; вопросы верны, но буквальны.",,courses/spanish-grammar/reading/texts/free_es_a1_acceso_a_la_universidad_1782924896.json,922ac15f3f7f932867e639e2b9efa612b467335b56ccb4f6ef105fef1629f25f,gpt-6-luna
free_es_a1_aceite_e_ib_ricos_1782924855,Aceite e ibéricos,A1,6,1,2,1,1,1,0,"Перечень регионов и продуктов связан ярмаркой, но почти не развивается; вопросы проверяют преимущественно явные детали.",,courses/spanish-grammar/reading/texts/free_es_a1_aceite_e_ib_ricos_1782924855.json,407823587698aeab455160fd4422cb4c1ca982444f80f1bbad830f36956ae212,gpt-6-luna
free_es_a1_actividad_del_s_bado_1782924976,Actividad del sábado,A1,7,2,1,1,1,1,1,"Есть задача выбора занятия, однако рассказ описывает учебное упражнение, а переход от пожеланий к выбору несколько механический.","«Marta prefiere música en un lugar cerrado» сводится к выбору guitarra без объяснения, почему не подходит teatro.",courses/spanish-grammar/reading/texts/free_es_a1_actividad_del_s_bado_1782924976.json,0e76d893834a5b5321fdb366135cb0f4263a7f3c1e775b005e96e9c38855912b,gpt-6-luna
free_es_a1_afiche_del_cine_1782924969,Afiche del cine,A1,7,2,1,1,1,1,1,Короткая бытовая ситуация полезна для чтения афиш; часть предложений объясняет учебную цель вместо развития сюжета.,"«La entrada cuesta cuatro euros los miércoles» не поясняет, сколько стоят билеты в другие дни, хотя София затем покупает два.",courses/spanish-grammar/reading/texts/free_es_a1_afiche_del_cine_1782924969.json,fb2371ce947b0ab4dd0abe5bc12bcb53b20b65c6bf506d13f4a29cb7ec9fe9af,gpt-6-luna
free_es_a1_agenda_de_andaluc_a_1782924638,Agenda de Andalucía,A1,6,1,2,1,1,1,0,"Текст в основном перечисляет провинции и дни без мотивации маршрута; ключи верны, вопросы буквальны.","«Después añade Jaén y Almería» не уточняет, к каким дням поездки они относятся.",courses/spanish-grammar/reading/texts/free_es_a1_agenda_de_andaluc_a_1782924638.json,c53797c5723702bc367947bfbb06e40fb997cb315e0747044cbd7d79d4f125f5,gpt-6-luna
free_es_a1_al_especialista_1782924903,Al especialista,A1,8,2,2,1,1,1,1,"Внятно показан путь от семейного врача к специалисту; вопросы верны, но проверяют главным образом прямые факты.",,courses/spanish-grammar/reading/texts/free_es_a1_al_especialista_1782924903.json,cd9ea966b32f99714afcf72eca4d7e6363e082435aa15cc1d95520bd8db74f2e,gpt-6-luna
free_es_a1_andaluc_a_natural_1782924617,Andalucía natural,A1,5,1,1,1,1,1,0,Диалог сводится к перечислению двух парков и подтверждению; формальные реплики почти не создают развития.,"«Entonces los dos están en Andalucía» повторно заключает то, что уже задано буклетом, а «Sí» не добавляет сведений.",courses/spanish-grammar/reading/texts/free_es_a1_andaluc_a_natural_1782924617.json,55e877f643bb0d2d5ef41fe477349a666ba32b0917c9904dd2749b08be827981,gpt-6-luna
free_es_a1_antes_de_la_prueba_ccse_1782924496,Antes de la prueba CCSE,A1,6,2,1,1,0,1,1,"Обмен перед экзаменом даёт полезные сведения, но реплики местами звучат как последовательность справочных фактов; вопросы прямые.",Перевод «Para ser apto necesito…» как «Чтобы быть годной» неестественен для говорящей Аны; естественнее «Чтобы сдать экзамен…».,courses/spanish-grammar/reading/texts/free_es_a1_antes_de_la_prueba_ccse_1782924496.json,e85026f014e0d3d022065e02b4d8fc3f931e43c8829b939254b0fb176651cb25,gpt-6-luna
free_es_a1_anuncio_de_piscina_1782924962,Anuncio de piscina,A1,6,1,1,1,1,1,1,"Есть полезные данные объявления, но окружающий их текст почти целиком описывает упражнение, а не ситуацию.","«El horario es de diez a dos» не уточняет, что имеется в виду время работы бассейна, хотя это восстанавливается из контекста объявления.",courses/spanish-grammar/reading/texts/free_es_a1_anuncio_de_piscina_1782924962.json,f98a35e4b5c53f96c5d9c5bb88387a90d7a2281c4e859417249c5c48c938afb1,gpt-6-luna
free_es_a1_anuncio_en_el_tren_1782924998,Anuncio en el tren,A1,8,2,2,1,1,1,1,"Связное и уместное объявление содержит практические сведения; вопросы верны, хотя все три проверяют прямые детали.",,courses/spanish-grammar/reading/texts/free_es_a1_anuncio_en_el_tren_1782924998.json,45f1abeca951c50f911be065202aaefcb96b849a89efc29d7d344b8eb9cc61b8,gpt-6-luna
free_es_a1_aranjuez_en_la_radio_1782924708,Aranjuez en la radio,A1,7,2,1,1,1,1,1,"Понятная учебная ситуация с радио и заметками, но действие сводится к повторению двух фактов. В испанском пропущен артикль в «suena guitarra clásica»; вопросы верны, но буквальны.",«En la radio suena guitarra clásica» естественнее: «En la radio suena una guitarra clásica» или «suena música de guitarra clásica».,courses/spanish-grammar/reading/texts/free_es_a1_aranjuez_en_la_radio_1782924708.json,0c742325b037869af15df4fba0b8b811df0a65d3508570663d664b0dced32381,gpt-6-luna
free_es_a1_asiento_del_tren_1782924953,Asiento del tren,A1,7,2,1,1,1,1,1,"Ситуация с чужим местом понятна, но не показано, как пассажир реагирует после того, как Надя предъявляет билет; последняя фраза о водителе выглядит несвязанным правилом. Вопросы верны и в основном буквальны.","«Durante el viaje no habla con el conductor sin necesidad» внезапно добавляет тему водителя, не связанную с поиском места.",courses/spanish-grammar/reading/texts/free_es_a1_asiento_del_tren_1782924953.json,d88210a4f0913b071947fd95bedf3bb31d008c283ec0809da4f9004114ac213f,gpt-6-luna
free_es_a1_atl_ntico_o_mediterr_neo_1782924590,Atlántico o Mediterráneo,A1,5,1,1,1,1,1,0,"Короткая игра тематически связана с реками, но диалог почти целиком состоит из названий и повторения ответа; финальная реплика не развивает ситуацию. Вопросы проверяют только прямое воспроизведение.","«Muy bien» не мотивировано: собеседник лишь называет океан, к которому относятся реки. | «Hay que distinguirlos de los mediterráneos» звучит неясно: не указано, что именно «их» нужно отличать.",courses/spanish-grammar/reading/texts/free_es_a1_atl_ntico_o_mediterr_neo_1782924590.json,59a2841f00bbf5241be2b825e8e802a01fe8515a209f6d312114cc3d447957c8,gpt-6-luna
free_es_a1_autoescuela_1782924812,Autoescuela,A1,4,1,1,0,1,0,1,"Диалог превращается в перечень документов и требований, а финальная реплика звучит как справка, не как естественное продолжение разговора. Для A1 заметно перегружен лексикой и конструкциями. Первый ключ не соответствует формулировке: текст не утверждает, что нужно быть старше 18 лет.","«¿Tienes 18 años?» и «ya puedo» не подтверждают утверждение «нужно быть старше 18 лет». | «aptitud psicofísica», «expide» и длинное условное предложение заметно сложнее уровня A1. | Формальный перечень требований не связан с конкретной ситуацией записи в автошколу.",courses/spanish-grammar/reading/texts/free_es_a1_autoescuela_1782924812.json,ec1df86aac3a8861aa2d475cacbc5ce34136dfc87bb9f828f0fb2bc98435d767,gpt-6-luna
free_es_a1_aviso_de_la_tienda_1782925000,Aviso de la tienda,A1,8,2,2,1,1,1,1,Объявление цельно и понятно для бытовой ситуации; все ключи верны. Вопросы в основном проверяют прямые детали.,,courses/spanish-grammar/reading/texts/free_es_a1_aviso_de_la_tienda_1782925000.json,7a646990d4c6dc9f021151339312111a045771697c778ab1ce1a001f0e5d4849,gpt-6-luna
free_es_a1_aviso_de_seguridad_1782925019,Aviso de seguridad,A1,8,2,2,1,1,1,1,Связное объявление с уместными инструкциями и полезной лексикой; ключи верны. Вопросы буквальные и однотипные.,,courses/spanish-grammar/reading/texts/free_es_a1_aviso_de_seguridad_1782925019.json,27a31c17f5083b593bd47ab9b1a3de38fd82c2cc6168ae56cd6a602021dacc69,gpt-6-luna
free_es_a1_aviso_del_parque_1782924993,Aviso del parque,A1,6,2,1,1,0,1,1,"Полезный и понятный набор правил для парка, ключи верны. Формулировки местами звучат как перечень, а «Los perros van con correa» и русский перевод неестественны.","«Los perros van con correa» естественнее как правило: «Los perros deben ir con correa». | «El parque municipal abre de ocho a nueve» обычно означает часы открытия с 8 до 9; если речь о времени работы, это лучше выразить яснее.",courses/spanish-grammar/reading/texts/free_es_a1_aviso_del_parque_1782924993.json,e71bcc8ceb4050bfbebdee8bf513e04381862161d01c877afeee3bccd7cb69b9,gpt-6-luna
free_es_a1_ayuda_en_el_016_1782924912,Ayuda en el 016,A1,8,2,2,1,1,1,1,Есть понятная ситуация и небольшое развитие — подруга просит поддержку. Все ключи верны. Вопросы проверяют главным образом явно сказанные факты.,,courses/spanish-grammar/reading/texts/free_es_a1_ayuda_en_el_016_1782924912.json,553e8b3e288c2f75421f9ee4573c58eea466bdc68a754efb10371e86c1e9174f,gpt-6-luna
free_es_a1_ayuda_en_la_tienda_1782925007,Ayuda en la tienda,A1,8,2,2,1,1,1,1,"Естественный короткий диалог с понятной целью и развитием: клиенту нужна куртка другого размера. Ключи верны, вопросы преимущественно буквальные.",,courses/spanish-grammar/reading/texts/free_es_a1_ayuda_en_la_tienda_1782925007.json,4a928ae4f39df50887ff0dcfd500a428e343c7f76e974d5f61b7bf27483e0650,gpt-6-luna
free_es_a1_baile_flamenco_1782924722,Baile flamenco,A1,6,1,1,1,1,1,1,"Тема культурно полезна, но текст выглядит как механическое перечисление имён и общих формулировок; финальные строки повторяют уже сказанное. Вопросы верны, но буквальны.","«El nombre flamenco queda claro» звучит искусственно и не добавляет смысла после упоминания вечера фламенко. | «La presentación habla de tradición y escena» и «El programa une baile, música y nombres importantes del escenario» повторяют общие сведения без конкретного развития.",courses/spanish-grammar/reading/texts/free_es_a1_baile_flamenco_1782924722.json,8ab54655fbe728e23b26fa16f566c640369426aba82d6dc26eacf9eba208a59e,gpt-6-luna
free_es_a1_balcones_en_espa_a_1782395262,Balcones en España,A1,8,2,2,1,1,1,1,"Связное краткое описание балконов и маркиз, подходящее для A1; вопросы верны, но проверяют в основном прямые факты.",,courses/spanish-grammar/reading/texts/free_es_a1_balcones_en_espa_a_1782395262.json,6846f5f15887b2fb112357b2eb609a153a73467f558c5d2506bb714345f86617,gpt-6-luna
free_es_a1_baleares_en_el_mediterr_neo_1782924650,Baleares en el Mediterráneo,A1,8,2,2,1,1,1,1,"Простая ситуация с картой связывает факты и действия; уровень и перевод подходят, вопросы верны, но буквальны.",,courses/spanish-grammar/reading/texts/free_es_a1_baleares_en_el_mediterr_neo_1782924650.json,38fb5e8489af95f490ecce90847821f3d8d0d7bc4effb593a6e8e17ddff7eefb,gpt-6-luna
free_es_a1_biblioteca_p_blica_1782924898,Biblioteca pública,A1,6,2,1,1,0,1,1,"Практичная ситуация о библиотеке, но финальная реплика не согласуется с обращением на tú; вопросы верны, но буквальны.",«Solo necesita pedir» требует формального обращения; в контексте «puedo» естественно «Solo necesitas pedir». В переводе «Ему нужно» также появляется отсутствующий в тексте мужчина.,courses/spanish-grammar/reading/texts/free_es_a1_biblioteca_p_blica_1782924898.json,eb4fc0148ba3c117d2fb21b05259e6a98880dc504ae7f7c76e182df85db953f9,gpt-6-luna
free_es_a1_buscar_piso_1782924835,Buscar piso,A1,6,2,1,1,0,1,1,"Поиск жилья задаёт понятную ситуацию, но отдельные реплики звучат неестественно, а перевод последней меняет смысл.","«¿El piso es común en España?» звучит неестественно в вопросе о распространённости жилья; естественнее «¿Es común vivir en un piso en España?». «La comunidad es tranquila» обычно относится к сообществу жильцов, а не к спокойному району; перевод «район спокойный» меняет смысл.",courses/spanish-grammar/reading/texts/free_es_a1_buscar_piso_1782924835.json,f42fd77bacd0cad716d173923f71acbdc443e8258d0aec25dce1e28e42501a4c,gpt-6-luna
free_es_a1_calendario_de_navidad_1782924755,Calendario de Navidad,A1,5,1,1,1,1,1,0,"Это в основном перечень праздничных дат и обычаев без связанного развития; испанский понятен, вопросы верны, но буквальны.",«En casa hay belén y árbol de Navidad» выглядит как ещё один несвязанный факт после календаря.,courses/spanish-grammar/reading/texts/free_es_a1_calendario_de_navidad_1782924755.json,63417eadcaf30da20b4a4cf390464a9d38e2441ca2a149ca681b9f99589e42b2,gpt-6-luna
free_es_a1_calendario_laboral_1782924857,Calendario laboral,A1,5,1,1,1,1,1,0,"Разговор формально объединён рабочим календарём, но реплики слабо связаны, а последняя про календарь на стене не продолжает ситуацию; вопросы верны, но буквальны.",«El calendario está en la pared de la oficina» не связано с обсуждением отметок в личном ежедневнике.,courses/spanish-grammar/reading/texts/free_es_a1_calendario_laboral_1782924857.json,07e3015c7af71b1cc3ca311d34b350fb90b362ec5b91c5c803ca6317219e5a04,gpt-6-luna
free_es_a1_calle_con_lluvia_1782925056,Calle con lluvia,A1,7,2,1,1,1,1,1,"Последовательное описание сцены подходит для A1; вопросы верны, но проверяют главным образом буквальные детали.",«A la derecha está una parada» и «Al fondo están coches» звучат неестественно; здесь уместнее «hay una parada» и «hay coches».,courses/spanish-grammar/reading/texts/free_es_a1_calle_con_lluvia_1782925056.json,ae78cb830f54c6731b1084c385248b1b484b1b98fcdcf7686663858590acf4b8,gpt-6-luna
free_es_a1_cambio_de_autob_s_1782925015,Cambio de autobús,A1,7,2,2,1,0,1,1,"Связное практическое объявление с нужными пассажирам изменениями; ключи верны, вопросы преимущественно буквальные.",В вопросе «Текст сообщает о изменении» нужна форма «об изменении».,courses/spanish-grammar/reading/texts/free_es_a1_cambio_de_autob_s_1782925015.json,aa721a52224b3f910eccc36893bac01d4c265d9acf669712ecd10724b0b9588a,gpt-6-luna
free_es_a1_camino_al_roc_o_1782924775,Camino al Rocío,A1,6,2,1,0,1,1,1,"Есть сюжет поездки на праздник и полезные культурные названия, но последняя фраза заметно сложнее уровня A1; вопросы верны, но буквальны.",«Ella anota Rocío y Almonte para estudiar esta fiesta española importante con su profesor» перегружено причастными и уточняющими частями для A1 и звучит как учебная вставка.,courses/spanish-grammar/reading/texts/free_es_a1_camino_al_roc_o_1782924775.json,43f31b2d70e98b6fff4e7cdfb42da6495d2477a9b5b64fde39c5ae7a0856113f,gpt-6-luna
free_es_a1_camino_y_capital_1782924681,Camino y capital,A1,5,1,1,1,1,1,0,"Ситуация прогулки служит рамкой для набора фактов, но их связь искусственна; ключи верны, хотя в пояснениях перепутано имя.","«Galicia está unida a esta lengua» звучит неестественно; «En Galicia se habla gallego» было бы естественнее. В пояснениях к двум последним вопросам указана Мария, хотя героиню зовут Марта.",courses/spanish-grammar/reading/texts/free_es_a1_camino_y_capital_1782924681.json,ae1d7a48412dd97fc0a4c70a1a27c0c6896e9f926469e799a70348dc40e3d8fd,gpt-6-luna
free_es_a1_campeones_y_deporte_1782924795,Campeones y deporte,A1,8,2,2,1,1,1,1,Понятная ситуация подготовки к экзамену связывает примеры спортсменов; вопросы проверяют в основном прямые факты.,,courses/spanish-grammar/reading/texts/free_es_a1_campeones_y_deporte_1782924795.json,1875b74c457d30276a9c1ea9c7370cda434323c862ec0da6144e6d87e70ef600,gpt-6-luna
free_es_a1_canarias_en_el_atl_ntico_1782924651,Canarias en el Atlántico,A1,8,2,2,1,1,1,1,Короткий естественный диалог сообщает географический факт и названия столиц; вопросы буквальные.,,courses/spanish-grammar/reading/texts/free_es_a1_canarias_en_el_atl_ntico_1782924651.json,4a041c6c5c71744bb78b1c3d0bc6ee6203383f2c997be8e89e5a0cebdb3e7a0d,gpt-6-luna
free_es_a1_capital_de_extremadura_1782924673,Capital de Extremadura,A1,8,2,2,1,1,1,1,Разговор о подготовке к экзамену последовательно вводит провинции и столицу; вопросы прямые.,,courses/spanish-grammar/reading/texts/free_es_a1_capital_de_extremadura_1782924673.json,53587773cd036d70bf526bbf92b85d4d8d27f3846d937d697f162f24506d0e64,gpt-6-luna
free_es_a1_capitales_del_norte_peque_o_1782924643,Capitales del norte pequeño,A1,6,1,2,1,1,1,0,"Текст в основном перечисляет три сообщества и их столицы; грамматика и перевод корректны, вопросы буквальные.",,courses/spanish-grammar/reading/texts/free_es_a1_capitales_del_norte_peque_o_1782924643.json,2cfbe941608dabdc07f616e212d4b4b1bc2c44e101f45f58e50d20c80f8e0e21,gpt-6-luna
free_es_a1_capitales_en_la_pizarra_1782924630,Capitales en la pizarra,A1,6,1,2,1,1,1,0,Это общий перечень действий на уроке без конкретного развития; вопросы проверяют только явные детали.,,courses/spanish-grammar/reading/texts/free_es_a1_capitales_en_la_pizarra_1782924630.json,ba2f2c2973875fcdb6d9d1f6854935196355a2d241b744d08ee71089a872046e,gpt-6-luna
free_es_a1_carnaval_en_la_radio_1782924764,Carnaval en la radio,A1,8,2,2,1,1,1,1,Прослушивание радиопередачи и подготовка к экзамену дают связный контекст; один вопрос слегка расширяет сказанное.,"Ключ true к вопросу «Карнавалы особенно известны в Тенерифе и Кадисе» не полностью подтвержден: Тенерифе назван очень известным, а Карнавал в Кадисе только упомянут.",courses/spanish-grammar/reading/texts/free_es_a1_carnaval_en_la_radio_1782924764.json,3949fbb7a2ff0b0fb6371c51de46822b54cd8be95c7ef5bc4ffa209c6daa7e4d,gpt-6-luna
free_es_a1_carretera_entre_ciudades_1782924543,Carretera entre ciudades,A1,8,2,2,1,1,1,1,"Короткая поездка связывает упоминания дороги, дорожной службы и безопасного вождения; вопросы буквальные.",,courses/spanish-grammar/reading/texts/free_es_a1_carretera_entre_ciudades_1782924543.json,dff039284494e259f4a9676ade345927781ff604bf0e77b19d7fd8238ef98be8,gpt-6-luna
free_es_a1_carretera_normal_1782924936,Carretera normal,A1,8,2,2,1,1,1,1,Семейная поездка и вопрос дочери дают понятную жизненную ситуацию; вопросы в основном проверяют детали текста.,,courses/spanish-grammar/reading/texts/free_es_a1_carretera_normal_1782924936.json,b5d4dce215ee96ea567ca1aaf4a7393e117c9a0e1ddec48221211069ac6a5163,gpt-6-luna
free_es_a1_carta_de_marta_a_su_familia_1782924982,Carta de Marta a su familia,A1,8,2,2,1,1,1,1,"Письмо естественно объединяет учёбу, работу, поездку и планы; вопросы в основном перечисляют явные сведения.",,courses/spanish-grammar/reading/texts/free_es_a1_carta_de_marta_a_su_familia_1782924982.json,a92671470361f0fe52dbc8d7d3288119a1130aff86906cafa5c2e4da0427fd63,gpt-6-luna
free_es_a1_cartel_en_el_ayuntamiento_1782924513,Cartel en el ayuntamiento,A1,8,2,2,1,1,1,1,Плакат в мэрии даёт контекст для сведений об официальных языках; вопросы проверяют прямо указанные факты.,,courses/spanish-grammar/reading/texts/free_es_a1_cartel_en_el_ayuntamiento_1782924513.json,db45552860ee42eb1f63074ccb446beca2d4732210db8c8d007952beec2d7c11,gpt-6-luna
free_es_a1_cartel_junto_al_hospital_1782924928,Cartel junto al hospital,A1,8,2,2,1,1,1,1,Простая связная ситуация с понятным выводом; вопросы в основном проверяют прямое воспроизведение текста.,,courses/spanish-grammar/reading/texts/free_es_a1_cartel_junto_al_hospital_1782924928.json,1685fc87169e7b7a3fbb97507abf0bd55b71d2ca89f1637bf575ed6e744b17f9,gpt-6-luna
free_es_a1_casa_fuera_de_la_ciudad_1782924838,Casa fuera de la ciudad,A1,8,2,2,1,1,1,1,"Сравнение жилья развивается в понятной ситуации выбора, хотя остается поверхностным.","Вопрос «В Испании существуют такие виды жилья…» добавляет географическое утверждение, которого текст не устанавливает; ключ true нельзя подтвердить по тексту.",courses/spanish-grammar/reading/texts/free_es_a1_casa_fuera_de_la_ciudad_1782924838.json,79b71ef96f4ab44c82b65e82614396196d45c9c017ad04fff9a1bdfa8bde29eb,gpt-6-luna
free_es_a1_cava_catal_n_1782924852,Cava catalán,A1,8,2,2,1,1,1,1,Короткий естественный диалог решает конкретную задачу и дает полезную культурную лексику.,,courses/spanish-grammar/reading/texts/free_es_a1_cava_catal_n_1782924852.json,c90720a74d065c5d9f630cf38c40a478ff49fdd8c45bf6e0ea2deecca57eb779,gpt-6-luna
free_es_a1_ceder_el_asiento_1782924950,Ceder el asiento,A1,8,2,2,1,1,1,1,"Связный бытовой эпизод с ясным развитием; вопросы проверяют детали, но остаются буквальными.",,courses/spanish-grammar/reading/texts/free_es_a1_ceder_el_asiento_1782924950.json,a8d9c31fadc677fd4aa988208469354f224297bfa29a52ce7c67140d1b88652a,gpt-6-luna
free_es_a1_cena_de_nochebuena_1782924757,Cena de Nochebuena,A1,5,1,1,1,0,1,1,Праздничные факты перечислены без мотивированной связи; формальные реплики не создают настоящего диалога.,«Después viene Nochevieja» и упоминание Reyes Magos выглядят как механическое перечисление дат и праздников. | В переводе «Reyes Magos» передано как «Волхвы»; здесь естественнее назвать праздник Днём трёх королей.,courses/spanish-grammar/reading/texts/free_es_a1_cena_de_nochebuena_1782924757.json,5f348904f78a218114d80c2f4fa3044658f2dae415779517de7ac4f02761e022,gpt-6-luna
free_es_a1_centro_de_salud_1782924806,Centro de salud,A1,6,2,1,1,0,1,1,"Есть понятная бытовая цель и последовательность действий, но формулировки местами неестественны.",«La tarjeta sanitaria da acceso a la sanidad pública» и «con la solicitud hecha para recibir atención médica pública» звучат тяжеловесно. | «Санитарная карточка» и «публичная медицинская помощь» — заметные кальки; естественнее «медицинская карта» и «государственная медицинская помощь».,courses/spanish-grammar/reading/texts/free_es_a1_centro_de_salud_1782924806.json,ee1465a030f6198f380b728efe851a0fbbf9fed2a9b8b76bf3945c0b272c0fe7,gpt-6-luna
free_es_a1_centro_p_blico_1782924886,Centro público,A1,5,1,1,1,1,1,0,"Диалог сообщает связанные сведения, но большая часть разговора похожа на учебное перечисление; переход к карте и визиту добавлен механически.",Вопрос «Государственные центры финансируются государственной администрацией и бесплатны» обобщает утверждение текста о конкретном центре; ключ true сформулирован шире исходного диалога.,courses/spanish-grammar/reading/texts/free_es_a1_centro_p_blico_1782924886.json,e926fbdb71f8c458ddb7363bc4da175af6546867713d29a76384490baefe9fa5,gpt-6-luna
free_es_a1_centro_privado_1782924890,Centro privado,A1,8,2,2,1,1,1,1,"Сравнение трех типов школ дает полезный контекст, хотя вопросы проверяют только явно сказанные детали.",,courses/spanish-grammar/reading/texts/free_es_a1_centro_privado_1782924890.json,8f2b8f7e5dc1ff0bc4be22f120639b9590971bfb96f8077f36384755b668e00d,gpt-6-luna
free_es_a1_cervantes_en_alcal_1782924698,Cervantes en Alcalá,A1,7,2,1,1,1,1,1,"Диалог передает полезные сведения о писателе, но финальная реплика искусственно привязывает их к экзаменационному формату.","«En el examen suelen unir autor, ciudad y obra famosa en una pregunta corta» звучит как неестественное пояснение, добавленное ради учебной темы.",courses/spanish-grammar/reading/texts/free_es_a1_cervantes_en_alcal_1782924698.json,ced2838f5f6577162efb34b7516ea3f51bedf6ee46f8a0fbe172cf5e17681316,gpt-6-luna
free_es_a1_ceuta_y_melilla_1782924578,Ceuta y Melilla,A1,8,2,2,1,1,1,1,"Связный вопрос-ответ дает полезные географические сведения, хотя все вопросы проверяют буквальные факты.",,courses/spanish-grammar/reading/texts/free_es_a1_ceuta_y_melilla_1782924578.json,26eabf1ccdb270ea95dbabab811cf274f0f06883c2b197acead167eaf8a949d1,gpt-6-luna
free_es_a1_cinco_fechas_europeas_1782924537,Cinco fechas europeas,A1,6,1,2,1,1,1,0,"Короткое перечисление годов и факта о флаге: связка через список есть, но развития сюжета или объяснения почти нет.","«Nora lee los años 1989 y 1995» и следующие даты не объясняют, почему она изучает этот список.",courses/spanish-grammar/reading/texts/free_es_a1_cinco_fechas_europeas_1782924537.json,3c52f00970fe83f4d061f6080d03d007f5b66f739d41541b966679b0778e52f8,gpt-6-luna
free_es_a1_cinco_nombres_azules_1782924588,Cinco nombres azules,A1,7,1,2,1,1,1,1,"Простое упражнение с картой связывает названия рек с их направлением стока, но в основном это перечень.",,courses/spanish-grammar/reading/texts/free_es_a1_cinco_nombres_azules_1782924588.json,59dc4dd3eb035d54d9da43f997876886a1aefa2f0fbb5012bc6bcbbf69cc88ba,gpt-6-luna
free_es_a1_cita_de_salud_1782925071,Cita de salud,A1,8,2,2,1,1,1,1,Короткая и понятная бытовая ситуация дает полезные фразы для записи к врачу и сообщения адреса.,,courses/spanish-grammar/reading/texts/free_es_a1_cita_de_salud_1782925071.json,e9d96076822d8a6d061bfc3eac1d5dbfa6390ea5556b421e2521900f43ff701d,gpt-6-luna
free_es_a1_cita_en_el_centro_de_salud_1782924901,Cita en el centro de salud,A1,7,2,1,1,1,1,1,"Есть внятная ситуация с кашлем, записью и вопросом о педиатре, но одна фраза заметно неестественна по-испански.",«El centro de salud atiende la ayuda primaria de la familia» — неестественное сочетание; обычно говорят «presta atención primaria».,courses/spanish-grammar/reading/texts/free_es_a1_cita_en_el_centro_de_salud_1782924901.json,cfe47514180a559bcc80b6235025f490389325795d41453799041667ce9ba707,gpt-6-luna
free_es_a1_cita_en_la_cl_nica_1782925061,Cita en la clínica,A1,8,2,2,1,1,1,1,Естественный короткий диалог моделирует запись к врачу и дает практические инструкции.,,courses/spanish-grammar/reading/texts/free_es_a1_cita_en_la_cl_nica_1782925061.json,d16d1e1ec97cbf9c3483465bbc9ee96f5ce189e31a2140f24559caf9457728b6,gpt-6-luna
free_es_a1_cita_para_el_dni_1782924539,Cita para el DNI,A1,8,2,2,1,1,1,1,"Связный бытовой диалог знакомит с оформлением DNI и паспорта, хотя ситуация развивается очень кратко.",,courses/spanish-grammar/reading/texts/free_es_a1_cita_para_el_dni_1782924539.json,7fe57e112e4532f448e61cc86c148fc00ac819fb8b1333888c878402ad3ba572,gpt-6-luna
free_es_a1_cita_para_el_padr_n_1782396676,Cita para el padrón,A1,7,2,2,0,1,1,1,"Ситуация содержательная и последовательная, но длина текста и лексика административной записи заметно сложны для A1.","Объем и слова вроде «contrato de alquiler», «certificado» и «pedir otra cita» существенно выходят за типичный уровень A1.",courses/spanish-grammar/reading/texts/free_es_a1_cita_para_el_padr_n_1782396676.json,19299eca681d297174645ab1f80fdb7d01af19c5489529937cb6d8c127eb6971,gpt-6-luna
free_es_a1_ciudades_aut_nomas_1782924693,Ciudades autónomas,A1,5,1,1,0,1,1,1,"Полезный факт встроен в учебный диалог, но финальная реплика звучит как искусственно добавленное пояснение и усложняет текст для A1.",«Ese detalle evita confundirlas con ciudades o provincias de Andalucía en una pregunta sencilla del examen» звучит неестественно и не вытекает из разговора.,courses/spanish-grammar/reading/texts/free_es_a1_ciudades_aut_nomas_1782924693.json,da6b656da55f698b4fb1dbe28e63709f696131de3e7afa616f78c22c1612541e,gpt-6-luna
free_es_a1_ciudades_de_una_ruta_1782924663,Ciudades de una ruta,A1,7,1,2,1,1,1,1,"Планирование маршрута дает простую рамку для списка провинций, но содержательное развитие минимально.",,courses/spanish-grammar/reading/texts/free_es_a1_ciudades_de_una_ruta_1782924663.json,c9c2bc56ea1053e56e7e1ad33affa29740eefab5e027f7d34d545ac5d19958a5,gpt-6-luna
free_es_a1_ciudades_en_tarjetas_1782924572,Ciudades en tarjetas,A1,7,1,2,1,1,1,1,"Упражнение с карточками обеспечивает простую связность, но список городов и утверждение о населении почти не развиваются.","«Son ciudades grandes de España por población» — расплывчатое утверждение; неясно, что именно значит «крупные» и как это связано с карточками.",courses/spanish-grammar/reading/texts/free_es_a1_ciudades_en_tarjetas_1782924572.json,c7d3c107056c0efdd7212ca4addab97b65e8d92456a61869748355c8c84893f2,gpt-6-luna
free_es_a1_clase_de_cocina_1782923844,Clase de cocina,A1,9,2,2,1,1,2,1,"Короткий, связный разговор с понятной целью и планом; вопросы проверяют его основные детали.",,courses/spanish-grammar/reading/texts/free_es_a1_clase_de_cocina_1782923844.json,a4e571b94268317c6586a9ee26ae54f1c2ec0b7e741d5a8d4c7e68f293e234a6,gpt-6-luna
free_es_a1_clase_de_instrumentos_1782924752,Clase de instrumentos,A1,5,1,1,1,1,1,0,Реплики перечисляют инструменты без мотивированного развития; связки не превращают список в настоящий разговор.,«La lista tiene gaita y dulzaina» и следующие реплики — перечисление; финальная реплика о словах для экзамена лишь формально связывает список.,courses/spanish-grammar/reading/texts/free_es_a1_clase_de_instrumentos_1782924752.json,72596c862c511bb01d8f88b8b87910740439e3f200b41c2aff4258abd18c39d3,gpt-6-luna
free_es_a1_clase_de_yoga_1782396351,Clase de yoga,A1,7,2,1,1,1,1,1,"Практичная ситуация развивается последовательно, но переход между обращением на tú и usted неестественен; несколько вопросов добавляют к тексту неуказанный пол.","«¿Necesito traer…?» обращается на tú, а «traiga» и «Le hago la reserva» — на usted. | В вопросах «Мужчина» и «Женщина» пол собеседников не указан в испанском тексте.",courses/spanish-grammar/reading/texts/free_es_a1_clase_de_yoga_1782396351.json,235ede9c6ec38f7acc7d6d475573cef144bfcf224871793e733fed05aa219e36,gpt-6-luna
free_es_a1_clima_del_centro_1782924658,Clima del centro,A1,6,1,1,1,1,2,0,Текст сводится к короткому перечню сведений; понимание этих сведений проверяется точно.,"«Samuel escribe invierno frío» и «También escribe verano caluroso» звучат как заметки, а не как естественные предложения; нужны, например, артикли: «escribe sobre un invierno frío».",courses/spanish-grammar/reading/texts/free_es_a1_clima_del_centro_1782924658.json,ec6119e294f60ed61fafbfb8c2e0571ea83e6c0890eb27d6f0c5dd6c117cc98f,gpt-6-luna
free_es_a1_colegio_concertado_1782924888,Colegio concertado,A1,8,2,2,1,1,1,1,"Есть понятная цель визита и конкретные действия; вопросы верны, но в основном буквальны.",,courses/spanish-grammar/reading/texts/free_es_a1_colegio_concertado_1782924888.json,4295ad935173ecb84c3d25c96f3e7bfa7825f5bdb22446cdbcb54445ee815f8d,gpt-6-luna
free_es_a1_compra_en_el_mercado_1782924924,Compra en el mercado,A1,8,2,2,1,1,1,1,Связная бытовая ситуация объясняет поход на рынок и покупку продуктов; вопросы проверяют детали прямо.,,courses/spanish-grammar/reading/texts/free_es_a1_compra_en_el_mercado_1782924924.json,5afdf48541b6173dfff48f8b812be6387715b5de9c8ba1ccdb995d86137ccbb8,gpt-6-luna
free_es_a1_comprar_un_billete_1782925057,Comprar un billete,A1,8,2,2,1,1,1,1,"Естественный короткий диалог с понятной целью; ключи верны, вопросы буквальны.",,courses/spanish-grammar/reading/texts/free_es_a1_comprar_un_billete_1782925057.json,fdbb091f5004df8bc1cb7e9578a1183db303a7d639a5f921cb6719298db3bd85,gpt-6-luna
free_es_a1_comunidad_valenciana_en_clase_1782924668,Comunidad Valenciana en clase,A1,7,1,2,1,1,1,1,"Предложения образуют простую сцену урока, но в основном перечисляют названия; вопросы точны и буквальны.",,courses/spanish-grammar/reading/texts/free_es_a1_comunidad_valenciana_en_clase_1782924668.json,0bf52df266dac6f9b797dc84e51b8bf251cf5152d569b250d3ab80df9331557b,gpt-6-luna
free_es_a1_consulta_en_el_banco_1782925010,Consulta en el banco,A1,8,2,2,1,1,1,1,"Связный диалог о конкретном затруднении и следующем шаге; вопросы верны, но буквальны.","Вопрос говорит «с номером телефона», тогда как сотрудник просит только принести номер; сам телефон не нужен.",courses/spanish-grammar/reading/texts/free_es_a1_consulta_en_el_banco_1782925010.json,d1f2f26b02d61d4e33fce672e0c79a5b28ff1c9599d5f94091e17ff7c3f5b6a8,gpt-6-luna
free_es_a1_control_de_alcoholemia_1782924940,Control de alcoholemia,A1,8,2,2,1,1,1,1,Короткая последовательная дорожная ситуация с полезной лексикой; вопросы правильно проверяют упомянутые факты.,,courses/spanish-grammar/reading/texts/free_es_a1_control_de_alcoholemia_1782924940.json,94ff6f572b0f7da4ed4bcb2fabe93d996d07819e1c541072635f190e2ebdd878,gpt-6-luna
free_es_a1_correo_al_vecino_1782925021,Correo al vecino,A1,9,2,2,1,1,2,1,Связное практическое сообщение с понятной просьбой и временем доставки; ES/RU и ключи точны.,,courses/spanish-grammar/reading/texts/free_es_a1_correo_al_vecino_1782925021.json,acbd744f28bb2ad656fc99903ba6a937b681a20453711c6d7bf87f3f86ddddfc,gpt-6-luna
free_es_a1_correo_de_la_escuela_1782924967,Correo de la escuela,A1,5,1,1,1,1,1,0,"Понятная ситуация с письмом из школы, но фраза про экзамен выбивается из письма и превращает его в учебный перечень; вопросы почти дословно проверяют факты.","«En el examen, estos correos enseñan fecha, lugar y condición» не мотивировано ситуацией и звучит как комментарий к упражнению.",courses/spanish-grammar/reading/texts/free_es_a1_correo_de_la_escuela_1782924967.json,60d9d2763e293f402f3b40bb8c5bc942555aabc369fbdf58395b110e5fee67dc,gpt-6-luna
free_es_a1_correo_para_cambiar_hora_1782925029,Correo para cambiar hora,A1,9,2,2,1,1,2,1,Цельное практическое письмо с причиной переноса и предлагаемым временем; перевод и ответы точны.,,courses/spanish-grammar/reading/texts/free_es_a1_correo_para_cambiar_hora_1782925029.json,4e720a541ea1ea3d933b966fbde0e38fc2682755e4cad3493f459eded5f37859,gpt-6-luna
free_es_a1_correo_sobre_la_escuela_1782924987,Correo sobre la escuela,A1,7,2,1,1,1,1,1,"Понятная жизненная ситуация с переездом и поиском места в школе, хотя формулировки письма местами неестественны, а вопросы буквальны.","«Queremos una plaza en un colegio de esta ciudad» звучит неестественно в этом контексте; естественнее «Queremos conseguir una plaza…». | «espero su mensaje» двусмысленно без ясного основания ждать ответа, хотя понять просьбу можно.",courses/spanish-grammar/reading/texts/free_es_a1_correo_sobre_la_escuela_1782924987.json,66d7400bc156197d450b22b5222655e4c8d6ac885f64c7c40fb332d8f5befe11,gpt-6-luna
free_es_a1_cuatro_provincias_catalanas_1782924666,Cuatro provincias catalanas,A1,7,2,1,1,1,1,1,"Короткий учебный диалог последовательно связывает повторение карты с вопросом о столице; испанский в первой реплике неестественен, вопросы буквальны.",«Repaso Cataluña» в значении «повторяю материал о Каталонии» звучит неестественно; лучше «Estoy repasando Cataluña» или «Repaso el tema de Cataluña».,courses/spanish-grammar/reading/texts/free_es_a1_cuatro_provincias_catalanas_1782924666.json,0d8f96972a74efd806ba86bf30516daf0087e99ee74c623d2971be59b227df4a,gpt-6-luna
free_es_a1_cuidar_el_edificio_1782924845,Cuidar el edificio,A1,7,2,1,1,1,1,1,"Тема правил совместного проживания раскрыта простыми примерами; одна инструкция звучит телеграфно, вопросы буквальны.",«Dice: reciclar basura en los contenedores correctos» — неестественная телеграфная инструкция; лучше «Dice que hay que separar la basura y depositarla en los contenedores adecuados».,courses/spanish-grammar/reading/texts/free_es_a1_cuidar_el_edificio_1782924845.json,b90d91a9107374ce3a3883909af4cf94f8cff13d6a2b51549d2d185458d72bf0,gpt-6-luna
free_es_a1_curso_de_espa_ol_1782925039,Curso de español,A1,9,2,2,1,1,2,1,Последовательный рассказ показывает прогресс после курса и дальнейшую цель; перевод и ключи точны.,,courses/spanish-grammar/reading/texts/free_es_a1_curso_de_espa_ol_1782925039.json,2f1131d46cf48cf479edf300d8a6bebbdb5fde14a34be38ca504045f19b03d62,gpt-6-luna
free_es_a1_curso_escolar_1782924877,Curso escolar,A1,8,2,2,1,1,1,1,"Диалог связывает школьный календарь с подготовкой к учебному году; формулировки естественны, но вопросы преимущественно буквальные.",,courses/spanish-grammar/reading/texts/free_es_a1_curso_escolar_1782924877.json,a6647eb578b87f6f1e80c6a26a08935d920f4919cfc8e5785896ca9bf6152d9a,gpt-6-luna
free_es_a1_cursos_para_tres_personas_1782924973,Cursos para tres personas,A1,5,1,1,1,1,1,0,"Текст описывает упражнение на сопоставление, но заявленные три человека и курсы раскрыты лишь частично: для Педро нет явного соответствия, третьего человека нет; вопросы повторяют одну деталь.","Заголовок обещает трёх людей, но упомянуты только Ана и Педро. | Для Педро указано, что он ищет английский для работы, а предложение — базовый английский утром; не объяснено, почему это подходящий курс. | Вопросы 1 и 2 оба проверяют желание Аны учиться кулинарии вечером.",courses/spanish-grammar/reading/texts/free_es_a1_cursos_para_tres_personas_1782924973.json,7d1455b787d3907d58eadc145315c9f40cde4cc12fdf13019a4e38a889521d05,gpt-6-luna
free_es_a1_datos_del_pasaporte_1782924824,Datos del pasaporte,A1,5,1,1,1,1,1,0,"Последовательность действий понятна, но текст выглядит перечнем полей анкеты, а паспортная информация представлена как данные заявления для мэрии без пояснения; вопросы буквальны.","«Tiene su pasaporte sobre la mesa» и «Copia su nombre y apellidos…» не объясняют, почему из паспорта заполняется именно эта solicitud для ayuntamiento; сцена остаётся перечнем полей.",courses/spanish-grammar/reading/texts/free_es_a1_datos_del_pasaporte_1782924824.json,a2db2ee4c5dfbb9612563e408e3115152db86a69c9a5ef9e2b67ab28e94bb29e,gpt-6-luna
free_es_a1_datos_en_una_maqueta_1782924585,Datos en una maqueta,A1,4,1,1,1,0,1,0,"Связь макета и учёбы задана, но текст в основном перечисляет факты; «En otra escribe altitud media» звучит как подпись к упражнению. Вопросы имеют верные ключи, но почти дословно повторяют текст.",«La cifra es unos 650 metros» неестественно: лучше «La cifra es de unos 650 metros». | «На другой она пишет средняя высота» — грамматически неверно по-русски; нужно «пишет “средняя высота”».,courses/spanish-grammar/reading/texts/free_es_a1_datos_en_una_maqueta_1782924585.json,8d0c4fce0602c6013e545fb6937a5402879081c9003ba62e576618cfa85f90e8,gpt-6-luna
free_es_a1_de_barcelona_a_valencia_1782924669,De Barcelona a Valencia,A1,5,1,1,1,1,1,0,"Поездка служит рамкой для перечисления географических сведений, но связь между городами, которые Ирен повторяет, и маршрутом не объяснена. Ключи верны; вопросы буквальные.","«En el tren repasa Girona y Tarragona. También repasa Alicante y Castellón» выглядит как перечень названий без пояснения, как они связаны с поездкой.",courses/spanish-grammar/reading/texts/free_es_a1_de_barcelona_a_valencia_1782924669.json,a0cebd28011ff3611f5af1dd7d4fcd067a1a1812022301519ad62647293434b5,gpt-6-luna
free_es_a1_delta_del_ebro_1782924595,Delta del Ebro,A1,7,2,1,1,1,1,1,"Есть простая учебная ситуация: Нико рассматривает фото, делает заметки и сохраняет его для повторения. Вопросы имеют верные ключи, но в основном буквальные.","«Después añade Júcar, Segura y Turia» не поясняет, что именно он добавляет — названия рек или сами реки на фото/лист.",courses/spanish-grammar/reading/texts/free_es_a1_delta_del_ebro_1782924595.json,76414a2b308f103439a2718c8046c0be1fee6021340bea01ac2c420bbfbc9e8a,gpt-6-luna
free_es_a1_dibujo_del_sistema_central_1782924598,Dibujo del Sistema Central,A1,8,2,2,1,1,1,1,"Последовательное описание рисунка вводит Месету и Центральную систему; сведения поддерживают друг друга. Ключи верны, но вопросы буквальные.",,courses/spanish-grammar/reading/texts/free_es_a1_dibujo_del_sistema_central_1782924598.json,10c3ea40f93331eb3b8a40035a99740b9441a4d57a1cf63466eb052f053240a0,gpt-6-luna
free_es_a1_diciembre_festivo_1782924866,Diciembre festivo,A1,7,2,1,1,1,1,1,"Сведения о праздниках связаны с планированием поездок, хотя дальнейшее объяснение про посещение семьи присоединено слабо. Ключи верны, вопросы буквальные.",«Así no compro billetes para un día festivo» означает «так я не покупаю билеты на праздничный день»; в контексте бронирования естественнее «так я не куплю билеты на праздничный день».,courses/spanish-grammar/reading/texts/free_es_a1_diciembre_festivo_1782924866.json,eaf2c7c34bad88381fa72e8005e5f39e074bce1f7347881706a620b915d142d3,gpt-6-luna
free_es_a1_dni_a_los_catorce_1782924800,DNI a los catorce,A1,8,2,2,1,1,1,1,"Ситуация взросления связывает тему DNI с подготовкой документов. Вопросы имеют верные ключи, но проверяют в основном прямое воспроизведение.","«El DNI es obligatorio para españoles mayores de 14 años» не согласуется с сюжетом: Лукасу только исполняется 14 лет, тогда как «mayores de 14» означает старше 14.",courses/spanish-grammar/reading/texts/free_es_a1_dni_a_los_catorce_1782924800.json,8c9f2df1af0f1c3bb5f3eca5e9e99be8c15bb176bb32de66cc5f5f8a32d04a7d,gpt-6-luna
free_es_a1_documento_en_la_oficina_1782925069,Documento en la oficina,A1,8,2,2,1,1,1,1,"Понятная последовательность действий при оформлении документа создаёт внятную бытовую ситуацию. Ключи верны, но вопросы буквальные.",,courses/spanish-grammar/reading/texts/free_es_a1_documento_en_la_oficina_1782925069.json,2e04adbbe3efd08cac93f4ec2ff98911116164fcb8aedaadd12dbb603cdbaaf5,gpt-6-luna
free_es_a1_documentos_completos_1782925046,Documentos completos,A1,7,2,2,1,1,0,1,"Подготовка папки к завтрашней процедуре задаёт цель и последовательность действий. Первые два ключа верны, но третий вопрос проверяет грамматическую тему, а не понимание текста.","«el formulario está viejo» менее естественно, чем «el formulario es viejo» или «está en mal estado», если речь о старом бланке.",courses/spanish-grammar/reading/texts/free_es_a1_documentos_completos_1782925046.json,a272bbb89a4f07287c17a8b6b8f48e9bcc49a72bb593cc2eecae3ca5a4a269cd,gpt-6-luna
free_es_a1_documentos_en_la_mesa_1782924804,Documentos en la mesa,A1,6,1,1,1,1,1,1,"Классная сцена связывает слова с объяснением учителя, но большая часть текста — несвязанный перечень сведений о документах. Ключи верны, вопросы буквальные.","Фраза о паспорте упрощает правило: «sirve para viajar fuera de la Unión Europea o Schengen» не означает, что паспорт нужен для любой такой поездки; это также смешивает ЕС и Шенген.",courses/spanish-grammar/reading/texts/free_es_a1_documentos_en_la_mesa_1782924804.json,7ee51023240211584a469e2a7ccf041baf38169ddbc67c92db87ccf69d1a0812,gpt-6-luna
free_es_a1_don_quijote_y_sancho_1782924700,Don Quijote y Sancho,A1,8,2,2,1,1,1,1,"Урок и чтение связывают сведения о романе с действиями учеников. Ключи верны, но вопросы проверяют прямое воспроизведение фактов.","«el nombre completo de la novela» упомянуто, но полное название нигде не дано, поэтому указание запомнить его не поддержано текстом.",courses/spanish-grammar/reading/texts/free_es_a1_don_quijote_y_sancho_1782924700.json,07059b6efd39cb2b91f70361621c94313589f97c89560fe5c2f9aba2165a490b,gpt-6-luna
free_es_a1_dos_archipi_lagos_1782924653,Dos archipiélagos,A1,5,1,1,1,1,1,0,"Ситуация с карточкой дает минимальную рамку для сравнения, но фразы почти целиком перечисляют факты. В испанском нужны артикли в «Baleares» и «Canarias»; вопросы верны, но буквальны.","«Baleares están» и «Canarias están» — неестественно без артиклей: «Las Baleares están», «Las Canarias están».",courses/spanish-grammar/reading/texts/free_es_a1_dos_archipi_lagos_1782924653.json,70e8c0c2961c6700696c2908824d2772b6a008abad3ca2e29203e0f9b8b4d507,gpt-6-luna
free_es_a1_dos_bodas_1782924826,Dos bodas,A1,6,1,1,1,1,1,1,"Есть жизненный пример и полезная общественная лексика, но разговор перескакивает от семейных свадеб к экзамену и общей теме без ясной связи. Вопросы верны, но буквальны.",«La familia aprende estas palabras para la prueba» появляется без подготовки и не связано с семейными примерами; «También es un tema social de la vida diaria» звучит как формальный комментарий.,courses/spanish-grammar/reading/texts/free_es_a1_dos_bodas_1782924826.json,28e053b466907e94aa6cfcf0c0caa6a764df9fc32c49a3a4b7a109fa08c22903,gpt-6-luna
free_es_a1_dos_ciudades_1782925042,Dos ciudades,A1,8,2,2,1,1,1,1,"Сравнение городов получает личное объяснение: рассказчик возвращается из-за работы рядом с домом. Испанский естественный, перевод точный; вопросы верны, но в основном проверяют прямые факты.",,courses/spanish-grammar/reading/texts/free_es_a1_dos_ciudades_1782925042.json,bd38f608b0d6120713762032e0ba42f51b6e0b96f093511097541d9e9803eacf,gpt-6-luna
free_es_a1_dos_estilos_para_estudiar_1782924723,Dos estilos para estudiar,A1,6,1,1,1,1,1,1,"Диалог дает культурные имена, но выглядит как перечень подсказок к экзамену; переход от групп имен к выводу о «городском» звучит искусственно. Вопросы верны, но буквальны.","«Un grupo es urbano» неясно соотносится с перечислением Rosalía и Sabina; диалог не объясняет, почему эти имена образуют именно городскую группу.",courses/spanish-grammar/reading/texts/free_es_a1_dos_estilos_para_estudiar_1782924723.json,1eb4e3e719b601aeaf0e3c16787596b7a9f1c83d64e96e7ab93242186cb9032c,gpt-6-luna
free_es_a1_dos_fiestas_populares_1782924786,Dos fiestas populares,A1,6,2,1,1,0,1,1,"Две конкретные народные традиции дают полезный культурный контекст, но финальная фраза о Томатине перегружена и неестественна. Вопросы верны, но буквальны. Перевод финала также неестественен.","«con tomates, gente alegre y calles llenas de visitantes en Buñol cada verano español» — перегруженная и неясно построенная фраза; «cada verano español» звучит неестественно. | Перевод «каждое испанское лето» — калька с «cada verano español»; естественнее: «каждым летом в Испании».",courses/spanish-grammar/reading/texts/free_es_a1_dos_fiestas_populares_1782924786.json,718c30e0b671dbf60021b2900931a105732f2dc2765318a46640da677036b3ca,gpt-6-luna
free_es_a1_dos_listas_del_este_1782924671,Dos listas del este,A1,4,1,1,1,0,1,0,"Это упражнение на запоминание провинций, а не связный текст. Вопросы верны, но буквальны. Перевод первой реплики заметно калькирован.",«Tengo dos listas del este de España» естественнее передать как «У меня два списка провинций восточной Испании»; перевод «списки востока Испании» звучит неестественно.,courses/spanish-grammar/reading/texts/free_es_a1_dos_listas_del_este_1782924671.json,88921f0238b0d0f3cf3712a68bc865248ff151c373f9705239a1f01c8ed3f651,gpt-6-luna
free_es_a1_dos_n_meros_importantes_1782924914,Dos números importantes,A1,8,2,2,1,1,1,1,"Карточка на уроке дает понятную ситуацию и полезные номера экстренной помощи. Перевод точный, ключи верны; вопросы простые и буквальные.",,courses/spanish-grammar/reading/texts/free_es_a1_dos_n_meros_importantes_1782924914.json,06452f0b76d80ccb93e32b75605212c0a753bc7cc9a5b71c8008252c089ca3c1,gpt-6-luna
free_es_a1_dos_parques_manchegos_1782924616,Dos parques manchegos,A1,6,1,2,1,1,1,0,"Испанский естественный для A1, но кроме названий парков и места действия развития почти нет; зарисовка воды ничем не объяснена. Вопросы верны, но проверяют только запоминание фактов.",,courses/spanish-grammar/reading/texts/free_es_a1_dos_parques_manchegos_1782924616.json,ee668bb4ec6a022c6cdd6d0037598e914914c78206fb3accee50066a14fab7c8,gpt-6-luna
free_es_a1_educaci_n_obligatoria_1782924880,Educación obligatoria,A1,8,2,2,1,1,1,1,"Понятная семейная ситуация связывает сведения о школе с началом учебного года. Испанский естественный, пары ES/RU точны; вопросы верны, но буквальны.",,courses/spanish-grammar/reading/texts/free_es_a1_educaci_n_obligatoria_1782924880.json,81fe448ca3f1d4c6f328a1775f0b3df9ddfcddd5a419fd16021ea0ebe8c89d42,gpt-6-luna
free_es_a1_el_d_a_del_examen_1782924499,El día del examen,A1,8,2,2,1,1,1,1,"Последовательная сцена экзамена знакомит с его форматом и лексикой. Перевод точный, ответы верны; вопросы проверяют главным образом прямое понимание деталей.",,courses/spanish-grammar/reading/texts/free_es_a1_el_d_a_del_examen_1782924499.json,234e2b8a202141f1ff145782730044ad0ea20c8ab079a9e8d669ec4c963f6edd,gpt-6-luna
free_es_a1_el_paraguas_negro_1782923839,El paraguas negro,A1,5,1,1,1,1,1,0,"Короткий диалог понятен, но связь между поиском зонта, дорогой домой и дождём остаётся неразвитой; вопросы проверяют в основном прямые факты.",,courses/spanish-grammar/reading/texts/free_es_a1_el_paraguas_negro_1782923839.json,244ac18d9579474c3887c93a153e6595d6bf1d35d1caf9e48330dad8c06462ad,gpt-6-luna
free_es_a1_el_paraguas_sin_lluvia_1782923717,El paraguas sin lluvia,A1,8,2,2,1,1,1,1,"Разговор связан необычной личной историей зонта и бабушки; вопросы понятны, но в основном буквальные.",,courses/spanish-grammar/reading/texts/free_es_a1_el_paraguas_sin_lluvia_1782923717.json,e91ffd41db49d5d09bb7a475119cb9dd9b3cc6488251b26015144e23116839fb,gpt-6-luna
free_es_a1_el_plan_en_la_mochila_1782924504,El plan en la mochila,A1,6,1,2,1,1,1,0,"Испанский и перевод понятны, но текст представляет собой перечень пунктов экзамена без развития ситуации; вопросы проверяют только буквальные детали.",,courses/spanish-grammar/reading/texts/free_es_a1_el_plan_en_la_mochila_1782924504.json,783c65021137d7ea47b52b2ec6ee407835c4b08288af3c1db4a80e5fc9044e67,gpt-6-luna
free_es_a1_el_pulpo_1782395730,El pulpo,A1,8,2,2,1,1,1,1,"Связное объяснение свойств осьминога с простыми причинными связями; вопросы верны, но преимущественно проверяют факты напрямую.",,courses/spanish-grammar/reading/texts/free_es_a1_el_pulpo_1782395730.json,83f24de5ff9016212c1ec8839fc722322c2938de79fe4c4d571cf7b05fd82cea,gpt-6-luna
free_es_a1_el_tren_ave_1782395506,El tren AVE,A1,8,2,2,1,1,1,1,"Текст сочетает краткую историю AVE с полезными сведениями о поездке; вопросы верны, но в основном буквальные.",,courses/spanish-grammar/reading/texts/free_es_a1_el_tren_ave_1782395506.json,82f05cd8e3881d8334e0b46e4767f1f07a4d680afcd77a38289fdc5372fd2bb1,gpt-6-luna
free_es_a1_el_tren_temprano_1782923845,El tren temprano,A1,5,1,1,1,1,1,0,"Диалог понятен, но реплики с планом поездки и покупкой билетов связаны слабо; вопросы проверяют прямые факты.",,courses/spanish-grammar/reading/texts/free_es_a1_el_tren_temprano_1782923845.json,fbdba8b52d2470613eb85e629c7920435367346146203e4ae0a5c6343921be0b,gpt-6-luna
free_es_a1_en_correos_1782396053,En correos,A1,9,2,2,1,1,2,1,Связный бытовой диалог с выбором тарифа и оформлением отправки; вопросы точно проверяют решение и детали разговора.,,courses/spanish-grammar/reading/texts/free_es_a1_en_correos_1782396053.json,b8691d637581495fc4db72141f522b9661af30058e981d7d1f3c4238fd50ee6a,gpt-6-luna
free_es_a1_en_el_ayuntamiento_1782924818,En el ayuntamiento,A1,6,2,1,0,1,1,1,"Ситуация обращения за справкой понятна и содержательна, но финальная реплика перегружена для A1, а «empadronamiento» и бюрократическая лексика существенно выше уровня; вопросы в основном буквальные.","Финальная реплика «traigo el contrato de casa y vuelvo ... con todos los papeles mañana por la mañana al ayuntamiento local» длинная и тяжёлая для A1. | «certificado de empadronamiento» — специализированная лексика, не объяснённая в тексте.",courses/spanish-grammar/reading/texts/free_es_a1_en_el_ayuntamiento_1782924818.json,b679a4a251a7223d668c1dbbdc849ca777902a403cc7a4d6fcf2c978a82df330,gpt-6-luna
free_es_a1_en_el_bar_de_la_esquina_1782925005,En el bar de la esquina,A1,8,2,2,1,1,1,1,"Естественный короткий диалог в кафе с понятной последовательностью заказа; вопросы верны, но проверяют очевидные детали.",,courses/spanish-grammar/reading/texts/free_es_a1_en_el_bar_de_la_esquina_1782925005.json,43160f188301e5aa27a76190c1724f5bd4897aee5e9821a3976f96203f302da7,gpt-6-luna
free_es_a1_en_el_centro_de_salud_1782925012,En el centro de salud,A1,8,2,2,1,1,1,1,"Естественная бытовая ситуация с ясным следующим шагом; вопросы точны, но в основном буквальные.",,courses/spanish-grammar/reading/texts/free_es_a1_en_el_centro_de_salud_1782925012.json,199c57cc01424832d301d294af69d5c95406bb2ecda08c109d89627187f8e1f3,gpt-6-luna
free_es_a1_en_la_estaci_n_1782396274,En la estación,A1,7,2,1,1,1,1,1,Понятная ситуация покупки билета развивается последовательно. Большинство вопросов проверяет прямо названные детали; последний ответ звучит неестественно: «Aquí tiene su billete y la puerta de salida».,"«Aquí tiene su billete y la puerta de salida» — буквально «вот ваш билет и выход на посадку»; естественнее было бы отдельно сообщить, где находится выход. | В вопросах говорится о мужчине, хотя пол говорящего в испанском тексте не указан.",courses/spanish-grammar/reading/texts/free_es_a1_en_la_estaci_n_1782396274.json,90bd97ce0e3257d8366ce511746a8bd64553ee630606f1857ba9f4608b4df015,gpt-6-luna
free_es_a1_en_la_farmacia_1782396297,En la farmacia,A1,8,2,2,1,1,1,1,"Связный бытовой диалог с полезной лексикой о симптомах и аптеке. Вопросы верны, но в основном проверяют отдельные факты из текста.",,courses/spanish-grammar/reading/texts/free_es_a1_en_la_farmacia_1782396297.json,63d70d11bee225ca31abe7b1f0fd72d75cee6f14bdae9b5e830a576953c44bda,gpt-6-luna
free_es_a1_en_la_oficina_1782924821,En la oficina,A1,5,1,1,1,1,1,0,"Разговор сводится к перечню полей документа без заметного развития ситуации. Испанский понятен, но реплики звучат как механическое перечисление.","«También está mi NIE y mi sexo» и следующие реплики перечисляют данные документа, не создавая естественного обмена репликами.",courses/spanish-grammar/reading/texts/free_es_a1_en_la_oficina_1782924821.json,8ae2c47531bea7687a4012d084a49f52cb2a890e7e7a7fd973a5075e85af6e04,gpt-6-luna
free_es_a1_en_la_oficina_de_extranjer_a_1782924542,En la oficina de extranjería,A1,5,1,1,1,1,1,0,"Сцена с Амиром обрамляет перечень утверждений о полиции, но содержательного развития почти нет. Вопросы верны, однако проверяют только буквальное воспроизведение.",«La Policía Nacional trata asuntos de extranjería. También trabaja en fronteras» — факты перечислены без связи с дальнейшим действием Амира.,courses/spanish-grammar/reading/texts/free_es_a1_en_la_oficina_de_extranjer_a_1782924542.json,a48e5f8d32d43bef6cd684f6fed8d4424824d171e261c3ae59e21016ac838a89,gpt-6-luna
free_es_a1_en_la_oficina_de_idiomas_1782924507,En la oficina de idiomas,A1,7,2,1,1,1,1,1,"Диалог связан темой языков и дает полезную информацию. Формулировка «tienen derecho de usarlo» заметно менее естественна, чем «tienen derecho a usarlo»; вопросы в основном буквальные.",«Los ciudadanos tienen derecho de usarlo» — естественнее «tienen derecho a usarlo».,courses/spanish-grammar/reading/texts/free_es_a1_en_la_oficina_de_idiomas_1782924507.json,5e7052875641d00b91025d524fecee4ee9f024fde9996e668d29a0396373705d,gpt-6-luna
free_es_a1_en_la_oficina_nueva_1782923835,En la oficina nueva,A1,5,1,1,1,1,1,0,"Короткая бытовая сцена понятна, но реплики не объясняют, зачем Луису искать комнату, а затем сообщают лишь, что у Марты есть план. Вопросы верны и буквальны.",«Necesito buscar la sala dos» и «Marta tiene el plano» остаются слабо связанными с остальным разговором.,courses/spanish-grammar/reading/texts/free_es_a1_en_la_oficina_nueva_1782923835.json,4e0bdac5c636e8a973d1795cadff58d7a9392799b6eb31ed00055b9d9f3b1a6b,gpt-6-luna
free_es_a1_enero_en_familia_1782924859,Enero en familia,A1,7,1,2,1,1,1,1,"Испанский естественный, а детали о семейном празднике дают небольшой контекст. Основная часть текста перечисляет даты и общие сведения без сюжетного развития.",Переход от записи дат в календарь к общей фразе о праздниках и особому полднику почти не развивает ситуацию.,courses/spanish-grammar/reading/texts/free_es_a1_enero_en_familia_1782924859.json,dd26f765c01f9f5ba9e8a020ba80982e7b01f9cc25264068a0c97c4b16a48dc3,gpt-6-luna
free_es_a1_entrada_con_cl_ve_1782924560,Entrada con Cl@ve,A1,7,2,2,1,1,0,1,"Понятный диалог объясняет, как человек может войти в электронный офис и выполнить процедуру. Один вопрос приписывает говорящему женский пол, которого текст не устанавливает.",Вопрос «У женщины есть Cl@ve в телефоне» не подтвержден: пол говорящего в испанском тексте не обозначен.,courses/spanish-grammar/reading/texts/free_es_a1_entrada_con_cl_ve_1782924560.json,b35ba1726a4b5a457324e76c4f6d609590b8d4b644eed9abf53a9d77565f2348,gpt-6-luna
free_es_a1_enviar_una_carta_1782924920,Enviar una carta,A1,8,2,2,1,1,1,1,"Последовательная бытовая ситуация объясняет отправку письма; вопросы верны, но преимущественно буквальны.",,courses/spanish-grammar/reading/texts/free_es_a1_enviar_una_carta_1782924920.json,90696f4b413e0ccb6a0930060c5ef5e729ad7f39213d92fb8aafd5ff32f27909,gpt-6-luna
free_es_a1_espa_a_en_el_mapa_1782924574,España en el mapa,A1,6,1,1,1,1,1,1,"Диалог дает полезные географические сведения, но заметно превращается в перечень фактов: вопрос о границах сменяется дополнительными несвязанными утверждениями. Вопросы верны и просты.","«España ocupa gran parte de la península ibérica» и «también tiene islas» добавлены как отдельные факты, а не как естественное продолжение разговора.",courses/spanish-grammar/reading/texts/free_es_a1_espa_a_en_el_mapa_1782924574.json,eefbff044622e9e582d4c553e19e3d1454e1a5ecb6b4c31646868fea73a0cbec,gpt-6-luna
free_es_a1_estudiar_juntos_1782396499,Estudiar juntos,A1,8,2,2,1,1,1,1,"План подготовки к экзамену связный и подходит A1. Вопрос о том, что хочет делать «мужчина», не подтверждается текстом: пол speaker_a не указан.","Вопрос «Мужчина хочет практиковать ответы вслух» приписывает speaker_a пол, которого текст не задаёт.",courses/spanish-grammar/reading/texts/free_es_a1_estudiar_juntos_1782396499.json,f6897c53359597175a775cb6d2075852dd72a686ac3b7429bfed8114b66f4c4a,gpt-6-luna
free_es_a1_etapas_del_colegio_1782924882,Etapas del colegio,A1,6,1,1,1,1,2,0,"Возрастные этапы образования перечислены понятно, но последняя реплика о гражданстве не связана с объяснением и звучит неестественно: «Estas edades son importantes para la ciudadanía».",«Estas edades son importantes para la ciudadanía» — связь возрастов этапов школы с гражданством не объяснена и выглядит случайной.,courses/spanish-grammar/reading/texts/free_es_a1_etapas_del_colegio_1782924882.json,e42530a98f7fd9b638f6241f76f8792492955cc6cb7bd7a3bd73f0babc53245a,gpt-6-luna
free_es_a1_evento_cultural_del_s_bado_1782925017,Evento cultural del sábado,A1,8,2,2,1,1,1,1,"Короткое, связное объявление сообщает место, время, стоимость и план на случай дождя. Вопросы в основном проверяют отдельные факты.",,courses/spanish-grammar/reading/texts/free_es_a1_evento_cultural_del_s_bado_1782925017.json,67b20e836ff5b7bb7d25834c73c2ba58ab306e0bca652cc439ca4940b60bf4a4,gpt-6-luna
free_es_a1_excursi_n_a_ordesa_1782924641,Excursión a Ordesa,A1,5,1,1,1,1,1,0,"Поездка в Ордесу сменяется перечнем городов и сведением о Сарагосе без связи с планом экскурсии. Отдельные фразы понятны, но в целом текст похож на набор фактов.",«También ve Teruel y Zaragoza» и «Zaragoza aparece como capital autonómica» не связаны с рассказом о поездке в Ордесу.,courses/spanish-grammar/reading/texts/free_es_a1_excursi_n_a_ordesa_1782924641.json,09a09fc63a84fa94dd7f7220e20434817221f4b8e8d8755db47371bcb858ab71,gpt-6-luna
free_es_a1_f_tbol_del_domingo_1782924789,Fútbol del domingo,A1,6,1,2,1,1,1,0,"Реплики о футболе, баскетболе и экзамене не складываются в мотивированную ситуацию. Испанские предложения сами по себе естественны, но вопросы в основном буквальные; первый также расширяет сказанное, называя Лигу и Кубок популярными соревнованиями.","«Para el examen escribe Liga, Copa del Rey y baloncesto» внезапно вводит экзамен и не объясняет, почему Рауль записывает эти названия.",courses/spanish-grammar/reading/texts/free_es_a1_f_tbol_del_domingo_1782924789.json,91aad81348af742c71879aaa2d456a99d2cc97f53f118de259bcd63e502b4254,gpt-6-luna
free_es_a1_falla_y_el_amor_brujo_1782924705,Falla y El amor brujo,A1,7,2,1,1,1,1,1,"Связный учебный диалог знакомит с композитором и произведением, хотя заключительная реплика обобщённая и несколько искусственная. Вопросы проверяют прямые сведения.",«Esa forma de estudiar funciona bien con música clásica española antes del examen» звучит как общее назидательное заключение и не развивает конкретный разговор.,courses/spanish-grammar/reading/texts/free_es_a1_falla_y_el_amor_brujo_1782924705.json,582228e2f9309ba01b5af3d434abb389da7871c3ec96d2fe1aa85322603e2ca2,gpt-6-luna
free_es_a1_fallas_de_marzo_1782924766,Fallas de marzo,A1,8,2,2,1,1,1,1,"Короткий диалог связно сообщает о празднике и его приметах. Вопросы правильные, но преимущественно повторяют факты из текста.",,courses/spanish-grammar/reading/texts/free_es_a1_fallas_de_marzo_1782924766.json,a1c978d1a4940c88937cc4310c9bdb42d5019667e04b6d5b1d820ced615c041f,gpt-6-luna
free_es_a1_familia_en_el_parque_1782925051,Familia en el parque,A1,8,2,2,1,1,1,1,"Понятное описание сцены с пространственными ориентирами и осторожным предположением. Вопросы точны, но в основном буквальны.",,courses/spanish-grammar/reading/texts/free_es_a1_familia_en_el_parque_1782925051.json,c92dcef3fe3f47fe2138d46c7ffa16a49b3269606a664773a8ec63b37f885dde,gpt-6-luna
free_es_a1_favor_para_la_administraci_n_1782925024,Favor para la administración,A1,7,2,2,1,0,1,1,Письмо связно и уместно для бытовой административной ситуации. Перевод «процедура резиденции» звучит калькой; естественнее «оформление вида на жительство».,«mi trámite de residencia» переведено как «моей процедуры резиденции»; по-русски естественнее «оформления вида на жительство».,courses/spanish-grammar/reading/texts/free_es_a1_favor_para_la_administraci_n_1782925024.json,951800f43c6b1783c87b220f08d59dd4dc372ec408c86230250a783f947ff9b5,gpt-6-luna
free_es_a1_ficha_de_la_monarqu_a_1782924533,Ficha de la monarquía,A1,8,2,2,1,1,1,1,"Сведения организованы как учебная карточка на одну тему и дают полезную лексику. Вопросы правильные, но проверяют прямое запоминание.",,courses/spanish-grammar/reading/texts/free_es_a1_ficha_de_la_monarqu_a_1782924533.json,84935d5c88a957b4b2fbfe08a26422c3dd9176504568eab920e5b2824d8d8681,gpt-6-luna
free_es_a1_fiesta_del_barrio_1782925073,Fiesta del barrio,A1,6,1,2,1,1,1,0,"Понятный A1-текст, но описание праздника перемежается не связанными с ним сравнением города и правилом о времени окончания.",«Mi ciudad es más pequeña que Madrid» не связано с описанием праздника.,courses/spanish-grammar/reading/texts/free_es_a1_fiesta_del_barrio_1782925073.json,b65706603dfb0d7c97e1d2b1646920b8dd41f2140e0d23e2fdfb4853c48309f6,gpt-6-luna
free_es_a1_fiesta_familiar_1782925034,Fiesta familiar,A1,8,2,2,1,1,1,1,Связный короткий рассказ о семейном празднике с понятным продолжением в виде планов на воскресенье. Вопросы проверяют в основном прямые факты.,,courses/spanish-grammar/reading/texts/free_es_a1_fiesta_familiar_1782925034.json,1c61460600a012864fe6b34a3398abc118c83485a6adb38592d783fe57f73929,gpt-6-luna
free_es_a1_fiestas_de_oto_o_1782924864,Fiestas de otoño,A1,8,2,2,1,1,1,1,"Учебная ситуация связывает даты и действия Мигеля, хотя развитие сюжета простое, а вопросы буквальные.",,courses/spanish-grammar/reading/texts/free_es_a1_fiestas_de_oto_o_1782924864.json,1ebdffbb0ed2fff2e2853ac3c7aa443a7a15e5af0799beb0b06ea77f76344e13,gpt-6-luna
free_es_a1_fila_del_autob_s_1782924949,Fila del autobús,A1,8,2,2,1,1,1,1,Внятная последовательность действий Розы на остановке и в автобусе; вопросы в основном проверяют отдельные явно названные факты.,,courses/spanish-grammar/reading/texts/free_es_a1_fila_del_autob_s_1782924949.json,f7220feb3f25a7b0a35786d8e56c3b67512974fab91c2e2ec2ded5d967173a09,gpt-6-luna
free_es_a1_firma_desde_casa_1782924562,Firma desde casa,A1,8,2,2,1,1,1,1,"Последовательное описание электронной подачи документа, хотя объяснение юридической силы подписи чрезмерно обобщено. Вопросы буквальные.",«Tiene valor como una firma en papel» звучит как общее утверждение о равной юридической силе без уточнения вида электронной подписи.,courses/spanish-grammar/reading/texts/free_es_a1_firma_desde_casa_1782924562.json,0534e6b85078817a3f2197e08bb9b54b4131124d553aa5e4599eafdabed24724,gpt-6-luna
free_es_a1_flamenco_andaluz_1782924719,Flamenco andaluz,A1,8,2,2,1,1,1,1,"Диалог связывает фламенко с Андалусией и знакомит с музыкантами, но разговор в основном служит для перечисления имён. Ответы верны.",,courses/spanish-grammar/reading/texts/free_es_a1_flamenco_andaluz_1782924719.json,8cd627716eae14255c47affcff20d7d46796cb7fdaafa68a7cd14d2f33239c55,gpt-6-luna
free_es_a1_flamenco_unesco_1782924744,Flamenco UNESCO,A1,6,1,1,1,1,1,1,"Связь урока с темой есть, но текст преимущественно перечисляет сведения и учебные действия; одна испанская фраза построена неестественно.",«También dice Patrimonio Inmaterial de la UNESCO» — неполная и неестественная конструкция; лучше «También dice que el flamenco es Patrimonio…».,courses/spanish-grammar/reading/texts/free_es_a1_flamenco_unesco_1782924744.json,517e18c3a213ae48742243c24b6de0aae18bdfa2f56f10c8d5f15f3b9a6a5702,gpt-6-luna
free_es_a1_foto_del_mercado_1782925049,Foto del mercado,A1,8,2,2,1,1,1,1,"Простое, цельное описание сцены соответствует A1; вопросы понятны, но проверяют только прямые детали.",,courses/spanish-grammar/reading/texts/free_es_a1_foto_del_mercado_1782925049.json,03dfa5aa28699118cc32619ccd8edfd2ccf51751b0a1966cffe1d464d65ce38f,gpt-6-luna
free_es_a1_fronteras_en_la_agenda_1782924580,Fronteras en la agenda,A1,6,1,2,1,1,1,0,Учебный план задаёт слабую рамку для перечня стран и фактов о географии; вопросы проверяют только буквальное воспроизведение.,"«Son fronteras de España» неточно называет страны границами; естественнее сказать, что эти страны граничат с Испанией.",courses/spanish-grammar/reading/texts/free_es_a1_fronteras_en_la_agenda_1782924580.json,57040e4a1fd9d4f1c26dbe1924256d19febd6681563d3ae29388ff374bc89c97,gpt-6-luna
free_es_a1_guggenheim_bilbao_1782924738,Guggenheim Bilbao,A1,6,1,1,1,1,1,1,"Диалог содержит полезные культурные сведения, но переход от Бильбао к музеям Мадрида не мотивирован, а заключительная связь звучит механически.",«Museos y ciudades van juntos» и «Esa relación ayuda mucho…» выглядят как искусственная связка между несвязанными фактами.,courses/spanish-grammar/reading/texts/free_es_a1_guggenheim_bilbao_1782924738.json,6e74d5c74c18e0f4903299dd3e2d0088e8e00fcb182d3e6fffec177a47561323,gpt-6-luna
free_es_a1_historia_de_ana_y_sus_planes_1782924989,Historia de Ana y sus planes,A1,8,2,2,1,1,1,1,"Короткая, понятная биография с переходом от прошлого к настоящему и планам; вопросы в основном проверяют прямые факты.",,courses/spanish-grammar/reading/texts/free_es_a1_historia_de_ana_y_sus_planes_1782924989.json,3f9ddd6a70df88bb50da6d427cc0bea7c158990038b0aa113b1a5ba35d85538e,gpt-6-luna
free_es_a1_hora_en_invierno_1782924870,Hora en invierno,A1,7,2,1,1,1,1,1,"Разговор об учебной теме имеет понятную ситуацию, но реплики про экзамен и таблицу связаны механически; вопросы проверяют буквальные факты.",«La tabla del libro muestra el cambio de hora» не связано с предыдущей репликой и не получает продолжения.,courses/spanish-grammar/reading/texts/free_es_a1_hora_en_invierno_1782924870.json,2e3fdf4d715af7f09427d7f67a5372918e6a9c52f2359e599e03e907064a4c80,gpt-6-luna
free_es_a1_horario_de_tienda_1782924875,Horario de tienda,A1,8,2,2,1,1,1,1,"Практическая ситуация развивается от планов на воскресенье к проверке расписания; вопросы понятны, но в основном буквальные.",,courses/spanish-grammar/reading/texts/free_es_a1_horario_de_tienda_1782924875.json,320de3ea804828c275e9971c4752332d16dece7faa064a815ad135a9cdeaec95,gpt-6-luna
free_es_a1_horario_de_tren_1782924964,Horario de tren,A1,5,1,1,1,1,1,0,"Сведения о расписании превращаются в объяснение учебного упражнения, но развитие искусственное; вопросы преимущественно буквальные.","«Quién viaja, dónde, cuándo y a qué hora son preguntas importantes» звучит неестественно: перечень вопросов назван важным без ясной связи с действием Лео.",courses/spanish-grammar/reading/texts/free_es_a1_horario_de_tren_1782924964.json,2ba7207bb343ed0f58c6239fb4fb06ad467978fd686ada923cb234be1aba5435,gpt-6-luna
free_es_a1_horario_del_dele_a2_1782924501,Horario del DELE A2,A1,5,1,1,0,1,1,1,"Диалог представляет собой перечень параметров экзамена, причём для A1 он содержит сложную экзаменационную лексику и числовые детали; ключи верны, вопросы буквальные.","«Tiene lectura, auditiva, escrita y oral» — неестественно сокращённые названия частей; лучше «prueba de comprensión de lectura, comprensión auditiva, expresión escrita y expresión oral».",courses/spanish-grammar/reading/texts/free_es_a1_horario_del_dele_a2_1782924501.json,eb59d8ec278d3a39b07b3b907bd6ccf96d9e3b791afd4170a1b86a5494d9d939,gpt-6-luna
free_es_a1_imagen_en_la_biblioteca_1782925047,Imagen en la biblioteca,A1,5,1,1,1,1,1,0,"Это короткий перечень деталей воображаемой картинки, без развития ситуации; вопросы прямые.",«A la derecha está una mujer» неестественно для указания расположения объекта; естественнее «A la derecha hay una mujer».,courses/spanish-grammar/reading/texts/free_es_a1_imagen_en_la_biblioteca_1782925047.json,8c9476f946817900cd0fec6ab1ba71ea59ac701325f9d43df59e878f951c2dad,gpt-6-luna
free_es_a1_instituciones_en_la_biblioteca_1782924524,Instituciones en la biblioteca,A1,6,1,1,1,1,1,1,"Учебная сцена связывает названия учреждений с краткими сведениями о них, но остаётся перечнем; вопросы буквальные.","«Busca instituciones de lenguas españolas» звучит неестественно; точнее «Busca información sobre instituciones relacionadas con la lengua española». | «La RAE regula el español» чрезмерно упрощает её роль: академия устанавливает и описывает нормы, а не регулирует язык как единый орган.",courses/spanish-grammar/reading/texts/free_es_a1_instituciones_en_la_biblioteca_1782924524.json,39e8138125cb5a4b7b7733c3e87e4d49b513bfa8ad30a5c81b724eb0426863c6,gpt-6-luna
free_es_a1_instrucciones_del_centro_de_salud_1782924995,Instrucciones del centro de salud,A1,8,2,2,1,1,1,1,"Последовательные инструкции образуют цельный практический текст; вопросы проверяют их содержание, хотя остаются прямыми.",,courses/spanish-grammar/reading/texts/free_es_a1_instrucciones_del_centro_de_salud_1782924995.json,5f92d570e51d6902b03d1ec08850f99c74ff185db2f08f6beb3820624907f23f,gpt-6-luna
free_es_a1_invierno_en_el_centro_1782924624,Invierno en el centro,A1,7,1,2,1,1,1,1,"Связанный набор простых сведений о климате и одежде, но ситуация почти не развивается; вопросы прямые.",,courses/spanish-grammar/reading/texts/free_es_a1_invierno_en_el_centro_1782924624.json,e5ed68b6fe7581cab42ceb0826a4529b3ed9f65994331e2f677969bafd4d25f8,gpt-6-luna
free_es_a1_jota_en_espa_a_1782924741,Jota en España,A1,7,2,1,1,1,1,1,Диалог вводит танец через тему фольклора и план сравнить традиции; вопросы в основном буквальные.,«Entonces es una palabra importante» и «aparece en preguntas de folclore» создают искусственный переход от распространённости танца к слову для списка вопросов.,courses/spanish-grammar/reading/texts/free_es_a1_jota_en_espa_a_1782924741.json,3d9cdebbc02971a29c839803a7f9e668d15ce441fec0726bcf902befe23fbe4a,gpt-6-luna
free_es_a1_la_bandera_azul_1782924534,La bandera azul,A1,5,1,1,1,1,1,0,"Короткий обмен начинается с описания флага, но затем без связки переходит к председательству Испании в Совете и его сроку; последняя реплика возвращается к флагу. Испанский в основном грамматичен, но разговор звучит механически.","«España también preside el Consejo a veces» не уточняет, что речь о Совете ЕС; переход от флага к председательству выглядит немотивированным.",courses/spanish-grammar/reading/texts/free_es_a1_la_bandera_azul_1782924534.json,1334e764b2ef30ed56619beaa25aeb573f959afd91cc3cd1f7d68a30d869a108,gpt-6-luna
free_es_a1_la_bolsa_del_gimnasio_1782923834,La bolsa del gimnasio,A1,8,2,2,1,1,1,1,Понятная бытовая ситуация: Роса собирается в спортзал и идёт с Иваном. Вопросы проверяют только прямо сказанные детали.,,courses/spanish-grammar/reading/texts/free_es_a1_la_bolsa_del_gimnasio_1782923834.json,d2b4ad584b9531f16a0403418a5289b9e9a7691168d5ed9f5a25ce9f83f1b65d,gpt-6-luna
free_es_a1_la_br_jula_1782396004,La brújula,A1,7,2,1,1,1,1,1,"Текст последовательно объясняет назначение компаса и приводит примеры его использования, хотя отдельные предложения звучат как перечень фактов. Вопросы в основном буквальные.",«La aguja se mueve como un imán» неточно описывает работу стрелки компаса: стрелка сама намагничена и ориентируется по магнитному полю.,courses/spanish-grammar/reading/texts/free_es_a1_la_br_jula_1782396004.json,6803aa56bfcad9f32d4cc4bebd4b6e65dd3d78c0919a40e25cf63b9ba659ba16,gpt-6-luna
free_es_a1_la_canci_n_de_luc_a_1782923724,La canción de Lucía,A1,7,2,1,1,1,1,1,"Есть небольшая жизненная ситуация: театр закрыт, поэтому Лусия поёт на площади для соседки. Некоторые детали и реплики звучат не вполне естественно; вопросы буквальные.","«Porque aquí pasa mucha gente tranquila» — неестественное объяснение выбора площади: спокойствие прохожих не связано с тем, почему там поёт Лусия.",courses/spanish-grammar/reading/texts/free_es_a1_la_canci_n_de_luc_a_1782923724.json,9349ad28f9b80a782edc91e062330dd6f606a036800fcfcafe997390d16ac4e6,gpt-6-luna
free_es_a1_la_corona_en_clase_1782924530,La Corona en clase,A1,5,1,1,1,1,1,0,"Диалог формально связан темой монархии, но сводится к повторению вопросов и ответов с минимальным развитием. Ключи верны, вопросы буквальные.","«El heredero puede ser Príncipe de Asturias» сформулировано неестественно: титул наследника — Príncipe de Asturias; «puede ser» здесь создаёт впечатление возможности, а не обычного наименования.",courses/spanish-grammar/reading/texts/free_es_a1_la_corona_en_clase_1782924530.json,811e25e08d17675bc31cead144543d350a64875ce897304dcb992f599e7c2c5e,gpt-6-luna
free_es_a1_la_cruz_verde_1782395618,La cruz verde,A1,7,2,1,1,1,1,1,Последовательный практический обзор аптек и дежурных аптек в Испании; вопросы проверяют главным образом буквальное понимание. Одна фраза чрезмерно обобщает роль дежурных аптек.,«Una farmacia de guardia atiende urgencias simples» ограничивает их помощь простыми срочными случаями и может создать неверное впечатление о назначении дежурной аптеки.,courses/spanish-grammar/reading/texts/free_es_a1_la_cruz_verde_1782395618.json,c1c141cdcaa186e7bf765ae7bf9d74941ba65bf6f26fd3aa4df83a1d428725e5,gpt-6-luna
free_es_a1_la_entrada_del_museo_1782923840,La entrada del museo,A1,8,2,2,1,1,1,1,Связная бытовая ситуация о походе в музей с другом и бесплатном утреннем входе. Все вопросы буквальные.,,courses/spanish-grammar/reading/texts/free_es_a1_la_entrada_del_museo_1782923840.json,ceb7ff1eeefc33f8d70b060421c4de089c2ac6e8539a5ea3a828a04a356156ed,gpt-6-luna
free_es_a1_la_libreta_de_sam_1782923703,La libreta de Sam,A1,8,2,2,1,1,1,1,"Небольшой цельный сюжет показывает, как магазин помогает соседям благодаря списку их потребностей. Вопросы верны, но буквальны.",,courses/spanish-grammar/reading/texts/free_es_a1_la_libreta_de_sam_1782923703.json,f49fd12c616276d627e564d48f7eae8205f81e960586f23366a0525d4ca86e5a,gpt-6-luna
free_es_a1_la_meseta_central_1782924596,La Meseta central,A1,8,2,2,1,1,1,1,"Короткое последовательное объяснение географического объекта; вопросы верны, но проверяют только прямо названные факты.",,courses/spanish-grammar/reading/texts/free_es_a1_la_meseta_central_1782924596.json,89624e47ac705df831552d485dad4b8ff4f0e1a8499f6e13a5da2873fb51bf1b,gpt-6-luna
free_es_a1_la_planta_de_do_a_pilar_1782923713,La planta de Doña Pilar,A1,7,2,1,1,1,1,1,"Есть запоминающаяся деталь о растении в аптеке и попытке успокоить посетителей, но связь между репликами и формулировки местами неестественны. Ключи верны, вопросы буквальные.",«Es mi planta. Vive junto a la ventana» приписывает растению способность жить и звучит неестественно в данном контексте; естественнее «Está junto a la ventana».,courses/spanish-grammar/reading/texts/free_es_a1_la_planta_de_do_a_pilar_1782923713.json,84d2d4ace4a5cd6211cfbb3eba30f3f39ad880d1971026f2d74cb6f3109fd8cf,gpt-6-luna
free_es_a1_la_tienda_nueva_1782925044,La tienda nueva,A1,8,2,2,1,1,1,1,"Простая бытовая ситуация связана причинно: условия магазина объясняют, почему соседи хотят туда ходить. Вопросы в основном проверяют прямые факты.",,courses/spanish-grammar/reading/texts/free_es_a1_la_tienda_nueva_1782925044.json,db6b645865c01163955cc7f5e9e02b14b99b0fc965bb233da45f2d81a2860fa0,gpt-6-luna
free_es_a1_la_vuelta_en_la_tele_1782924791,La Vuelta en la tele,A1,8,2,2,1,1,1,1,"Есть понятная учебная ситуация и связная тема испанского велоспорта, хотя запись имён в тетрадь выглядит немного искусственно. Вопросы преимущественно буквальные.",,courses/spanish-grammar/reading/texts/free_es_a1_la_vuelta_en_la_tele_1782924791.json,b01e6a8e26c9697db0b509a3886d890daa8016f9eb759e1249804105cb10fe3e,gpt-6-luna
free_es_a1_las_abejas_1782395687,Las abejas,A1,7,2,1,1,1,1,1,"Текст объясняет связь пчёл, нектара, мёда и опыления, но утверждение «El polen ayuda a formar frutas» упрощает причинную роль пыльцы. Большинство вопросов прямо повторяют факты.","«El polen ayuda a formar frutas» неточно упрощает процесс опыления: пыльца способствует оплодотворению цветка и образованию плодов, а не сама формирует фрукты.",courses/spanish-grammar/reading/texts/free_es_a1_las_abejas_1782395687.json,ee66f6c2483c9332854cafa4639a8f2223d5e2422ca6c96af19064bbf1835d01,gpt-6-luna
free_es_a1_las_doce_uvas_1782924760,Las doce uvas,A1,8,2,2,1,1,1,1,"Сцена встречи Нового года даёт культурный контекст; упоминание двух других праздников в конце связано с датами, но несколько добавлено списком. Вопросы буквальные.",,courses/spanish-grammar/reading/texts/free_es_a1_las_doce_uvas_1782924760.json,667b914b1d34fb6d14c55df773cd53cb68c6f010c0cfe43c8351822af5aaeda8,gpt-6-luna
free_es_a1_lenguas_de_espa_a_1782395656,Lenguas de España,A1,8,2,2,1,1,1,1,"Текст последовательно знакомит с языками Испании и даёт культурную информацию, хотя пояснение про двуязычную табличку почти тавтологично. Вопросы проверяют преимущественно прямое понимание.",«Un cartel bilingüe tiene dos lenguas» почти повторяет значение слова bilingüe и мало добавляет к объяснению.,courses/spanish-grammar/reading/texts/free_es_a1_lenguas_de_espa_a_1782395656.json,bab0c2bc540ad49dd59390b6fec0d28793abdacffff62c86feddcca5be6c23e5,gpt-6-luna
free_es_a1_ley_en_el_boe_1782924554,Ley en el BOE,A1,8,2,2,1,1,1,1,"Сюжет последовательно показывает, как героиня ищет официальный источник; вопросами проверяются главным образом явно названные факты.",,courses/spanish-grammar/reading/texts/free_es_a1_ley_en_el_boe_1782924554.json,7cb5082a1c75df8983832b06f332ce3fc71a48f79f85debe73cd9e6eb7e3c01b,gpt-6-luna
free_es_a1_lista_de_ciudades_grandes_1782924568,Lista de ciudades grandes,A1,5,1,1,1,1,1,0,"Текст в основном перечисляет города и сообщает, что персонаж отмечает их карандашом; это не образует содержательного развития. Вопросы буквально повторяют список.",«La lista empieza con Madrid» и последующее перечисление образуют почти весь текст; действие с карандашом не добавляет контекста.,courses/spanish-grammar/reading/texts/free_es_a1_lista_de_ciudades_grandes_1782924568.json,97956ee31c19df2deb0a2d4ee259264be88c7758b99de7b35c7a0769f0358997,gpt-6-luna
free_es_a1_lista_de_deportes_1782924797,Lista de deportes,A1,5,1,1,1,1,1,0,"Это перечень спортивных турниров и известных спортсменов без мотивированного развития диалога. Реплики по теме, но не образуют естественной беседы; вопросы буквальные.","Реплики «Pon Liga y Copa del Rey» и последующие имена складываются в список, а не в связный разговор. | «estudiar deporte español» звучит неестественно в значении «изучать испанский спорт».",courses/spanish-grammar/reading/texts/free_es_a1_lista_de_deportes_1782924797.json,d987d5db9bcf14edee0449688d1ecc090ad398f8d4554fa57c4b584934474473,gpt-6-luna
free_es_a1_lista_para_la_dgt_1782924815,Lista para la DGT,A1,6,2,1,1,0,1,1,"Подготовка документов для получения прав задаёт ясную бытовую ситуацию, но есть неестественное выражение и неточный перевод. Вопросы в основном буквальные.","«pasar la aptitud psicofísica» неестественно: обычно говорят «pasar el reconocimiento médico» или «obtener un informe de aptitud psicofísica». | «su documento de identidad» переведено как «документ личности»; естественнее «удостоверение личности». | «con la autoescuela» переведено как экзамены «с автошколой», хотя по-испански это скорее указывает на прохождение экзаменов через автошколу.",courses/spanish-grammar/reading/texts/free_es_a1_lista_para_la_dgt_1782924815.json,5d75f8925a8db56e50c11d8113596e6660062d05850a49d5173fdd561be9d653,gpt-6-luna
free_es_a1_llamada_al_060_1782924555,Llamada al 060,A1,4,1,1,1,1,0,0,"Сначала вопрос о том, где получить информацию, получает ответ про звонок, но затем «Entonces llama por la tarde» не обосновано предыдущими репликами. Первый вопрос понятен, однако второй приписывает говорящему-мужчине действие, которого в тексте нет.","«Entonces llama por la tarde» не следует из того, что герою нужно узнать о процедуре: связи между репликами не показано. | В вопросе «Мужчина записывает номер» указан мужской персонаж, хотя в диалоге говорящие не обозначены как мужчина или женщина; действие приписано speaker_a без подтверждения пола.",courses/spanish-grammar/reading/texts/free_es_a1_llamada_al_060_1782924555.json,be4187af31da7f9f63f7c6cf299e0e61b2af2b6a6859866af670a0a713ee05f5,gpt-6-luna
free_es_a1_llamada_de_la_cl_nica_1782925003,Llamada de la clínica,A1,8,2,2,1,1,1,1,"Связное практическое сообщение для пациента; вопросы верны, но проверяют только прямые детали.",,courses/spanish-grammar/reading/texts/free_es_a1_llamada_de_la_cl_nica_1782925003.json,2543765be5b9ddb5091b7300a82faba8209accf5dbf346e313f5ba9f6d842f27,gpt-6-luna
free_es_a1_llamar_al_112_1782924910,Llamar al 112,A1,8,2,2,1,1,1,1,"Есть простая последовательность действий в экстренной ситуации и полезный контекст; вопросы точны, но буквальны.",,courses/spanish-grammar/reading/texts/free_es_a1_llamar_al_112_1782924910.json,90a82bbb6372c2dcd69651f7a014a2f035637978761f04affc5c4cce8e2053cf,gpt-6-luna
free_es_a1_lluvia_en_el_norte_1782924621,Lluvia en el norte,A1,8,2,2,1,1,1,1,Короткое связное описание поездки и погоды; вопросы проверяют только явно сказанные детали.,,courses/spanish-grammar/reading/texts/free_es_a1_lluvia_en_el_norte_1782924621.json,d461441f02fbebe8a89b4acdf7bebc68854533f020393e27a6fc639ef4971904,gpt-6-luna
free_es_a1_m_s_actores_conocidos_1782924729,Más actores conocidos,A1,7,2,1,1,1,1,1,"Подготовка презентации связывает перечисление актёров с ситуацией, но текст поверхностный; несколько выражений звучат неестественно.",«pone a Javier Bardem y Penélope Cruz» неестественно в значении включения имён в презентацию; лучше «incluye» или «escribe» | «Todos son nombres conocidos del cine» звучит неестественно; лучше «Todos son figuras conocidas del cine»,courses/spanish-grammar/reading/texts/free_es_a1_m_s_actores_conocidos_1782924729.json,69835fe4a1fdd8b2a076056eb6535cb46caa0e6006fca755810a59e619c74d35,gpt-6-luna
free_es_a1_m_sica_en_la_plaza_1782924751,Música en la plaza,A1,7,1,2,1,1,1,1,"Культурная лексика полезна, но текст в основном перечисляет инструменты без развития ситуации; вопросы буквальны.",,courses/spanish-grammar/reading/texts/free_es_a1_m_sica_en_la_plaza_1782924751.json,ff9f08ae6e3e1f1cd44607741e81f8d7e6d364055fb83c239d0624eb02e6d2fd,gpt-6-luna
free_es_a1_madrid_y_murcia_1782924644,Madrid y Murcia,A1,6,1,1,1,1,1,1,"Диалог передаёт полезные географические сведения, но выглядит как механическая серия вопросов и ответов.",«Murcia también tiene capital Murcia» звучит неестественно; естественнее «La capital de Murcia también es Murcia»,courses/spanish-grammar/reading/texts/free_es_a1_madrid_y_murcia_1782924644.json,cb4ba6c7d245f783b6e1c9f2597052b351e5083ce6881b7fae78e40b49d7f6df,gpt-6-luna
free_es_a1_mapa_de_lenguas_1782924515,Mapa de lenguas,A1,7,1,2,1,1,1,1,"Простое учебное перечисление языков регионов; факты и перевод переданы корректно, вопросы буквальны.",,courses/spanish-grammar/reading/texts/free_es_a1_mapa_de_lenguas_1782924515.json,43257e60494526d2f3567e0f363cfa60eb241422f12c178d9173555772fd6eca,gpt-6-luna
free_es_a1_mapa_gallego_1782924683,Mapa gallego,A1,8,2,2,1,1,1,1,"Связная учебная задача помогает запомнить провинции и столицу Галисии; вопросы точны, но буквальны.",,courses/spanish-grammar/reading/texts/free_es_a1_mapa_gallego_1782924683.json,08ed6a23286205d5338dfc1b3a84e644a523518fe36b60fca56a6bb1c30f1c31,gpt-6-luna
free_es_a1_mapa_pol_tico_b_sico_1782924628,Mapa político básico,A1,6,1,1,1,1,1,1,"Сведения полезны для знакомства с административным устройством, но диалог почти целиком состоит из несвязанных учебных реплик.","После вопроса о том, что показывает карта, реплика «¿Y ciudades autónomas?» неясно связана с картой; ответ переходит к административному устройству Испании в целом",courses/spanish-grammar/reading/texts/free_es_a1_mapa_pol_tico_b_sico_1782924628.json,93f5f04fd888f4d1d4979f1d5823ff4b8ef91d260b61a55bbb7e67aada67f7a5,gpt-6-luna
free_es_a1_mensaje_a_la_escuela_1782925022,Mensaje a la escuela,A1,8,2,2,1,1,1,1,"Естественное и цельное практическое сообщение; вопросы верны, но в основном проверяют прямые детали.",,courses/spanish-grammar/reading/texts/free_es_a1_mensaje_a_la_escuela_1782925022.json,625a7d2260e326bb6f1e9c35cfc9c08e1c8da3608f84e2d9a01080063444168e,gpt-6-luna
free_es_a1_mensaje_al_amigo_1782925026,Mensaje al amigo,A1,8,2,2,1,1,1,1,"Понятное сообщение с практической целью: объяснить опоздание и попросить предупредить преподавателя. Вопросы верны, но в основном проверяют буквальные детали.",,courses/spanish-grammar/reading/texts/free_es_a1_mensaje_al_amigo_1782925026.json,c216bf3a1dd83f135ab0502c9ecc577a70f16bb2f52ba6b076a690770e23b072,gpt-6-luna
free_es_a1_mensaje_de_la_escuela_1782925002,Mensaje de la escuela,A1,8,2,2,1,1,1,1,"Связное школьное объявление с нужными временем, местом и предметами. Вопросы верны, но однообразны и почти дословно повторяют факты.",,courses/spanish-grammar/reading/texts/free_es_a1_mensaje_de_la_escuela_1782925002.json,77c6b87f17d5297b5bba6f4b7e01d04fb5178d7a9ea8f73617d7007173e98fe7,gpt-6-luna
free_es_a1_mensaje_de_tel_fono_1782924997,Mensaje de teléfono,A1,8,2,2,1,1,1,1,"Практичное сообщение о переносе записи, с понятными инструкциями. Вопросы верны, но в основном буквальные; вопрос о том, чему текст обучает, проверяет скорее тему, чем понимание.",,courses/spanish-grammar/reading/texts/free_es_a1_mensaje_de_tel_fono_1782924997.json,633db35f69afc2d9c06f4b0f8e2c0c5a8c6eb7f9004b80831ce9740b51b7457f,gpt-6-luna
free_es_a1_mensaje_del_portal_1782924971,Mensaje del portal,A1,5,1,1,1,1,1,0,"Объявление о воде связано с бытом, но внезапные комментарии об учебных упражнениях превращают его в набор слабо связанных предложений. Вопросы верны, но буквальны.","«En ejercicios de lectura, estos textos son muy cortos» и «Hay que encontrar el tiempo, el lugar y la condición» выбиваются из ситуации с объявлением.",courses/spanish-grammar/reading/texts/free_es_a1_mensaje_del_portal_1782924971.json,f1593184afa7b6c05e7235eba615d80be81e16dfc58ddf3848ffac4cbcfd3e00,gpt-6-luna
free_es_a1_mensaje_despu_s_del_viaje_1782924984,Mensaje después del viaje,A1,8,2,2,1,1,1,1,"Короткий, но внятный рассказ о поездке и планах; детали связаны с сообщением другу. Вопросы верны, но все три прямо воспроизводят отдельные факты.",,courses/spanish-grammar/reading/texts/free_es_a1_mensaje_despu_s_del_viaje_1782924984.json,701702b356663d734fd5c79f610179ea8f5c1c70c953d1a7920c4be1fda18a61,gpt-6-luna
free_es_a1_metro_y_autob_s_1782924942,Metro y autobús,A1,8,2,2,1,1,1,1,"Понятная повседневная ситуация с маршрутом на работу и полезной транспортной лексикой. Вопросы верны, но буквальны и однообразны.",,courses/spanish-grammar/reading/texts/free_es_a1_metro_y_autob_s_1782924942.json,68713c40659aa9b4408184b0d54c701a13527e23b59cd68b10920fc7a2db2c01,gpt-6-luna
free_es_a1_mi_viaje_a_toledo_1782925031,Mi viaje a Toledo,A1,8,2,2,1,1,1,1,"Связное сообщение о поездке и последующем задании; формы прошедшего, настоящего и будущего времени уместны. Вопросы верны, но проверяют факты напрямую.",,courses/spanish-grammar/reading/texts/free_es_a1_mi_viaje_a_toledo_1782925031.json,61dcdc2f6e41c8ef4424e226a352e6d7a17da2f2fb04f0c7d6db7f0f6b7db53d,gpt-6-luna
free_es_a1_monfrag_e_en_c_ceres_1782924676,Monfragüe en Cáceres,A1,8,2,2,1,1,1,1,"Внятный учебный эпизод связывает географические сведения с заполнением карточки. Вопросы верны, но буквальны; вопрос о столице опирается на то, что Ана пишет, а не на независимое подтверждение.",,courses/spanish-grammar/reading/texts/free_es_a1_monfrag_e_en_c_ceres_1782924676.json,cf3402ee48e58ca68ba42541d40db1a7786f1870eab030c8e0b3a11ba5789805,gpt-6-luna
free_es_a1_monfrag_e_en_extremadura_1782924614,Monfragüe en Extremadura,A1,8,2,2,1,1,1,1,"Короткий связный диалог помогает запомнить, где находится парк. Вопросы верны, но почти дословно повторяют реплики.",,courses/spanish-grammar/reading/texts/free_es_a1_monfrag_e_en_extremadura_1782924614.json,12b321cf09c954f1047f50c647002c4d58aac55cb6dde792aa2f91b5eb1facb6,gpt-6-luna
free_es_a1_movida_madrile_a_1782924714,Movida madrileña,A1,5,1,1,1,1,1,0,"Тема заявлена, но диалог в основном повторяет общие утверждения и не дает конкретного развития. Реплики связаны формально, а вопросы буквальны.",«La movida madrileña es un tema importante» и «Es parte de un cambio cultural» остаются общими тезисами без конкретных деталей; «Entonces no es música clásica» не следует из предыдущей реплики.,courses/spanish-grammar/reading/texts/free_es_a1_movida_madrile_a_1782924714.json,0f9d334514c60ef163adaef9d69037672b4c76db94f0d83c33d6860a653a9c45,gpt-6-luna
free_es_a1_mulhac_n_en_sierra_nevada_1782924602,Mulhacén en Sierra Nevada,A1,5,1,1,1,1,1,0,"Факты связаны с темой, но диалог сводится к ответам на вопросы и финальной заметке для экзамена; содержательного развития почти нет.",«Está en los Sistemas Béticos y Penibéticos» звучит как неестественное дублирование названий систем.,courses/spanish-grammar/reading/texts/free_es_a1_mulhac_n_en_sierra_nevada_1782924602.json,3d524c35b821c96ebd8f7174767f76f757fff62c7094352308b2e334248453df,gpt-6-luna
free_es_a1_museo_con_normas_1782924930,Museo con normas,A1,8,2,2,1,1,1,1,"Есть простая цельная ситуация: класс узнаёт правила и следует им. Вопросы верны, но в основном проверяют буквальные факты.","«La clase mira los cuadros durante el horario permitido» звучит неестественно: «durante el horario permitido» здесь избыточно и неясно, о каком разрешённом времени речь.",courses/spanish-grammar/reading/texts/free_es_a1_museo_con_normas_1782924930.json,22f1b29eba15d16fb887ea61b224cdbdf1b475542e15c107190472fe1bb29326,gpt-6-luna
free_es_a1_museos_en_ciudades_1782924737,Museos en ciudades,A1,8,2,2,1,1,1,1,"Планирование поездки связывает музеи, города и учебную цель, хотя текст в основном перечисляет остановки. Ключи верны; вопросы буквальные.","«revisa cada museo con su ciudad» неестественно в значении «повторяет, какой музей в каком городе»; естественнее «repasa qué museo está en cada ciudad».",courses/spanish-grammar/reading/texts/free_es_a1_museos_en_ciudades_1782924737.json,3533eb7591ba6c60a4841581f2167b6d6fe9b3a149da7e5aa5d7284c9cbbd9e7,gpt-6-luna
free_es_a1_n_meros_de_poblaci_n_1782924564,Números de población,A1,5,1,1,1,1,1,0,"Это связанный тематически набор демографических фактов, но разговор не развивается за пределы их перечисления. Ответы в ключах соответствуют тексту.",«Es mucha población» звучит неестественно как реакция на число жителей; лучше «Es mucha gente» или «Es una población muy numerosa».,courses/spanish-grammar/reading/texts/free_es_a1_n_meros_de_poblaci_n_1782924564.json,54d4986f32f1b117647121ef9c80ff77d99f95f36878e9e4462d6a533d44aa69,gpt-6-luna
free_es_a1_navarra_foral_1782924646,Navarra foral,A1,7,1,2,1,1,1,1,Короткий учебный текст прост и понятен; сведения о статусе и столице дают базовый контекст. Вопросы проверяют прямое запоминание фактов.,,courses/spanish-grammar/reading/texts/free_es_a1_navarra_foral_1782924646.json,2aa1b0f53effd2b6a573fd85b9f70b3b401177a2e9d865ca12dd346dfd9bd813,gpt-6-luna
free_es_a1_no_son_andaluc_a_1782924696,No son Andalucía,A1,8,2,2,1,1,1,1,"Категория и географическое положение Сеуты и Мелильи объединены понятной учебной целью. Вопросы верны, но буквальны.",,courses/spanish-grammar/reading/texts/free_es_a1_no_son_andaluc_a_1782924696.json,96c3e6056b0782b5313d34345176cdfa7efca517ae68b492347329f1b2ab1e43,gpt-6-luna
free_es_a1_noche_de_san_juan_1782924777,Noche de San Juan,A1,8,2,2,1,1,1,1,"Есть ясная праздничная ситуация и базовый культурный контекст. Вопросы верны, но проверяют преимущественно даты и один факт.",«Esta noche es 23 de junio» неестественно для даты; естественнее «Esta noche es la del 23 de junio» или «Hoy es 23 de junio».,courses/spanish-grammar/reading/texts/free_es_a1_noche_de_san_juan_1782924777.json,979c443007d63ffe400f248807ac9d56591b8506fb4490f21f2ff6f4634d9bcd,gpt-6-luna
free_es_a1_normas_del_autob_s_1782924990,Normas del autobús,A1,7,1,2,1,1,1,1,"Практичный набор правил объединён автобусной ситуацией, но почти не содержит развития или пояснения. Вопросы верны и в основном буквальны.",,courses/spanish-grammar/reading/texts/free_es_a1_normas_del_autob_s_1782924990.json,d2223a47e2efd4318aba6e9338dbb3ed9ea61886249192fe4d0d664a4b5b748c,gpt-6-luna
free_es_a1_nota_para_el_casero_1782925027,Nota para el casero,A1,8,2,2,1,1,1,1,"Понятная бытовая записка с логичной причиной, просьбой и вежливым завершением. Вопросы верны, но преимущественно буквальны.","«Hola, señor Luis» неестественно сочетается с формальным обращением «Le escribo»; лучше «Estimado señor Luis» или обращение на «tú» последовательно.",courses/spanish-grammar/reading/texts/free_es_a1_nota_para_el_casero_1782925027.json,e532e62ad2ef485c0e9f5350b48e11539ce10e47d2381339f060beb7040c0f55,gpt-6-luna
free_es_a1_notas_para_el_examen_1782924521,Notas para el examen,A1,6,1,1,1,1,1,1,"Диалог оформляет список региональных языков как повторение к экзамену, но реплики почти не взаимодействуют и сводятся к перечислению. Ключи верны.","«Vasco o euskera en Navarra» дано без контекста и звучит как пункт списка, а не реплика; формальное «Muy bien» не создаёт связи с продолжением.",courses/spanish-grammar/reading/texts/free_es_a1_notas_para_el_examen_1782924521.json,848b2e222b861f24482cef8dc39f658fa78a916a52b1fe03222d3a3ada0f0432,gpt-6-luna
free_es_a1_nueve_provincias_castellanas_1782924659,Nueve provincias castellanas,A1,5,1,1,1,1,1,0,"Понятный список провинций с рамкой повторения перед проверкой, но между репликами почти нет содержательного развития.","«Castilla y León tiene muchas provincias» звучит естественно, но диалог сводится к перечислению; формальные реплики не создают связного обмена.",courses/spanish-grammar/reading/texts/free_es_a1_nueve_provincias_castellanas_1782924659.json,9b609e8aabc35f335d64521bcd14e13e4fbb9d2075742dfaae09a5f2379f0fc2,gpt-6-luna
free_es_a1_nuevo_padr_n_1782924817,Nuevo padrón,A1,7,2,2,0,1,1,1,"Ситуация с регистрацией понятна и полезна, но последний сегмент заметно сложнее остального текста уровня A1; вопросы верны, но буквальны.",«le explican el trámite completo paso a paso» заметно сложнее заявленного A1.,courses/spanish-grammar/reading/texts/free_es_a1_nuevo_padr_n_1782924817.json,1ec60532e49b34336fef35fd515e3664294db7c9223ff4a4944087f648e4fe99,gpt-6-luna
free_es_a1_nuevo_trabajo_1782925036,Nuevo trabajo,A1,6,2,2,0,0,1,1,"Есть ясное развитие от начала работы к планам на будущее; некоторые формы и лексика сложнее A1, перевод одной фразы неестественен.","«no conocía los productos» по-русски естественнее «не знал ассортимент», а не «не знал товары». | «voy a aprender inventario» и прошедшее «empecé» выходят за базовый A1.",courses/spanish-grammar/reading/texts/free_es_a1_nuevo_trabajo_1782925036.json,a053ab9400893bade25ca034ad0677395492fb9e21083cb8f9fb93928310c592,gpt-6-luna
free_es_a1_ocho_provincias_andaluzas_1782924634,Ocho provincias andaluzas,A1,5,1,1,1,1,1,0,"Полезный список для повторения, но обмен репликами механический и почти не развивает ситуацию.",«Repaso Andalucía para el examen» — телеграфная конструкция; естественнее «Repaso las provincias de Andalucía para el examen».,courses/spanish-grammar/reading/texts/free_es_a1_ocho_provincias_andaluzas_1782924634.json,7b6fa81d3ba2ad299dadb580ead40dbb5e9485582b224e6c558d9957a6804d43,gpt-6-luna
free_es_a1_oficina_de_empleo_1782924958,Oficina de empleo,A1,6,2,2,0,0,1,1,"Текст даёт понятную ситуацию поиска работы и полезную лексику, но некоторые обороты сложнее A1, а перевод последней фразы неточен.","«Sale con una cita» означает, что он уходит, имея назначенную встречу; «уходит с записью» звучит калькой. | «está parado» и условное «puede decir desempleado» выходят за базовый A1.",courses/spanish-grammar/reading/texts/free_es_a1_oficina_de_empleo_1782924958.json,7df221a35a9e609cdf9913408bf22bbaecd5661e34ffc8c66e67d6a3bcc880c9,gpt-6-luna
free_es_a1_oficina_de_tr_mites_1782925054,Oficina de trámites,A1,5,2,1,1,0,1,0,"Короткое описание сцены соответствует A1, но это почти перечень деталей; русский перевод нескольких предложений звучит неестественно, а один вопрос ссылается на детали, которых текст не сообщает.","«A la izquierda está un hombre» неестественно для описания расположения; лучше «A la izquierda hay un hombre». | «офис для процедур», «сотрудница носит серую рубашку» и «табло на заднем плане» звучат как кальки. | Вопрос «Изображение похоже на администрацию» обобщает текст, где сказано лишь, что это похоже на обычное утро в администрации.",courses/spanish-grammar/reading/texts/free_es_a1_oficina_de_tr_mites_1782925054.json,413e22d53a4b55c7ee9c9141c08e41254eeb7f7fbfa523740211ac35805b71e5,gpt-6-luna
free_es_a1_orden_en_el_municipio_1782924550,Orden en el municipio,A1,8,2,2,1,1,1,1,"Есть простая цельная ситуация с праздником и работой полиции; вопросы верны, но преимущественно буквальны.",,courses/spanish-grammar/reading/texts/free_es_a1_orden_en_el_municipio_1782924550.json,f10ea55e915dc2cec0e99ba93e531a4508882a08a81d59d9275b7afe1cc9ba84,gpt-6-luna
free_es_a1_ordenar_el_trastero_1782396566,Ordenar el trastero,A1,9,3,2,0,1,2,1,Связный бытовой разговор с конкретным планом действий и разнообразными вопросами; условная форма «podemos» и повелительные конструкции сложнее базового A1.,"Для A1 несколько форм, включая «podemos separar» и «¿Puedes escribirle?», могут быть выше заявленного уровня.",courses/spanish-grammar/reading/texts/free_es_a1_ordenar_el_trastero_1782396566.json,56917c0e704c01ec2a92fcb2d3bf1c5d924769d8f8bc40e50bb81e512717751f,gpt-6-luna
free_es_a1_pareja_registrada_1782924829,Pareja registrada,A1,6,2,1,0,1,1,1,"Ситуация понятна и тема полезна, но изложение похоже на цепочку несвязанных фактов; некоторые конструкции сложны для A1, а вопрос о религиозной свадьбе не подтверждается текстом.","«No quieren boda ahora» звучит неестественно; лучше «No quieren casarse ahora». | Вопрос «уже имеют религиозную свадьбу» нельзя уверенно отметить как false: текст говорит, что они сейчас не хотят свадьбу, но не сообщает, были ли они женаты раньше.",courses/spanish-grammar/reading/texts/free_es_a1_pareja_registrada_1782924829.json,3914ac1109a808e6a17dfc98fcec87d9d1d378a656968e850fed1d974b144a2b,gpt-6-luna
free_es_a1_parques_en_el_mapa_norte_1782924613,Parques en el mapa norte,A1,6,1,2,0,1,1,1,"Испанский естественен, но шаги с картой, отметками и переписыванием названий не образуют содержательного развития; лексика и некоторые формы выше A1.","Текст механически перечисляет действия вокруг карты, не объясняя цель задания или его результат. | «parques nacionales», «profesora» и глаголы в настоящем с последовательностью действий сложнее базового A1.",courses/spanish-grammar/reading/texts/free_es_a1_parques_en_el_mapa_norte_1782924613.json,5c05dbdce50469a8883f3e3971c90fbb14b96aa96c467eaa8d66b93565bf7b11,gpt-6-luna
free_es_a1_pedir_informaci_n_en_la_oficina_1782925059,Pedir información en la oficina,A1,9,2,2,1,1,2,1,"Связный бытовой диалог о документах и записи, с понятной целью и практической лексикой.",,courses/spanish-grammar/reading/texts/free_es_a1_pedir_informaci_n_en_la_oficina_1782925059.json,ba7beffec2a5ece5c850bd0883a37fba2afed6fe12a7bc1ff9c0f6e1797fc026,gpt-6-luna
free_es_a1_personas_inactivas_1782924960,Personas inactivas,A1,6,1,2,1,1,1,0,"Текст понятно вводит категории занятости, но это в основном учебный перечень с формальным примером про дедушку Аны.",Вопрос «Люди могут классифицироваться…» проверяет лишь повтор категорий; он не проверяет понимание различий между ними.,courses/spanish-grammar/reading/texts/free_es_a1_personas_inactivas_1782924960.json,2e86d29369d267dcb0effd3856953d9a7b36f30ae73a81f45d7a8e56641f9f18,gpt-6-luna
free_es_a1_picos_en_los_pirineos_1782924600,Picos en los Pirineos,A1,6,1,2,1,1,1,0,"Короткие предложения связаны темой, но почти весь текст повторяет сведения о горе и добавляет условные действия Лео с картой.",Вопросы в основном буквально повторяют факты из текста; проверка понимания однообразна.,courses/spanish-grammar/reading/texts/free_es_a1_picos_en_los_pirineos_1782924600.json,6ff6e781b644f5b078bbb1ac11848e3c146310b2cd13553789270db4d9c0c19a,gpt-6-luna
free_es_a1_plan_de_mudanza_1782925033,Plan de mudanza,A1,8,2,2,1,1,1,1,Есть ясная бытовая ситуация и развитие от неудобной дороги до работы к плану переезда; временные формы уместны.,Вопросы проверяют главным образом прямое извлечение отдельных фактов.,courses/spanish-grammar/reading/texts/free_es_a1_plan_de_mudanza_1782925033.json,3ba8c77b25342cc86196a8bcbbd0caf1c1981fb7cf2de33c421c4aa539a812d8,gpt-6-luna
free_es_a1_polic_as_en_el_norte_1782924548,Policías en el norte,A1,7,1,2,1,1,1,1,"Диалог мотивирован составлением списка региональных полицейских служб и дает конкретные названия, хотя развитие минимально.",Вопросы однообразно проверяют запоминание соответствий между службами и регионами.,courses/spanish-grammar/reading/texts/free_es_a1_polic_as_en_el_norte_1782924548.json,ed8879d6fece9990dbb665246ff8df088a6eb5a6594b71beaa233033ead48f65,gpt-6-luna
free_es_a1_prado_y_reina_sof_a_1782924734,Prado y Reina Sofía,A1,5,1,1,1,1,1,0,"Начало задает цель посетить музеи, но обмен в основном механически подтверждает, что оба музея важны; последняя реплика неестественно размывает маршрут.","«Después puedes añadir otros museos famosos de varias ciudades españolas en la misma ruta» резко расширяет маршрут с двух музеев Мадрида до разных городов, не объясняя, почему это уместно. | Вопросы буквальные и однообразные; третий проверяет формулировку, которой в тексте нет.",courses/spanish-grammar/reading/texts/free_es_a1_prado_y_reina_sof_a_1782924734.json,9df591ff7fd6dab381a010230bce2bc55b0dcba2ce52a5f40201878e231f4110,gpt-6-luna
free_es_a1_preguntar_el_camino_1782925068,Preguntar el camino,A1,8,2,2,1,1,1,1,Естественный практический диалог с маршрутом и временем пешком; отрывочная последовательность указаний понятна в контексте дороги.,Вопросы преимущественно проверяют буквальные детали и цель диалога.,courses/spanish-grammar/reading/texts/free_es_a1_preguntar_el_camino_1782925068.json,be82433781cb7ff673aa24cca4cdc4b6f82c19d6cadc57e63d439e9f4c82a735,gpt-6-luna
free_es_a1_preguntar_por_la_tarjeta_1782924808,Preguntar por la tarjeta,A1,6,2,1,1,0,1,1,"Диалог объясняет назначение карты и место обращения, но отдельные формулировки звучат неестественно.","«sanidad pública» естественнее перевести как «государственная система здравоохранения», а не «публичная медицина». | «el centro de salud de tu domicilio» звучит неестественно; лучше «el centro de salud que te corresponde por domicilio». | В третьем вопросе «Мужчина» не подтверждено текстом, а «в туристическую офис» содержит грамматическую ошибку по-русски; ключ false при этом верен по месту обращения.",courses/spanish-grammar/reading/texts/free_es_a1_preguntar_por_la_tarjeta_1782924808.json,fa8c4bff6edd8e2afb491440d00542c1baf3ea79b2f897c14dee34102fe92c81,gpt-6-luna
free_es_a1_preparar_la_matr_cula_1782924885,Preparar la matrícula,A1,8,2,2,1,1,1,1,Понятная бытовая ситуация подготовки документов к поступлению детей в школу с полезной лексикой.,"Вопрос про диапазон возрастов ESO не проверяется текстом: в нем сказано только, что старшему ребенку 13 лет и он идет в ESO.",courses/spanish-grammar/reading/texts/free_es_a1_preparar_la_matr_cula_1782924885.json,4e77467b5faa66c8c765ef88530fb33dca11dc4caf7151146f6a89c2b02b12bf,gpt-6-luna
free_es_a1_preparar_regiones_principales_1782924633,Preparar regiones principales,A1,6,1,2,1,1,1,0,"Текст грамматически понятен, но представляет собой последовательность действий по составлению списка без объяснения цели или содержательного развития.","Формулировка «регионы основных регионов» / «regiones principales» остается неопределенной: не указано, какие именно регионы имеются в виду. | Вопросы однообразно пересказывают действия Нади и не проверяют понимание связей между ними.",courses/spanish-grammar/reading/texts/free_es_a1_preparar_regiones_principales_1782924633.json,7ba313280ae05299a44d33924fc28b30228f6db7ca0cc37167a9dc2034352ee2,gpt-6-luna
free_es_a1_primavera_y_trabajo_1782924861,Primavera y trabajo,A1,8,2,2,1,1,1,1,Понятный разговор о выходных и закрытии магазина; последняя реплика о сотрудниках немного выпадает из ситуации. Вопросы проверяют главным образом прямое воспроизведение фактов.,«Los empleados leen el aviso por la mañana» появляется без связи с предыдущей репликой.,courses/spanish-grammar/reading/texts/free_es_a1_primavera_y_trabajo_1782924861.json,c8b88ce5b805bc955009976883024d27eb2a7321d973b6d99fa8f7b2747bf8be,gpt-6-luna
free_es_a1_primer_carn_1782924810,Primer carné,A1,6,2,1,1,0,1,1,"Есть последовательность подготовки к получению прав, но изложение похоже на перечень шагов, а финальная фраза звучит неестественно. Вопросы имеют верные ключи, но проверяют буквальные факты.",«cuando todo está correcto» звучит неестественно; перевод «когда всё правильно» сохраняет эту кальку.,courses/spanish-grammar/reading/texts/free_es_a1_primer_carn_1782924810.json,ccf332e964b7a4f215a86d63e628a5206da04ba3afba0337f65c12af41a22906,gpt-6-luna
free_es_a1_primer_trabajo_1782924955,Primer trabajo,A1,6,2,1,1,0,1,1,"Ситуация поиска первой работы понятна, но изложение поверхностное и содержит неестественную формулировку. Все ключи верны; вопросы в основном буквальные.","«Paula será una persona ocupada» неестественно в значении «будет работать»; перевод «будет занятой, работающей» тоже неестественен.",courses/spanish-grammar/reading/texts/free_es_a1_primer_trabajo_1782924955.json,f21b76aa5940b0abe0a5540fbd2c98338c2dab3ca965bd29a6c8ff02c7fc6008,gpt-6-luna
free_es_a1_primera_ley_de_parques_1782924608,Primera ley de parques,A1,5,1,1,1,1,1,0,Диалог сводится к связанному с темой перечислению сведений; вопрос «кто организует?» фактически остается без ответа. Проверяются только прямые факты.,"На «¿Quién los organiza?» ответ «Existe la Red de Parques Nacionales» не называет, кто их организует.",courses/spanish-grammar/reading/texts/free_es_a1_primera_ley_de_parques_1782924608.json,6a9d5ccfd7151937c33b802939772bd4fd2b1561e207d597f5f625c38a7b44c1,gpt-6-luna
free_es_a1_primera_novela_moderna_1782924702,Primera novela moderna,A1,7,2,1,1,1,1,1,"Короткий обмен репликами помогает представить произведение и его автора, хотя последняя реплика звучит искусственно. Вопросы имеют верные ключи, но однообразны.",«Don Quijote de la Mancha es considerada» — ошибка согласования: при подлежащем «Don Quijote» нужно «considerado». | «ayudan a identificar la obra rápidamente» неестественно звучит как ответ на реплику о Санчо Пансе.,courses/spanish-grammar/reading/texts/free_es_a1_primera_novela_moderna_1782924702.json,3b355af8db244e7e26ba582582e575aef3f9779948911f718ec7dae37d3e92a2,gpt-6-luna
free_es_a1_primero_la_cita_1782925041,Primero la cita,A1,8,2,2,1,1,1,1,"Понятная бытовая ситуация развивается последовательно от звонка до подготовки к приему. Перевод передает смысл; вопросы верны, но проверяют главным образом прямые детали.",,courses/spanish-grammar/reading/texts/free_es_a1_primero_la_cita_1782925041.json,8f779fcb227a40b00df448becebe21b1cbcd83f2cc48d455e7c0e52532410bd1,gpt-6-luna
free_es_a1_problema_en_la_vivienda_1782925009,Problema en la vivienda,A1,7,2,1,1,1,1,1,Практичный и понятный обмен репликами с конкретным следующим шагом. В обращениях непоследовательно смешаны вежливая и неформальная формы; вопросы буквальные.,В диалоге смешаны формы обращения: «¿Puede ayudarme?» сменяется на «dime» и «baja».,courses/spanish-grammar/reading/texts/free_es_a1_problema_en_la_vivienda_1782925009.json,9243cf0e4723336bd2b1cc743974b2d00872b30f5efe9d5dd077e332f32f3d1d,gpt-6-luna
free_es_a1_propiedad_o_alquiler_1782924840,Propiedad o alquiler,A1,8,2,2,1,1,1,1,"Статистика связана с личным выбором собеседника, но развитие темы неглубокое. Перевод точный, ключи верны; вопросы в основном проверяют прямое понимание.",,courses/spanish-grammar/reading/texts/free_es_a1_propiedad_o_alquiler_1782924840.json,8c69a54e09db5a258f429d70dd16b4941b48d608f018e2be8836f2c614ea97b0,gpt-6-luna
free_es_a1_provincias_de_galicia_1782924678,Provincias de Galicia,A1,4,1,1,1,0,1,0,Это преимущественно перечень географических фактов и учебных действий без мотивированного развития диалога. Вопросы проверяют прямое запоминание.,«Estoy aprendiendo Galicia» неестественно для значения «я изучаю Галисию»; «учу Галисию» звучит калькированно.,courses/spanish-grammar/reading/texts/free_es_a1_provincias_de_galicia_1782924678.json,94da47d637b54a96575b992bd66f3359e947939c781aed367d499e3f66cb378f,gpt-6-luna
free_es_a1_provincias_manchegas_1782924654,Provincias manchegas,A1,4,1,1,1,0,1,0,"Текст представляет собой список провинций с минимальной связью между репликами. Ключи верны, но вопросы почти дословно повторяют содержание.",«Repaso Castilla-La Mancha» звучит неполно; естественнее «Repaso las provincias de Castilla-La Mancha». Перевод «повторяю Кастилию-Ла-Манчу» тоже звучит неестественно.,courses/spanish-grammar/reading/texts/free_es_a1_provincias_manchegas_1782924654.json,33ca6152df7f63b2ebe4c53ddd6b0f01bfa8fd1b5473305b4c4c678d82137bee,gpt-6-luna
free_es_a1_puerto_y_aeropuerto_1782924545,Puerto y aeropuerto,A1,7,2,1,1,1,1,1,"Диалог связан темой и сопоставляет функции двух служб, но развитие поверхностное. В целом испанский понятен, однако «La Policía Nacional hace otros documentos» звучит неестественно.",«hace otros documentos» неестественно; лучше «expide otros documentos».,courses/spanish-grammar/reading/texts/free_es_a1_puerto_y_aeropuerto_1782924545.json,1b4f68351404769a7e79ac49188c345283fb8172e0d6c12ac7c79e74b93ed286,gpt-6-luna
free_es_a1_quedar_con_una_amiga_1782925062,Quedar con una amiga,A1,9,2,2,1,1,2,1,"Связная бытовая ситуация: собеседницы согласуют время и место встречи и решают вернуть книгу. Испанский естественный, перевод точный, вопросы проверяют и детали, и цель разговора.",,courses/spanish-grammar/reading/texts/free_es_a1_quedar_con_una_amiga_1782925062.json,61cc9200054fa3689507c554098aad5b46667fd68ee4e47cddbc8d8ae7597f0c,gpt-6-luna
free_es_a1_queja_por_ruido_1782925064,Queja por ruido,A1,9,2,2,1,1,2,1,Связный бытовой диалог с понятной проблемой и решением. Испанский и перевод естественны; вопросы проверяют ситуацию и её исход.,,courses/spanish-grammar/reading/texts/free_es_a1_queja_por_ruido_1782925064.json,f56e240e9dc9a5baa786933c5b83177385f999ec558817cd45b6eba44b2d4ca5,gpt-6-luna
free_es_a1_quiosco_y_estanco_1782924921,Quiosco y estanco,A1,8,2,2,1,1,1,1,"Небольшой связный эпизод показывает, где купить прессу и марки. Испанский и перевод естественны; вопросы верны, но в основном проверяют буквальные детали.",,courses/spanish-grammar/reading/texts/free_es_a1_quiosco_y_estanco_1782924921.json,88cdf8ad04d944a4248897132efc282e5b668b3fa2a3f6542336c40058372e1e,gpt-6-luna
free_es_a1_r_os_del_mediterr_neo_1782924592,Ríos del Mediterráneo,A1,4,1,0,1,1,1,0,Диалог выглядит как перечень рек без мотивированного учебного контекста. Есть явная ошибка согласования в «una gran río»; перевод передаёт эту ошибку исходника. Вопросы в основном повторяют перечисление.,«una gran río» — неверный род; нужно «un gran río».,courses/spanish-grammar/reading/texts/free_es_a1_r_os_del_mediterr_neo_1782924592.json,614c414b2a98a6d06b21899a5b517b6b11bfa3cbce2296c5cb999e8975a7f484,gpt-6-luna
free_es_a1_r_os_hacia_el_atl_ntico_1782924586,Ríos hacia el Atlántico,A1,5,1,1,1,1,1,0,"Диалог в основном перечисляет названия рек; формальные реплики не создают заметного развития. Испанский грамматичен, но текст механический, а вопросы преимущественно буквальные.",,courses/spanish-grammar/reading/texts/free_es_a1_r_os_hacia_el_atl_ntico_1782924586.json,de8ba533c8a60255bd73f82621ccb83dfdd8e11d65eefdca2539b5c41767d235,gpt-6-luna
free_es_a1_radio_del_tiempo_1782925014,Radio del tiempo,A1,6,2,1,1,0,1,1,"Короткое объявление связно сообщает прогноз и полезные детали. Испанский в целом понятен, но «en la primera hora» неестественно в этом контексте; перевод «в первый час» сохраняет неудачную формулировку.","«llevar abrigo en la primera hora» звучит неестественно; вероятнее «por la mañana». | «Radio Barrio» передано как «Радио Район», что неестественно по-русски; лучше оставить название или перевести как «Радио “Район”».",courses/spanish-grammar/reading/texts/free_es_a1_radio_del_tiempo_1782925014.json,9b724c9c92a60dcea7d74ac0fb8c234e61bd34191d4901c237a1e4340b21f3f0,gpt-6-luna
free_es_a1_red_de_espacios_protegidos_1782924611,Red de espacios protegidos,A1,7,1,2,1,1,1,1,"Испанский и перевод ясны, а вопросы верны, но текст почти целиком перечисляет подписи на стендах и число парков, не развивая ситуацию.",,courses/spanish-grammar/reading/texts/free_es_a1_red_de_espacios_protegidos_1782924611.json,d745d67aa3b41aa3832f507ae247945224dd7af6fd5d9bcecf2801b97886def4,gpt-6-luna
free_es_a1_reglas_del_museo_local_1782924992,Reglas del museo local,A1,8,2,2,1,1,1,1,"Практичная связная памятка с правилами и полезными деталями для посетителя. Испанский и перевод естественны; вопросы верны, но просты и в основном буквальны.",,courses/spanish-grammar/reading/texts/free_es_a1_reglas_del_museo_local_1782924992.json,fc3890f3b2365c81516b722610c71f10839f1162679b572e343080c0aec9d837,gpt-6-luna
free_es_a1_reglas_del_tr_mite_1782925074,Reglas del trámite,A1,8,2,2,1,1,1,1,Понятная инструкция с последовательностью действий и перечнем нужных вещей. Испанский и перевод точны; вопросы проверяют буквальные детали.,,courses/spanish-grammar/reading/texts/free_es_a1_reglas_del_tr_mite_1782925074.json,797457456e2503050596bafb7f18028db1ea9e6cfd9d453b2a4f58c544355827,gpt-6-luna
free_es_a1_relato_de_la_nueva_ciudad_1782924985,Relato de la nueva ciudad,A1,9,2,2,1,1,2,1,Связный короткий рассказ о переезде и повседневных делах; язык и задания подходят A1.,,courses/spanish-grammar/reading/texts/free_es_a1_relato_de_la_nueva_ciudad_1782924985.json,8d8cee08e12883ebad106a34dbaa507ba4fc5fc3759c725393f85f3ce0685bcd,gpt-6-luna
free_es_a1_relieve_en_clase_1782924582,Relieve en clase,A1,6,1,2,1,1,1,0,"Понятный учебный обмен вопросами и ответами, но он сводится к перечислению географических фактов.","«¿Y la superficie?» звучит как очередной пункт списка; естественнее было бы спросить, например, о площади Испании.",courses/spanish-grammar/reading/texts/free_es_a1_relieve_en_clase_1782924582.json,e6e18cf61e26cb81a73c0888b6747f32fe72e8c9f240ce47b6b6eeafdc4a6c49,gpt-6-luna
free_es_a1_reuni_n_de_vecinos_1782924843,Reunión de vecinos,A1,6,2,1,1,0,1,1,"Тема собрания раскрыта через правила и процедуры, но реплики местами механически нанизаны; вопросы проверяют только буквальные детали.","«¿Hablan…?» получает ответ «Sí. Todos debemos pagar…» — связь понятна, но ответ не вполне естественный. | «собрание соседского сообщества» — неестественная калька; лучше «собрание жильцов/соседей».",courses/spanish-grammar/reading/texts/free_es_a1_reuni_n_de_vecinos_1782924843.json,5c0560f007de0ef1af9a2a6da8f0896409550197f98153398e286f7032d3639e,gpt-6-luna
free_es_a1_ruta_urbana_de_estudio_1782924570,Ruta urbana de estudio,A1,5,1,1,1,1,1,0,"Диалог формально связан запоминанием городов, но почти целиком представляет собой перечень названий и повторов.",«Di Málaga y Murcia» звучит неестественно в значении «назови Малагу и Мурсию»; естественнее «Di: Málaga y Murcia» или «Nombra Málaga y Murcia».,courses/spanish-grammar/reading/texts/free_es_a1_ruta_urbana_de_estudio_1782924570.json,fb26b0643bc8afe76e29f1aeb07028c6d654efa71e1b426c393221612c5e87da,gpt-6-luna
free_es_a1_sabina_y_rosal_a_1782924717,Sabina y Rosalía,A1,6,1,2,1,1,1,0,"Грамотный, но искусственно сконструированный список исполнителей с малосвязанными действиями; вопросы преимущественно буквальные.",Прослушивание короткой песни и раскрашивание списка появляются без объяснённой связи с перечислением исполнителей.,courses/spanish-grammar/reading/texts/free_es_a1_sabina_y_rosal_a_1782924717.json,c9aa3d374379ee5cb70336fa2fffc747c90ae5fedea6fb73359e3167b4034dd6,gpt-6-luna
free_es_a1_sanfermines_en_pamplona_1782924782,Sanfermines en Pamplona,A1,8,2,2,1,1,1,1,Короткая понятная ситуация знакомит с несколькими традиционными элементами праздника; вопросы в основном проверяют прямые факты.,«para el examen de cultura española» превращает финал в перечень сведений для запоминания и звучит дидактически.,courses/spanish-grammar/reading/texts/free_es_a1_sanfermines_en_pamplona_1782924782.json,2f866fcc2e5351252eabfcd3ef54fb030e98f6033c5ba3bd43e777c35c4b4477,gpt-6-luna
free_es_a1_sant_jordi_en_la_calle_1782924773,Sant Jordi en la calle,A1,8,2,2,1,1,1,1,"Цельная бытовая сценка с книгой, розой и друзьями, подходящая A1; задания точны, но в основном буквальны.",,courses/spanish-grammar/reading/texts/free_es_a1_sant_jordi_en_la_calle_1782924773.json,6d631e7440530f36846ce0d97c16d9cf3cb1b04ba78463247a4b8093699e6424,gpt-6-luna
free_es_a1_sardana_y_mu_eira_1782924746,Sardana y muñeira,A1,5,1,1,1,1,1,0,"Диалог передаёт два факта о региональных танцах, но в основном механически повторяет их; заключительная реплика звучит искусственно.","«Con dos columnas, cada baile queda unido a su comunidad en la hoja de estudio» — неестественное, чрезмерно формальное продолжение простого диалога.",courses/spanish-grammar/reading/texts/free_es_a1_sardana_y_mu_eira_1782924746.json,b15d2d62ca80241ec0e99d9fdedf904ab78c8bc9aab17d1fb7dbb22a992f2dc3,gpt-6-luna
free_es_a1_scar_espa_ol_1782924726,Óscar español,A1,8,2,2,1,1,1,1,"Факты о двух актёрах переходят к конкретному плану посмотреть фильм; вопросы верны, но почти полностью буквальны.",,courses/spanish-grammar/reading/texts/free_es_a1_scar_espa_ol_1782924726.json,8546600e4e02e21ef26f0acccf236d20f12fd1659c450a58f78a783f0d6f1bb3,gpt-6-luna
free_es_a1_sede_en_valladolid_1782924661,Sede en Valladolid,A1,4,1,1,1,0,1,0,"Содержание держится на короткой справке, а несколько испанских фраз построены телеграфно; перевод оставляет ключевое слово непереведённым.",«También dice sede administrativa en Valladolid» — телеграфная конструкция; естественнее «También dice que la sede administrativa está en Valladolid». | «sede» в переводе оставлено без перевода; здесь подходит «административный центр» или «местопребывание администрации».,courses/spanish-grammar/reading/texts/free_es_a1_sede_en_valladolid_1782924661.json,c1afaaba528994514875012d85df71f675b12faf5e223d5ecf19d8bbe96fedb4,gpt-6-luna
free_es_a1_sede_en_vitoria_1782924685,Sede en Vitoria,A1,6,1,1,1,1,1,1,"Связный учебный диалог, но он в основном перечисляет географические соответствия. Испанский понятен, хотя финальная реплика звучит неестественно.","«Para el examen, estos pares de nombres son muy útiles y frecuentes» неестественно называет названия «частыми»; по-русски передано буквально.",courses/spanish-grammar/reading/texts/free_es_a1_sede_en_vitoria_1782924685.json,42583434f90f8bcaa4c061d1a5e7c0e777ad61f5a52a164838abe2cea843aca4,gpt-6-luna
free_es_a1_seis_autonom_as_en_una_hoja_1782924647,Seis autonomías en una hoja,A1,6,1,1,1,1,1,1,Короткое упражнение на перечисление автономий и столиц; связи между репликами почти нет. Вопросы проверяют прямое воспроизведение фактов.,"«Leo seis autonomías» звучит так, будто говорящий читает сами автономии, а не их названия; естественнее «Leo los nombres de seis autonomías».",courses/spanish-grammar/reading/texts/free_es_a1_seis_autonom_as_en_una_hoja_1782924647.json,6c869b593d23a1ba2c8ffe3eae2d05eebd5508fda6d42f88fad095d067815013,gpt-6-luna
free_es_a1_semana_santa_andaluza_1782924769,Semana Santa andaluza,A1,8,2,2,1,1,1,1,"Есть простая ситуация поездки и знакомства с традицией. Испанский и перевод в целом естественны и точны; вопросы верны, но буквальны.",,courses/spanish-grammar/reading/texts/free_es_a1_semana_santa_andaluza_1782924769.json,915943f302a5336a232229d0d4f59ca34ceceb10f5851e08bb87cca72ef5f553,gpt-6-luna
free_es_a1_servicios_del_barrio_1782924978,Servicios del barrio,A1,7,2,1,1,1,1,1,"Понятная бытовая учебная ситуация, хотя текст описывает выполнение задания, а не сам поиск услуг. Вопросы верны и в основном буквальны.","«Otro vecino busca reparar una bicicleta» неестественно: сосед ищет, где или кто отремонтирует велосипед. Русский перевод «ищет ремонт велосипеда» тоже звучит калькой. | Вопрос о детском саде выводится из сочетания нужды соседки и списка услуг, но текст прямо не говорит, что ей нужен именно детский сад.",courses/spanish-grammar/reading/texts/free_es_a1_servicios_del_barrio_1782924978.json,dbf44a81454f5877d411e367965245257088493440430dc2f34d37feef641fe9,gpt-6-luna
free_es_a1_sevilla_capital_andaluza_1782924636,Sevilla capital andaluza,A1,6,1,1,1,1,1,1,"Текст сводит географические факты к учебному перечню; заметного развития ситуации почти нет. Вопросы верны, но буквальны.","«En una guía lee Sevilla» выглядит как незавершённая мысль: неясно, что именно Луис читает о Севилье. Русский перевод сохраняет эту неясность.",courses/spanish-grammar/reading/texts/free_es_a1_sevilla_capital_andaluza_1782924636.json,3b0043e498e3eae6e82d16cd32f569f318d4e88a1c6b891cc03f68b8a52180cf,gpt-6-luna
free_es_a1_sevillanas_en_andaluc_a_1782924749,Sevillanas en Andalucía,A1,6,1,1,1,1,1,1,"Это преимущественно перечень танцев и регионов; рамка подготовки праздника не связывает факты в сюжет. Вопросы верны, но буквальны.",«Para España en general» звучит неестественно в контексте списка региональных танцев; «para el conjunto de España» было бы естественнее.,courses/spanish-grammar/reading/texts/free_es_a1_sevillanas_en_andaluc_a_1782924749.json,a1ef3edabf352dcd05b8645413b301ff8b113f2d2de55fca4b23f836c77042eb,gpt-6-luna
free_es_a1_sidra_en_asturias_1782924850,Sidra en Asturias,A1,8,2,2,1,1,1,1,"Есть простая последовательность поездки, знакомства с сидром и вопросов о напитке. Перевод точный; вопросы верны, но буквальны.",,courses/spanish-grammar/reading/texts/free_es_a1_sidra_en_asturias_1782924850.json,cc745f31dcb3ab7ee150042c0da40400fcd5fa2e02438d5ca5644104624ea8fc,gpt-6-luna
free_es_a1_sol_mediterr_neo_1782924622,Sol mediterráneo,A1,8,2,2,1,1,1,1,"Короткий диалог связывает климат с практическим примером — поливом растений. Вопросы верны, но проверяют главным образом явные детали.",,courses/spanish-grammar/reading/texts/free_es_a1_sol_mediterr_neo_1782924622.json,f0a22dda47a3e3f245bf14ffd438fddc0eeb562375f91e71da0ff1933cff5a51,gpt-6-luna
free_es_a1_soluci_n_en_la_tienda_1782925066,Solución en la tienda,A1,10,3,2,1,1,2,1,"Цельный бытовой диалог с понятной проблемой и решением. Испанский естественный, перевод точный, вопросы проверяют ключевые детали разговора.",,courses/spanish-grammar/reading/texts/free_es_a1_soluci_n_en_la_tienda_1782925066.json,79394371bfbf1ba7128001d7832c2006321f71cfdc3836883f817a30ef2e6974,gpt-6-luna
free_es_a1_sopranos_espa_olas_1782924710,Sopranos españolas,A1,8,2,2,1,1,1,1,"Естественный разговор развивает тему от запроса имён к желанию послушать певиц. Вопросы верны, но буквальны.",,courses/spanish-grammar/reading/texts/free_es_a1_sopranos_espa_olas_1782924710.json,436b43b174136b3ee4754f6782c993cbd72999827363a8b9ca5bf2e908e0aec4,gpt-6-luna
free_es_a1_tabla_de_espa_a_1782924567,Tabla de España,A1,5,1,1,1,1,1,0,"A1-понятный, но почти механический перечень данных о таблице; связь между населением, площадью и заметками Марины не развивается. Ключи верны, вопросы буквальные.",«Marina escribe habitantes y superficie» звучит неестественно без артиклей или пояснения: лучше «escribe las palabras “habitantes” y “superficie”».,courses/spanish-grammar/reading/texts/free_es_a1_tabla_de_espa_a_1782924567.json,a3885ba2e068f3bcac3e64ce322d08572a7032736fd25724560a5f6a573c71a1,gpt-6-luna
free_es_a1_tarde_en_el_parque_1782924926,Tarde en el parque,A1,8,2,2,1,1,1,1,"Есть простая цельная ситуация: семья соблюдает правила парка. Испанский естественный, ключи верны, но вопросы почти дословно проверяют отдельные факты.",,courses/spanish-grammar/reading/texts/free_es_a1_tarde_en_el_parque_1782924926.json,984f9a9aa213dce9cc439d4c9b53ce0c8e137f9c9c65c72e8e9acfb641f5ac3f,gpt-6-luna
free_es_a1_tarjetas_de_repaso_policial_1782924552,Tarjetas de repaso policial,A1,5,1,1,1,1,1,0,"Текст сводится к перечню названий региональных полицейских сил и слабо связанных действий с карточками. Вопросы буквальные, ключи верны.",«Recuerda la policía de Canarias» неестественно в этом контексте: «recuerda» обычно обращено к собеседнику; для рассказа о Матео естественнее «Mateo recuerda…».,courses/spanish-grammar/reading/texts/free_es_a1_tarjetas_de_repaso_policial_1782924552.json,00962e0df911ecb28ae0bcd034e4f771aeb4ac0c1d8df2702303a50e7d37bd60,gpt-6-luna
free_es_a1_tarjetas_de_vila_a_zamora_1782924664,Tarjetas de Ávila a Zamora,A1,5,1,1,1,1,1,0,Это короткая учебная перекличка названий провинций без ситуации или содержательного развития. Ключи верны; вопросы в основном повторяют реплики.,«Lee algunas de Castilla y León» неясно и неестественно без существительного вроде «tarjetas»; лучше «Lee algunas tarjetas de Castilla y León».,courses/spanish-grammar/reading/texts/free_es_a1_tarjetas_de_vila_a_zamora_1782924664.json,fc48ce2ec9ec2a111f4358bbb1338369cdf681cb59cc116e07c5b763d149320c,gpt-6-luna
free_es_a1_taxi_libre_1782924944,Taxi libre,A1,8,2,2,1,1,1,1,"Внятная бытовая ситуация объясняет, как Томас понимает, что такси свободно. Испанский и перевод точны; вопросы буквальные.","В вопросе «зелёный свет или есть табличка Libre» объединено условие «или», тогда как текст сообщает, что у этого такси есть оба признака.",courses/spanish-grammar/reading/texts/free_es_a1_taxi_libre_1782924944.json,54efc6c8caf86ce65199ab9b5ed7b637fb1db6a9fff64577ce0841890d7a5b3f,gpt-6-luna
free_es_a1_teatros_nacionales_1782924731,Teatros nacionales,A1,5,1,1,1,1,1,0,"Диалог преимущественно перечисляет названия учреждений; формальные реплики не создают естественного обмена. Ключи верны, вопросы буквальные.",«Recuerda el Teatro de la Zarzuela» неестественно как ответ собеседнику: повелительное «recuerda» означает «помни»; здесь уместнее «Recuerdo el Teatro de la Zarzuela» или «Recuerda también…».,courses/spanish-grammar/reading/texts/free_es_a1_teatros_nacionales_1782924731.json,7c1a1a5932d47b5168cf9ccd981a5365c6389c055bbf8e841348ed7268400d58,gpt-6-luna
free_es_a1_teide_en_tenerife_1782924604,Teide en Tenerife,A1,8,2,2,1,1,1,1,"Простой связный учебный эпизод вокруг видео, сравнения вершин и рисунка; полезно закрепляет географические названия. Ключи верны, вопросы буквальные.",,courses/spanish-grammar/reading/texts/free_es_a1_teide_en_tenerife_1782924604.json,07c263312e76f4bd60e7fbb6e1a4f974d0c1cb8d52996cb24d03e639e7acd3e6,gpt-6-luna
free_es_a1_tenis_espa_ol_1782924792,Tenis español,A1,5,1,1,1,1,1,0,"Смена темы от теннисистов к футболу и велоспорту выглядит как перечень спортивных фактов; заключительная фраза лишь механически их связывает. Ключи верны, вопросы буквальные.",«También está Carlos Alcaraz» звучит неестественно как продолжение вопроса о теннисистах; естественнее «También conozco a Carlos Alcaraz».,courses/spanish-grammar/reading/texts/free_es_a1_tenis_espa_ol_1782924792.json,93e6ba2dbd1e7a482940433bdf925071771ed10f3fb1e9270dc6361bc63b29fa,gpt-6-luna
free_es_a1_tenores_famosos_1782924712,Tenores famosos,A1,5,1,1,1,1,1,0,"Текст механически перечисляет певцов и типы голоса, а последняя фраза добавлена без развития сюжета. Ключи верны, вопросы буквальные.","«La lista queda clara» заявляет ясность списка, хотя примеры сопрано вводятся только в следующем предложении и не названы.",courses/spanish-grammar/reading/texts/free_es_a1_tenores_famosos_1782924712.json,934646a2e9d1612fa167d58380e997ef26155ad5623a1fc26364e84a70f927fc,gpt-6-luna
free_es_a1_tiempo_de_canarias_1782924626,Tiempo de Canarias,A1,7,2,1,1,1,1,1,"Короткая практичная сцена о поездке и выборе одежды даёт контекст для климатической лексики. Ключи верны, вопросы буквальные.","«Sí, normalmente es suave» формально можно отнести к «el tiempo», но после вопроса «¿Hace buen tiempo?» ответ неестественен; естественнее «Sí, suele hacer buen tiempo» или «Sí, el clima suele ser suave».",courses/spanish-grammar/reading/texts/free_es_a1_tiempo_de_canarias_1782924626.json,7480c5e01a37772c2d81468b8d39e5bcdb9091153bd8a67ff158006faea7a6dc,gpt-6-luna
free_es_a1_toledo_como_capital_1782924656,Toledo como capital,A1,8,2,2,1,1,1,1,"Короткая, понятная сценка с картой; перечисление провинций связано с тем, что Нурия отмечает столицу. Вопросы верны, но почти все проверяют прямое воспроизведение.",,courses/spanish-grammar/reading/texts/free_es_a1_toledo_como_capital_1782924656.json,e7cb005b1f2aabd3871805765607470439571d5e7f0cfe962680632dafeb1a36,gpt-6-luna
free_es_a1_tomatina_de_agosto_1782924784,Tomatina de agosto,A1,7,2,1,1,1,1,1,"Диалог сообщает место, дату и действие праздника, но последняя реплика искусственно растянута и не вполне естественно продолжает разговор. Вопросы проверяют только буквальные детали.",«Apunto Buñol y último miércoles de agosto en mi cuaderno de cultura española para recordarlo bien hoy» звучит перегруженно; естественнее «Apunto en mi cuaderno que la Tomatina es en Buñol y se celebra el último miércoles de agosto».,courses/spanish-grammar/reading/texts/free_es_a1_tomatina_de_agosto_1782924784.json,5b75d76cb225b137dfe543427b16b70cfe7adc56178c327e160865ec9ffb6264,gpt-6-luna
free_es_a1_tr_mite_en_el_pae_1782924558,Trámite en el PAe,A1,8,2,2,1,1,1,1,"Последовательная простая ситуация: Роса ищет онлайн-услугу и сохраняет адрес портала. Вопросы верны, но буквальны.",,courses/spanish-grammar/reading/texts/free_es_a1_tr_mite_en_el_pae_1782924558.json,04e09a683ccd33b3485d65016bb6a84a6ad2483769e0697bb3465694106d6392,gpt-6-luna
free_es_a1_trenes_para_viajar_1782924946,Trenes para viajar,A1,6,2,1,1,0,1,1,"Есть понятная бытовая ситуация и примеры поездок, хотя объяснение типов поездов упрощено. Русский перевод ключевой фразы о media distancia калькирует испанский термин. Вопросы верны, но буквальны.","«usa media distancia» неестественно без существительного; лучше «viaja en trenes de media distancia». | «Para visitar a su tía usa media distancia» передано как «использует среднюю дистанцию»; естественно: «едет на поезде средней дальности». | «hay trenes de cercanías, media y larga distancia» — непараллельное сокращение; естественнее «trenes de cercanías, de media distancia y de larga distancia».",courses/spanish-grammar/reading/texts/free_es_a1_trenes_para_viajar_1782924946.json,805c39c873e369b7a93653c8f09714dcbc29e135a1b9b978177046adb9418c15,gpt-6-luna
free_es_a1_tres_fechas_de_fiesta_1782924779,Tres fechas de fiesta,A1,6,1,1,1,1,1,1,"Текст почти целиком представляет перечень дат и мест, а переходы между праздниками не образуют мотивированного разговора. Вопросы верны, но буквальны.",«La Romería del Rocío es cerca de mayo» — неестественно; лучше «se celebra en mayo» или «suele celebrarse alrededor de mayo». | «Y el lugar importante es Almonte» звучит неопределённо и механически; связь с предыдущей репликой не объяснена.,courses/spanish-grammar/reading/texts/free_es_a1_tres_fechas_de_fiesta_1782924779.json,a6c2f7c168780b30d80e1e34f8c3bd551847cb11e645f2b87915f45251e3d0b8,gpt-6-luna
free_es_a1_tres_fiestas_en_clase_1782924770,Tres fiestas en clase,A1,5,1,1,0,1,1,1,"Это перечень трёх праздников, соединённых только порядковыми словами; последняя реплика заметно сложнее заявленного A1. Вопросы верны, но буквальны.","«Repasamos tres fiestas para ciudadanía» — неестественная формулировка; вероятнее «para el examen de ciudadanía». | «Puede ser en marzo o abril y destaca en Andalucía, con procesiones muy conocidas en muchas ciudades españolas cada primavera» содержит длинные и сложные для A1 конструкции.",courses/spanish-grammar/reading/texts/free_es_a1_tres_fiestas_en_clase_1782924770.json,3d42b1bff8f228834b7f73ef4633169204c50bdc5df66c927805243e5f49c632,gpt-6-luna
free_es_a1_tres_hijos_en_casa_1782924833,Tres hijos en casa,A1,6,1,1,1,1,1,1,"Сюжет о получении документов начинается связно, но затем детали о спокойном разговоре дома и детях у двери не складываются в ясную последовательность. Вопросы верны, но буквальны.",«Después todos van juntos a la oficina» — далее семья уже находится «En casa»; переход туда и обратно не объяснён. | «En casa hablan del trámite con calma» и «Los niños esperan en la puerta con sus mochilas» выглядят добавленными без ясной связи с процедурой.,courses/spanish-grammar/reading/texts/free_es_a1_tres_hijos_en_casa_1782924833.json,e455692d817f66e289281369e43a08d6723a5f39c07452d51bdcbfba9e14bb50,gpt-6-luna
free_es_a1_tres_niveles_del_territorio_1782924631,Tres niveles del territorio,A1,5,1,1,1,1,1,0,"Диалог последовательно перечисляет термины, но не объясняет отношения между ними; вопрос о политической карте лишь повторяет финальную реплику.","«comunidades autónomas», «provincias» и «ciudades autónomas» представлены как три одноуровневых слова, хотя диалог не поясняет их различия или связь.",courses/spanish-grammar/reading/texts/free_es_a1_tres_niveles_del_territorio_1782924631.json,3cf43f8989db4c285b432e1f49e3e01b118460895b4844143cedb1c743c62172,gpt-6-luna
free_es_a1_tres_provincias_de_arag_n_1782924639,Tres provincias de Aragón,A1,8,2,2,1,1,1,1,Короткий учебный диалог связно отвечает на вопрос о провинциях и затем фиксирует столицу на карте. Все ключи верны; вопросы преимущественно буквальные.,,courses/spanish-grammar/reading/texts/free_es_a1_tres_provincias_de_arag_n_1782924639.json,92326d46a6c5a1784f273e6e4943f92d6450a5db9d995a63a0a4667519e73948,gpt-6-luna
free_es_a1_tres_sistemas_de_monta_a_1782924606,Tres sistemas de montaña,A1,6,1,1,1,1,1,1,"Диалог устроен как упражнение на перечисление названий, а не как содержательное общение. Формулировки телеграфные; вопросы верны, но буквальны.",«Repaso sistemas de montaña» — неестественно без артикля; лучше «Repaso los sistemas montañosos». | Связь Сьерра-Невады и Мульасена с предшествующими «Sistemas Bético y Penibético» изложена расплывчато через «Allí».,courses/spanish-grammar/reading/texts/free_es_a1_tres_sistemas_de_monta_a_1782924606.json,4da18e3c0a420ea03899c2ce95cf1d62477633eabbac1f98ed88471841d29966,gpt-6-luna
free_es_a1_tres_tarjetas_vascas_1782924688,Tres tarjetas vascas,A1,5,1,1,1,1,1,0,"Понятный набор фактов о провинциях и языке, но связь между карточками и добавлением слова «эускера» почти не развивается; финальное пояснение звучит тяжеловесно.",«Cada tarjeta une una provincia con su ciudad principal o sede» — неестественная и не вполне ясная формулировка.,courses/spanish-grammar/reading/texts/free_es_a1_tres_tarjetas_vascas_1782924688.json,042fc4179bcc8be53fede2d511acfd2d85bdb68643655e69574de3831167309d,gpt-6-luna
free_es_a1_un_cartel_del_cervantes_1782924528,Un cartel del Cervantes,A1,7,1,2,1,1,1,1,"Короткий связный эпизод знакомит с двумя языковыми учреждениями, хотя переход от плаката к RAE мотивирован слабо. Вопросы простые и буквальные.",«La RAE cuida y regula el español» чрезмерно упрощает роль академии.,courses/spanish-grammar/reading/texts/free_es_a1_un_cartel_del_cervantes_1782924528.json,1917ecbe114b35443c0023fcd8b9d619fb0502bb22e0724d4072cf34fab56a79,gpt-6-luna
free_es_a1_un_mensaje_corto_1782923842,Un mensaje corto,A1,8,2,2,1,1,1,1,Естественный бытовой диалог с понятной целью и деталями; вопросы проверяют главным образом прямое извлечение информации.,,courses/spanish-grammar/reading/texts/free_es_a1_un_mensaje_corto_1782923842.json,dc9f6fe7624e2a5bd53bc9de73b4547e1ed607421c7245517067fb3ac2ad04c7,gpt-6-luna
free_es_a1_un_perro_perdido_1782396637,Un perro perdido,A1,10,3,2,1,1,2,1,"Цельная ситуация поиска собаки развивается последовательно, язык естественный, вопросы охватывают разные детали сюжета.",,courses/spanish-grammar/reading/texts/free_es_a1_un_perro_perdido_1782396637.json,e0853d63655c225189bebbb104955b8db36a2e6434387636f9ac7c905cf2f05e,gpt-6-luna
free_es_a1_un_volc_n_1782395760,Un volcán,A1,8,2,2,1,1,1,1,"Связное простое объяснение вулканов и возможных рисков, хотя часть сведений подана очень поверхностно. Вопросы в основном буквальные.","«La ceniza sube al cielo como humo» — упрощённое описание, не всегда верное для вулканического пепла.",courses/spanish-grammar/reading/texts/free_es_a1_un_volc_n_1782395760.json,a4b24a119c94a7612fcb34a76dcecee4e12dad1a23ceaeb363d1c66edb9f42e6,gpt-6-luna
free_es_a1_una_cita_en_el_centro_1782923832,Una cita en el centro,A1,6,1,2,1,1,1,0,"Грамматически естественный, но шаблонный диалог: покупка тетради и совместная прогулка не получают содержательного развития; вопросы буквальные.",,courses/spanish-grammar/reading/texts/free_es_a1_una_cita_en_el_centro_1782923832.json,9f9fc694f454d367d50a5f276a3c0885c017ad3bd11f716b170e2d541d8fe6f0,gpt-6-luna
free_es_a1_una_clase_sobre_castellano_1782924510,Una clase sobre castellano,A1,7,2,1,1,1,1,1,"Тема занятия и вопрос ученика образуют связный контекст, но некоторые формулировки преподавателя звучат неестественно; вопросы простые.",«Hay deber de conocer el castellano» звучит неестественно; естественнее «Existe el deber de conocerlo». | «Hay derecho de usarlo» — неестественное управление; обычно говорят «hay derecho a usarlo».,courses/spanish-grammar/reading/texts/free_es_a1_una_clase_sobre_castellano_1782924510.json,6271ec63ce19257d927be5b01ffda8ff0f3f12ea39e8ca3b69bc16c074d59f02,gpt-6-luna
free_es_a1_una_madre_y_dos_hijos_1782924830,Una madre y dos hijos,A1,8,2,2,1,1,1,1,Понятный учебный диалог связывает значение термина с примером из жизни; детали о работе и школе немного добавлены без дальнейшего развития. Вопросы буквальные.,,courses/spanish-grammar/reading/texts/free_es_a1_una_madre_y_dos_hijos_1782924830.json,d87580675e2f40300a26e1f5981acdbd5d000caa9bc45d706bc5ccee1b59d04f,gpt-6-luna
free_es_a1_una_merienda_r_pida_1782923837,Una merienda rápida,A1,6,1,2,1,1,1,0,"Короткий грамматически естественный, но механический диалог: цель покупки и последняя реплика не складываются в заметный сюжет; вопросы буквальные.","«Compramos dos empanadas y una botella de agua» не объясняет, зачем покупка связана с перекусом или занятием.",courses/spanish-grammar/reading/texts/free_es_a1_una_merienda_r_pida_1782923837.json,1053209339378d1546d042c9e7c81a10f3d4c0a6168fb6d640c920a56c6e2e99,gpt-6-luna
free_es_a1_una_planta_para_la_ventana_1782923847,Una planta para la ventana,A1,6,1,2,1,1,1,0,"Грамматически естественные реплики, но сведения о походе на рынок и потребности растения в свете стоят рядом без мотивированной связи; вопросы буквальные.",«La planta necesita mucha luz» не связано с планом купить растение и не развивает ситуацию.,courses/spanish-grammar/reading/texts/free_es_a1_una_planta_para_la_ventana_1782923847.json,bc27c6c055e081940793ff0d81ee8437811412ea214e6bb728ae7e0147250ef2,gpt-6-luna
free_es_a1_una_postal_de_navarra_1782924519,Una postal de Navarra,A1,5,1,1,1,1,1,0,"Короткие факты о баскском языке связаны темой, но переход от открытки к поездке и книге не образует сюжета.",«Cuenta que allí existe el vasco» звучит неестественно: естественнее «allí se habla euskera/vasco».,courses/spanish-grammar/reading/texts/free_es_a1_una_postal_de_navarra_1782924519.json,9fe8abbb685f3a909db36f282dc2752c9d6478d5f11a4511f74bbfc736925958,gpt-6-luna
free_es_a1_una_pregunta_en_la_calle_1782396598,Una pregunta en la calle,A1,10,3,2,1,1,2,1,"Связная жизненная ситуация с полезными фразами для поиска дороги; вопросы проверяют и детали, и общий смысл.",,courses/spanish-grammar/reading/texts/free_es_a1_una_pregunta_en_la_calle_1782396598.json,ee43e8adda94066a832e6bed38750337079c627d6fd635370134eeba00bca3d6,gpt-6-luna
free_es_a1_urgencias_de_noche_1782924905,Urgencias de noche,A1,5,1,1,1,1,1,0,"Начинается понятная ситуация, но затем рассказ превращается в перечень общих функций больницы, не связанных с ожиданием результата Пабло.",«El hospital también hace cirugía» звучит механически; эта общая справка слабо связана с историей Пабло.,courses/spanish-grammar/reading/texts/free_es_a1_urgencias_de_noche_1782924905.json,97204ab6f8101d4b8cf42d65140320189caeb430c05199a5c6e9b70ec98b6ea9,gpt-6-luna
free_es_a1_vecinos_y_bicicletas_1782396391,Vecinos y bicicletas,A1,10,3,2,1,1,2,1,"Естественный разговор развивает конкретную проблему соседей и предлагает практические решения; ответы верны, вопросы охватывают разные детали.",,courses/spanish-grammar/reading/texts/free_es_a1_vecinos_y_bicicletas_1782396391.json,53d1926763dc68e75dbc12f7573180522e2d665f669853a34f9aca7c5a394ed0,gpt-6-luna
free_es_a1_velocidad_en_la_ciudad_1782924937,Velocidad en la ciudad,A1,5,1,1,1,1,1,0,Текст в основном перечисляет ограничения скорости; движение Серхио не связывает эти сведения в полноценную ситуацию.,"«En la ciudad puede haber límites de 20, 30 o 50» повторяет предыдущие цифры без развития сюжета.",courses/spanish-grammar/reading/texts/free_es_a1_velocidad_en_la_ciudad_1782924937.json,852d6eed773a1fe0c2f01f28231dd6b44f0dba0931d0b73a64b7768797e3400d,gpt-6-luna
free_es_a1_viaje_a_canarias_1782924873,Viaje a Canarias,A1,8,2,2,1,1,1,1,"Есть понятная практическая ситуация и полезное правило о часовом поясе, хотя фраза о том, что Нора ждёт перед звонком, не объясняет, когда именно она собирается позвонить.",,courses/spanish-grammar/reading/texts/free_es_a1_viaje_a_canarias_1782924873.json,7899bd63f5a488de0d276185842fcf52331618dd997e61de184d5665dc02100c,gpt-6-luna
free_es_a1_viaje_fuera_de_europa_1782924801,Viaje fuera de Europa,A1,4,1,1,1,1,0,0,Диалог о документах содержит расплывчатое и не вполне точное объяснение поездок внутри Шенгена; вопросы в основном повторяют сказанное и один расширяет его без достаточной опоры в тексте.,"«Para muchos viajes en Schengen no es igual» не объясняет, что именно отличается. | Вопрос о паспорте для поездок «вне ЕС или Шенгена» шире текста: в нём говорится только о поездке вне ЕС.",courses/spanish-grammar/reading/texts/free_es_a1_viaje_fuera_de_europa_1782924801.json,015b63c34f23ccbd7729d4dcd74219ea8fc3b2d0302a34988b8f6b76f1c730c6,gpt-6-luna
free_es_a1_viaje_por_autopista_1782924933,Viaje por autopista,A1,5,1,1,1,1,1,0,"Поездка служит рамкой для списка правил, но детали не развивают ситуацию; вопросы точны, однако преимущественно буквальны.",«El cinturón es obligatorio para todos los pasajeros» повторяет предыдущую фразу «Todos llevan cinturón» и не развивает рассказ.,courses/spanish-grammar/reading/texts/free_es_a1_viaje_por_autopista_1782924933.json,4d013edc993dd10695094113f325b5689cff77b25e51893bc6b162c7c941f4a0,gpt-6-luna
free_es_a1_viaje_por_comunidades_1782924516,Viaje por comunidades,A1,5,1,1,1,1,1,0,"Диалог последовательно называет языки регионов, но выглядит как перечень сведений, а не разговор о планируемой поездке.",«¿Qué lenguas vas a ver?» звучит неестественно для вопроса о языках; естественнее «¿Qué lenguas vas a encontrar/escuchar?».,courses/spanish-grammar/reading/texts/free_es_a1_viaje_por_comunidades_1782924516.json,ab7c6c372265cb8faa721dd5df8ac05c9516b5ffc31079ccc0a971b89c81fccd,gpt-6-luna
free_es_a1_viaje_por_el_pa_s_vasco_1782924690,Viaje por el País Vasco,A1,5,1,1,1,1,1,0,"Перечень городов и провинций тематически полезен, но реплики не создают мотивированного разговора; последняя фраза звучит неестественно.","«durante el viaje por muchas calles» неестественно в этом контексте; непонятно, почему слово euskera можно услышать «по многим улицам».",courses/spanish-grammar/reading/texts/free_es_a1_viaje_por_el_pa_s_vasco_1782924690.json,6d996860f7b4a5f257109ba3850825fb52c0bc093f50fbfdcb049f3edc02da42,gpt-6-luna
free_es_a1_vinos_conocidos_1782924847,Vinos conocidos,A1,5,1,1,1,1,1,0,"Связная тема вина и финальная причина записать названия дают минимальную связь, но разговор в основном перечисляет винные регионы.","«La Rioja es famosa por sus vinos» и «Jerez también es conocido por el vino» естественнее сочетать с формулировкой о регионах/вине, но «Jerez» может обозначать и город, и вино; в тексте это не уточнено.",courses/spanish-grammar/reading/texts/free_es_a1_vinos_conocidos_1782924847.json,a3e6560217f61f50bd7667b7a1b998b9e9048f97c9ab1211d87ea80756f270f2,gpt-6-luna
free_es_a1_visita_a_domicilio_1782924908,Visita a domicilio,A1,8,2,2,1,1,1,1,"Понятная жизненная ситуация развивается от болезни к осмотру и совету семье; вопросы верны, но в основном проверяют буквальные детали.",,courses/spanish-grammar/reading/texts/free_es_a1_visita_a_domicilio_1782924908.json,e8e14daf20eddc43358cd3fec9d2454c86b143f4407fdd39181333416a599c00,gpt-6-luna
free_es_a1_visita_a_los_reyes_1782924761,Visita a los Reyes,A1,6,1,1,1,1,1,1,"Есть рождественская тема, но собеседники без мотивированной связи перечисляют разные обычаи и даты; вопросы в основном буквальные.","«Las Navidades empezaron el 24 de diciembre» звучит как неестественное обобщение: дата начала праздников зависит от контекста; последующая реплика о Nochebuena не объясняет, почему упоминается Nochevieja.",courses/spanish-grammar/reading/texts/free_es_a1_visita_a_los_reyes_1782924761.json,131f0f8195ebd51f2211e239b42a3f9db20bf06a488229de534b3692dc72a1c2,gpt-6-luna
free_es_a1_visita_al_ayuntamiento_1782925037,Visita al ayuntamiento,A1,8,2,2,1,1,1,1,"Последовательная бытовая история с понятной целью и планом продолжения; вопросы верны, но буквальны.",,courses/spanish-grammar/reading/texts/free_es_a1_visita_al_ayuntamiento_1782925037.json,0bd7de9836d5ae5950db81a78f3c49a7190664d26f8469515ec1489a1dabd73a,gpt-6-luna
free_es_a1_vivienda_y_trabajo_1782924980,Vivienda y trabajo,A1,6,2,1,1,1,1,0,"Учебная ситуация имеет цель и итоговое сопоставление, но текст описывает устройство задания вместо самой задачи и выглядит механически.","«Hay anuncios de un piso pequeño y de un bar» не сообщает, какие условия в объявлениях связывают квартиру с Соней, а бар — с Раулем; итоговое сопоставление не обосновано.",courses/spanish-grammar/reading/texts/free_es_a1_vivienda_y_trabajo_1782924980.json,b76ed06e313e4119c8083b2390d1da75151dfc338516dbdc73f504ffbdba78f6,gpt-6-luna
free_es_a1_volcanes_de_canarias_1782924620,Volcanes de Canarias,A1,6,1,1,1,1,1,1,"Короткая понятная сцена, подходящая A1, но развитие почти целиком состоит из названий и повторного факта; вопросы верны и буквальны.",,courses/spanish-grammar/reading/texts/free_es_a1_volcanes_de_canarias_1782924620.json,288b8edd7a1a22a6a0be1af45c0156744ba549a4e83c22df23c4acf3c1589791,gpt-6-luna
free_es_a1_volver_a_estudiar_1782924893,Volver a estudiar,A1,8,2,2,1,1,1,1,"Диалог раскрывает намерение взрослого вернуться к учёбе и следующий практический шаг; вопросы точны, но преимущественно буквальны.",,courses/spanish-grammar/reading/texts/free_es_a1_volver_a_estudiar_1782924893.json,17a53e96527bc98ac89ac2af91ace6eded65658f3e6e6c100dc00ffa9247d758,gpt-6-luna
free_es_a2_alquilar_una_bicicleta_1782404991,Alquilar una bicicleta,A2,10,3,2,1,1,2,1,"Цельная практическая ситуация охватывает аренду, маршрут и возможную проблему с батареей; все ключи и переводы корректны, вопросы проверяют разные детали понимания.",,courses/spanish-grammar/reading/texts/free_es_a2_alquilar_una_bicicleta_1782404991.json,0859c774facfd226a8944aa111c7d1aeee186d397ec5517a3d00e87df94cad18,gpt-6-luna
free_es_a2_beber_agua_1782405137,Beber agua,A2,8,2,2,1,1,1,1,"Связный короткий текст с практическими советами и тематической лексикой; вопросы верны, но почти все повторяют сказанное напрямую.",«Un hábito pequeño mejora la energía diaria» обещает улучшение энергии без пояснения и звучит как слишком уверенное обобщение.,courses/spanish-grammar/reading/texts/free_es_a2_beber_agua_1782405137.json,7cbd5224681d42146a7b0fa8e19a02e380978b2b74a1007879e5d2e1a60576bb,gpt-6-luna
free_es_a2_bibliotecas_p_blicas_1782405055,Bibliotecas públicas,A2,8,2,2,1,1,1,1,"Текст последовательно рассказывает об услугах библиотек и приводит пример сети в Каталонии; вопросы верны, но буквальны.","«En España, muchas bibliotecas públicas están en barrios pequeños» — сомнительное обобщение: формулировка создаёт впечатление, что речь о небольших районах, но эта деталь не объясняется и не помогает основному рассказу.",courses/spanish-grammar/reading/texts/free_es_a2_bibliotecas_p_blicas_1782405055.json,422a2791ace7b314de9c35163beeaaa280850979a964f636e89292678875cf32,gpt-6-luna
free_es_a2_cambiar_una_cita_m_dica_1782405010,Cambiar una cita médica,A2,9,2,2,1,1,2,1,Связный и практичный диалог; вопросы проверяют детали ситуации и её последовательность.,,courses/spanish-grammar/reading/texts/free_es_a2_cambiar_una_cita_m_dica_1782405010.json,b0dee03f108588f0fe61bb4b38c7dffda156671a79f8877ac8d03b18d3d173e9,gpt-6-luna
free_es_a2_correos_y_cartas_1782405074,Correos y cartas,A2,8,2,2,1,1,1,1,"Понятное объяснение почтовой услуги, но текст в основном перечисляет сведения, а вопросы буквальные.",,courses/spanish-grammar/reading/texts/free_es_a2_correos_y_cartas_1782405074.json,23d0d01d3b97ffa362337cd4664ee5c506cc13e24d7e8ce35d5dac1a4d5760ee,gpt-6-luna
free_es_a2_curso_de_fotograf_a_1782405019,Curso de fotografía,A2,8,2,2,1,1,1,1,Естественный бытовой диалог с полезными деталями записи на курс; вопросы проверяют главным образом факты.,,courses/spanish-grammar/reading/texts/free_es_a2_curso_de_fotograf_a_1782405019.json,4af313e4be1d35f3a5dd60764e7f465e516608584d1c6c06c36cfbb36b2ed04f,gpt-6-luna
free_es_a2_devolver_unos_auriculares_1782405039,Devolver unos auriculares,A2,8,2,2,1,1,1,1,"Внятная ситуация возврата товара, хотя пара деталей в конце слегка не согласована.","«Prefiero cambiarlo» — заменить неисправный наушник, но далее речь идёт о «todos los modelos» и «probarlos», то есть о моделях и наушниках во множественном числе. | «Se la envío» относится к «una copia del ticket»; «Я отправлю её» переведено верно, но «por correo» может означать обычную почту, а не обязательно электронную.",courses/spanish-grammar/reading/texts/free_es_a2_devolver_unos_auriculares_1782405039.json,c43d29826f03b51f3703599eceaecc71ba1e03bca721f93d30710e64dfcea03b,gpt-6-luna
free_es_a2_dormir_mejor_1782405085,Dormir mejor,A2,8,2,2,1,1,1,1,Связный короткий текст с понятными советами; вопросы в основном повторяют сказанное напрямую.,,courses/spanish-grammar/reading/texts/free_es_a2_dormir_mejor_1782405085.json,0fd1cb68542366bd2f6fe6dc28b52ba831c396e291e5167a1d12447e106fa852,gpt-6-luna
free_es_a2_el_cuaderno_de_in_s_1782923708,El cuaderno de Inés,A2,7,2,1,1,1,1,1,"Есть небольшой образный сюжет, но «sesiones» остаётся без контекста, а переход к рисунку девочки и финальной реплике выглядит резким.","«¿Las escribes durante las sesiones?» — «sesiones» не объяснены, и переход к рассказу о рисунке девочки происходит без связки.",courses/spanish-grammar/reading/texts/free_es_a2_el_cuaderno_de_in_s_1782923708.json,a2523fb485f0e906b7d490ea5401a7a7c9e083cf9fe184846f3886ec3375af65,gpt-6-luna
free_es_a2_en_la_biblioteca_1782404950,En la biblioteca,A2,8,2,2,1,1,1,1,"Практичный и в целом связный разговор о библиотеке; вопросы понятные, но преимущественно буквальные.",,courses/spanish-grammar/reading/texts/free_es_a2_en_la_biblioteca_1782404950.json,4f9d12672d0903bf7e2b96add214a2c2ab830b5b0085563d7cfd85ab40ed7819,gpt-6-luna
free_es_a2_enviar_un_paquete_1782404928,Enviar un paquete,A2,8,2,2,1,1,1,1,Естественная практическая ситуация с последовательными действиями; вопросы в основном проверяют отдельные факты.,,courses/spanish-grammar/reading/texts/free_es_a2_enviar_un_paquete_1782404928.json,48ea2e50bcabc7a1ab6ba6be05666aa9ecea9eca138946c78ff8e812071467e8,gpt-6-luna
free_es_a2_farmacias_de_guardia_1782405063,Farmacias de guardia,A2,5,1,1,1,1,1,0,Сведения о дежурных аптеках сменяются отдельным замечанием о чётных и нечётных номерах улиц; связь этого факта с поиском аптеки не объяснена.,"Связь между поиском дежурной аптеки и расположением чётных и нечётных номеров не раскрыта; вывод «Así, la búsqueda puede ser mucho más rápida» не обоснован предыдущими фразами.",courses/spanish-grammar/reading/texts/free_es_a2_farmacias_de_guardia_1782405063.json,fb02872723d12d02265443366c95fd8cc90a494050d36805bbb8625ed78a586f,gpt-6-luna
free_es_a2_la_bicicleta_del_doctor_1782923715,La bicicleta del doctor,A2,7,2,1,1,1,1,1,"Короткий разговор содержит понятную личную деталь, но причинная связь между спешкой врачей, медленной поездкой и умением слушать звучит натянуто.","«Precisamente por eso pedaleo despacio» слабо связывает мысль о том, что врачи всегда спешат, с медленной ездой на велосипеде.",courses/spanish-grammar/reading/texts/free_es_a2_la_bicicleta_del_doctor_1782923715.json,bd0590052ac3e17cc2467ab05f438491e77dca432775bd37bdd62c94c793128b,gpt-6-luna
free_es_a2_la_caja_de_officer_park_1782923706,La caja de Officer Park,A2,8,2,2,1,1,1,1,"Связный короткий диалог о потерянных вещах и личных воспоминаниях; вопросы верны, но проверяют почти только буквальные детали.",,courses/spanish-grammar/reading/texts/free_es_a2_la_caja_de_officer_park_1782923706.json,c1562009ac12d90fc7b0d6a8b177090f3c2635feae6f888f2064c803ef828982,gpt-6-luna
free_es_a2_mapas_digitales_1782405126,Mapas digitales,A2,8,2,2,1,1,1,1,"Практические советы развиваются логично от карт к возможным проблемам с телефоном; вопросы верны, но в основном буквальные.",,courses/spanish-grammar/reading/texts/free_es_a2_mapas_digitales_1782405126.json,da7b3181666586c22bb539fd7670a7ac3ca727580f3adb6eab2f03c1f5f18ce0,gpt-6-luna
free_es_a2_moverse_en_bici_1782405113,Moverse en bici,A2,8,2,2,1,1,1,1,"Понятный набор связанных советов о безопасности на велосипеде; ключи верны, вопросы почти все проверяют прямые факты.",,courses/spanish-grammar/reading/texts/free_es_a2_moverse_en_bici_1782405113.json,2a09ffe2885f599651ab182d0db46ea05b195f7dc3e3145660a0a922fa4e228f,gpt-6-luna
free_es_a2_plantas_en_casa_1782405147,Plantas en casa,A2,8,2,2,1,1,1,1,"Связный практический текст об уходе за растениями; перевод и ключи в целом точны, вопросы преимущественно буквальные.","«Una ventana con luz» — «Окна со светом»: в оригинале единственное число, в переводе множественное.",courses/spanish-grammar/reading/texts/free_es_a2_plantas_en_casa_1782405147.json,8f1c71e806d25f4d6b1d7338371a9f8c375286c6248befdd12626be6a709f5f8,gpt-6-luna
free_es_a2_rafa_y_el_asiento_delantero_1782923722,Rafa y el asiento delantero,A2,6,2,1,1,0,1,1,"Сюжет о привычке водителя и семейной памяти понятен, но финальная реплика звучит искусственно и переведена калькой; вопросы буквальные.",«Usted también conduce un recuerdo» звучит неестественно в этом контексте; «вы ведёте ещё и воспоминание» — неестественная калька.,courses/spanish-grammar/reading/texts/free_es_a2_rafa_y_el_asiento_delantero_1782923722.json,009824c660ef46c14254d14dc857e38b0cdad8816de15093575080ecdc9c625c,gpt-6-luna
free_es_a2_renovar_la_tarjeta_1782404916,Renovar la tarjeta,A2,8,2,2,1,1,1,1,"Правдоподобная последовательность действий при подаче документов; ключи верны, вопросы в основном проверяют отдельные факты.",«Renovar mi tarjeta» переведено как «обновить мою карточку»; в контексте оформления документа естественнее «продлить/переоформить карту».,courses/spanish-grammar/reading/texts/free_es_a2_renovar_la_tarjeta_1782404916.json,b486e405d38280ffeef7f80e391081830e9b120d8e2d636f9d517ff357a85666,gpt-6-luna
free_es_a2_silencio_p_blico_1782405156,Silencio público,A2,7,2,1,1,1,1,1,"Текст последовательно призывает беречь тишину в общих местах, но связь наушников с уменьшением разговоров окружающих выражена не вполне естественно; вопросы буквальные.",«Los auriculares… reducen conversaciones» — наушники сами по себе не уменьшают разговоры окружающих; формулировка неясна и звучит неестественно.,courses/spanish-grammar/reading/texts/free_es_a2_silencio_p_blico_1782405156.json,f22c6f403c953b2c3beffab97dda13b3ba8982c263690e976b446b1e7ecc4c7a,gpt-6-luna
free_es_a2_un_cargo_extra_o_1782405030,Un cargo extraño,A2,8,2,2,1,1,1,1,"Связный бытовой диалог о подозрительном списании и дальнейших действиях; ответы верны, вопросы преимущественно буквальные.",,courses/spanish-grammar/reading/texts/free_es_a2_un_cargo_extra_o_1782405030.json,170a0de97571432eda54b25fa4a472a36c1f64e7f17a6b73355478bca663f46f,gpt-6-luna
free_es_a2_una_fuga_en_casa_1782404939,Una fuga en casa,A2,8,2,2,1,1,1,1,Внятная жизненная ситуация с логичным развитием от протечки к вызову сантехника; вопросы проверяют в основном прямые детали.,,courses/spanish-grammar/reading/texts/free_es_a2_una_fuga_en_casa_1782404939.json,f4363bed3c808aaf5829982a62a5eb0fc649bd2da0c12e9dc12defda5c92cc06,gpt-6-luna
free_es_a2_una_lista_simple_1782405095,Una lista simple,A2,8,2,2,1,1,1,1,"Практические советы об организации дел образуют цельный текст; ключи верны, вопросы в основном буквальные.",,courses/spanish-grammar/reading/texts/free_es_a2_una_lista_simple_1782405095.json,850cd43e0aeb162619f1c7b1c52d23cfecb04b94903f1b09fdbd8de53cbf1cd9,gpt-6-luna
free_es_a2_una_palabra_nueva_1782405104,Una palabra nueva,A2,8,2,2,1,1,1,1,"Связный короткий совет о повторении слов; испанский естественный и подходит для A2. Русский перевод точен, ключи верны, но вопросы почти все проверяют отдельные факты.",,courses/spanish-grammar/reading/texts/free_es_a2_una_palabra_nueva_1782405104.json,782ff7172102390509d0ad2dec9dce6a60dc1c0b0c64fdc2e761ee6fbb277ab4,gpt-6-luna
free_es_a2_visitar_un_piso_1782405002,Visitar un piso,A2,8,2,2,1,1,1,1,Правдоподобный диалог о просмотре квартиры с последовательными вопросами и договорённостью о встрече. Перевод и ключи верны; вопросы буквальные.,,courses/spanish-grammar/reading/texts/free_es_a2_visitar_un_piso_1782405002.json,be8396ae3ec065f0e396df97c44e07d995e5d68f941eb40f52ee1e192a1bf3bc,gpt-6-luna
free_es_b1_actualizar_el_curr_culum_1782406738,Actualizar el currículum,B1,7,2,2,1,0,1,1,"Практичный диалог о резюме и сопроводительном письме; язык соответствует B1. Ключи верны, вопросы буквальные. В переводе последней реплики местоимение «его» ошибочно отсылает к письму: следует «её».","Последняя реплика: «La prepararé» — «Я подготовлю её» (carta), но в переводе «Я подготовлю его»; далее «её» также относится к письму.",courses/spanish-grammar/reading/texts/free_es_b1_actualizar_el_curr_culum_1782406738.json,2217c3f55b71a770b337b715c3b6570e374c3f681ed09a756a2a8e3fb3eecb27,gpt-6-luna
free_es_b1_cafetera_con_aver_a_1782406749,Cafetera con avería,B1,8,2,2,1,1,1,1,"Последовательный сервисный диалог, в котором объяснены варианты решения проблемы. Перевод точен, ключи верны; вопросы в основном буквальные.",,courses/spanish-grammar/reading/texts/free_es_b1_cafetera_con_aver_a_1782406749.json,c53d682c4d295c4b1919639306436eb8874aee04e55efb25a287473613851f2c,gpt-6-luna
free_es_b1_cambiar_la_tarifa_1782406771,Cambiar la tarifa,B1,8,2,2,1,1,1,1,"Связный диалог о подборе мобильного тарифа и его условиях. Перевод точен, ключи верны; вопросы буквальные.",,courses/spanish-grammar/reading/texts/free_es_b1_cambiar_la_tarifa_1782406771.json,e64145e48ff8c030d080518148caf73c87e17b1a54807e42440634a37d8f3d3e,gpt-6-luna
free_es_b1_cambio_de_cita_1782406814,Cambio de cita,B1,8,2,2,1,1,1,1,Внятная бытовая ситуация: проверка документов и перенос записи на свободное время. Перевод и ключи верны; вопросы буквальные.,,courses/spanish-grammar/reading/texts/free_es_b1_cambio_de_cita_1782406814.json,e55234f8d5841b4a1a01c40aa816acfd38e09ee63d2e21ef98360958d5e55fa4,gpt-6-luna
free_es_b1_cancelar_una_matr_cula_1782406781,Cancelar una matrícula,B1,8,2,2,1,1,1,1,Последовательный диалог об отмене курса и оформлении возврата. Перевод и ключи верны; вопросы в основном проверяют прямые факты.,,courses/spanish-grammar/reading/texts/free_es_b1_cancelar_una_matr_cula_1782406781.json,1bd07fad87a36c05f5c0f233526729b54e2ac8406ed1963b0fd55a50ebc4da52,gpt-6-luna
free_es_b1_cargo_desconocido_1782406760,Cargo desconocido,B1,8,2,2,1,1,1,1,Правдоподобная ситуация с незнакомым списанием и дальнейшими действиями. Перевод и ключи верны; вопросы буквальные.,,courses/spanish-grammar/reading/texts/free_es_b1_cargo_desconocido_1782406760.json,3f06639c2fcb584ad634eb6a343977ff4e7d15e3b15331fdd2dfbfc14ea6b726,gpt-6-luna
free_es_b1_el_camino_de_santiago_1782406620,El Camino de Santiago,B1,7,2,1,1,1,1,1,"Текст сообщает полезные сведения и связывает их с личным смыслом паломничества, но часть предложений выглядит как отдельные факты. Перевод и ключи верны; вопросы буквальные.",«Cada albergue o iglesia puede poner uno» — местоимение uno неясно отсылает к credencial или sello; лучше назвать sellos прямо.,courses/spanish-grammar/reading/texts/free_es_b1_el_camino_de_santiago_1782406620.json,4ff49d1255002577525cf4957e2040c4a71c4e628737b7e7b2077d8ed68c3036,gpt-6-luna
free_es_b1_el_sello_de_vega_1782923726,El sello de Vega,B1,7,2,1,1,1,1,1,"Короткая цельная сцена с небольшой церемонией, соответствующая уровню. Перевод и ключи верны; вопросов мало и они буквальные.",«¿Todavía lo usa para los libros?» — lo грамматически не согласуется с женским sello; ожидалось «¿Todavía la usa…?» либо уточнить предмет.,courses/spanish-grammar/reading/texts/free_es_b1_el_sello_de_vega_1782923726.json,893ef61433e673613efdeb42a3742f79d4d5eae32517dbcb48e53f7b2dd58f45,gpt-6-luna
free_es_b1_el_silbo_gomero_1782406642,El silbo gomero,B1,8,2,2,1,1,1,1,"Связное объяснение истории и современного использования сильбо, но вопросы проверяют в основном прямые факты.",,courses/spanish-grammar/reading/texts/free_es_b1_el_silbo_gomero_1782406642.json,647f16b92e3db8ceb6391013bf3c30eb4d7f43162cd0036244859fb3d81eaf8a,gpt-6-luna
free_es_b1_frenos_de_bicicleta_1782406725,Frenos de bicicleta,B1,9,3,2,1,1,1,1,"Правдоподобный разговор с понятной проблемой, развитием и практичной лексикой; вопросы преимущественно буквальные.",,courses/spanish-grammar/reading/texts/free_es_b1_frenos_de_bicicleta_1782406725.json,bfe4ee781065497e88f69dc774294756679404c4ebe2b6e79b7749b57ada2014,gpt-6-luna
free_es_b1_la_libreta_de_carmen_1782923719,La libreta de Carmen,B1,4,1,1,0,1,1,0,"Короткий обмен репликами не объясняет связь между пропавшей фреской, тетрадью и рассказом о продаже газет; вопросы буквальные.",«Entonces su detective empezó en una esquina normal» — вывод о начале расследования не подготовлен предыдущими репликами.,courses/spanish-grammar/reading/texts/free_es_b1_la_libreta_de_carmen_1782923719.json,d9690a927ee397a8e163020ebc52940e985b92a77d38af98e954790925f7c84d,gpt-6-luna
free_es_b1_la_llave_del_profesor_1782923710,La llave del profesor,B1,7,2,2,0,1,1,1,"Ключ связывает короткую историю о первом уроке с воспоминанием о страхе, но язык и объём проще заявленного B1; вопросы буквальные.",,courses/spanish-grammar/reading/texts/free_es_b1_la_llave_del_profesor_1782923710.json,c028aee74f73bf98906a7509e4181606c3f318b007383dba682540880c3571a4,gpt-6-luna
free_es_b1_la_piedra_seca_1782406701,La piedra seca,B1,9,3,2,1,1,1,1,"Последовательно объяснены техника кладки, назначение террас и сохранение стен; вопросы в основном проверяют отдельные факты.",,courses/spanish-grammar/reading/texts/free_es_b1_la_piedra_seca_1782406701.json,ecb31fbbcf69a0c6aff25aa63f2aa30ec68047842f5c5d3dd1064ac0eab58441,gpt-6-luna
free_es_b1_la_trashumancia_1782406599,La trashumancia,B1,9,3,2,1,1,1,1,Понятное развитие от сезонных перемещений стад к мадридской традиции; вопросы преимущественно буквальные.,,courses/spanish-grammar/reading/texts/free_es_b1_la_trashumancia_1782406599.json,9c80ca6d66fc335b0825396cb635d2efc22d688b27bd5e7e262eb61e2add1134,gpt-6-luna
free_es_b1_las_lenguas_de_espa_a_1782406631,Las lenguas de España,B1,8,2,2,1,1,1,1,"Даны понятные примеры языкового разнообразия, но развитие неглубокое, а вопросы в основном повторяют формулировки текста.",,courses/spanish-grammar/reading/texts/free_es_b1_las_lenguas_de_espa_a_1782406631.json,5a8e8cbd1ccc2af214ac0ca3755e4a547eaab90de9abf2ea6b1e8aa12dc5af60,gpt-6-luna
free_es_b1_los_castells_catalanes_1782406678,Los castells catalanes,B1,9,3,2,1,1,1,1,"Последовательно описаны устройство башни, роли участников и смысл традиции; проверка понимания преимущественно буквальная.",,courses/spanish-grammar/reading/texts/free_es_b1_los_castells_catalanes_1782406678.json,349ba941177cbcc4ad78afc14cbccbff2355e9bb1ff63ae6b556553143e2c1f5,gpt-6-luna
free_es_b1_los_h_rreos_gallegos_1782406689,Los hórreos gallegos,B1,9,3,2,1,1,1,1,"Связное объяснение назначения конструкции, её устройства и места в современном пейзаже; вопросы в основном буквальные.",,courses/spanish-grammar/reading/texts/free_es_b1_los_h_rreos_gallegos_1782406689.json,d3b0c7a75ce7bea29036448d07d2afcf5a60be2baffe90770eb1a143a5edf35f,gpt-6-luna
free_es_b1_los_patios_de_c_rdoba_1782406610,Los patios de Córdoba,B1,7,2,2,1,0,1,1,"Текст связывает устройство патио с жарким климатом и соседской жизнью, но вопросы преимущественно буквальные.",«Это не просто красивая туристическая fiesta» — слово «fiesta» оставлено непереведённым; естественно: «туристический праздник».,courses/spanish-grammar/reading/texts/free_es_b1_los_patios_de_c_rdoba_1782406610.json,9c5bbc34725894ba47705be4c394df1062dea24566235409c8aa66cb2d9c7014,gpt-6-luna
free_es_b1_paquete_no_recibido_1782406791,Paquete no recibido,B1,8,2,2,1,1,1,1,Связная практическая ситуация с понятной целью и последовательным решением проблемы; вопросы проверяют главным образом прямые факты.,,courses/spanish-grammar/reading/texts/free_es_b1_paquete_no_recibido_1782406791.json,7237b6ea9df35a18dd62137b1ea7b5cd44a02f92179175c5320f3f03f9120f3d,gpt-6-luna
free_es_b1_una_humedad_en_casa_1782406802,Una humedad en casa,B1,8,2,2,1,1,1,1,Естественный бытовой диалог с логичным развитием и полезной лексикой; вопросы в основном буквальные.,,courses/spanish-grammar/reading/texts/free_es_b1_una_humedad_en_casa_1782406802.json,acea1a3b1c91c2ff86b986bede54a4358f7f78182676412efbdb52f700b91749,gpt-6-luna
free_es_b2_ajustar_la_planificaci_n_1782406844,Ajustar la planificación,B2,8,2,2,1,1,1,1,"Участники последовательно обсуждают перенос проверки и план действий, хотя диалог в основном служит изложению рабочих пунктов; вопросы буквальные.",,courses/spanish-grammar/reading/texts/free_es_b2_ajustar_la_planificaci_n_1782406844.json,de43d94e068806bad41aac1bca7d992e31259bcbca20c7329eda2f310938421c,gpt-6-luna
free_es_b2_antes_de_firmar_1782406832,Antes de firmar,B2,8,2,2,1,1,1,1,Внятные переговоры с конкретными условиями договора; понимание проверяется преимущественно прямыми фактами.,,courses/spanish-grammar/reading/texts/free_es_b2_antes_de_firmar_1782406832.json,747f55b55f0978986df984880bc929c310a79a42efd2ed49cca392efc3122f89,gpt-6-luna
free_es_b2_camino_a_la_tutor_a_1782407009,Camino a la tutoría,B2,8,2,2,1,1,1,1,Разговор естественно переходит от помощи с входом к учебным затруднениям и планам; вопросы преимущественно буквальные.,,courses/spanish-grammar/reading/texts/free_es_b2_camino_a_la_tutor_a_1782407009.json,2c1f4da79e371829af0e096fbbe4553ac8b201bc35cbca6f2f9bfa1daf9312e2,gpt-6-luna
free_es_b2_el_agua_en_el_sureste_1782407140,El agua en el sureste,B2,7,2,1,1,1,1,1,"Текст связывает засуху с экономикой и мерами управления водой, но подан как цепочка кратких тезисов без примеров и развития; вопросы буквальные.",«España aprendió a discutir el agua con paciencia» звучит неестественно и расплывчато; далее тезис не раскрывается.,courses/spanish-grammar/reading/texts/free_es_b2_el_agua_en_el_sureste_1782407140.json,7688d9d3718c5dfbdabf2c771a97c42edf3a327e7b70c7f809fa66821d1aae36,gpt-6-luna
free_es_b2_el_ave_y_el_territorio_1782407129,El AVE y el territorio,B2,7,2,1,1,1,1,1,"Есть связная тема территориальных последствий железнодорожной сети и полезная историческая деталь, но изложение остаётся кратким перечнем тезисов; вопросы буквальные.","«La red ha crecido hacia varias costas» — расплывчатая формулировка, которая не уточняет, о каких направлениях идёт речь.",courses/spanish-grammar/reading/texts/free_es_b2_el_ave_y_el_territorio_1782407129.json,f188dfe3b06b7db33d58008b30d62944f6e4346f81e95a6fdc50ac9fa65f56aa,gpt-6-luna
free_es_b2_el_tribunal_del_agua_1782407229,El tribunal del agua,B2,8,2,2,1,1,1,1,"Текст объясняет назначение и значение института, добавляя культурный контекст; вопросы в основном проверяют явно названные детали.",,courses/spanish-grammar/reading/texts/free_es_b2_el_tribunal_del_agua_1782407229.json,0bdedb4774b9e093b4b048ef93a3e63ccbb44a7eaf1dd62bf19d6e89cdc6a524,gpt-6-luna
free_es_b2_elegir_una_optativa_1782406895,Elegir una optativa,B2,8,2,2,1,1,1,1,"Связное обсуждение выбора предмета с практическими критериями, сомнениями и следующим шагом; вопросы в основном буквальные.",,courses/spanish-grammar/reading/texts/free_es_b2_elegir_una_optativa_1782406895.json,349dc77b3ad2abef305c463e6f122510ef16d57d561806babc9bcd109046aeba,gpt-6-luna
free_es_b2_en_la_parada_1782407051,En la parada,B2,8,2,2,1,1,1,1,Ситуация с изменением сроков естественно приводит к обсуждению проблем групповой работы и способов их решить; вопросы буквальные.,,courses/spanish-grammar/reading/texts/free_es_b2_en_la_parada_1782407051.json,d0589118d50bf5d33f7d5ead34bc0013915646729eb13b50ed640f0160c2b093,gpt-6-luna
free_es_b2_encuentro_en_la_calle_1782406914,Encuentro en la calle,B2,8,2,2,1,1,1,1,"Связный диалог о заявке на стипендию с понятным развитием; вопросы верны, но в основном проверяют отдельные факты.",,courses/spanish-grammar/reading/texts/free_es_b2_encuentro_en_la_calle_1782406914.json,3fb96b2c50d8a169e83315032fca9a512d6aaf8dd50366eab2c4321fc15f01cd,gpt-6-luna
free_es_b2_estudiar_en_la_universidad_1782406883,Estudiar en la universidad,B2,8,2,2,1,1,1,1,"Практичный диалог с последовательными советами и планом действий; вопросы верны, но преимущественно буквальные.",,courses/spanish-grammar/reading/texts/free_es_b2_estudiar_en_la_universidad_1782406883.json,ebd8f6c3e3fa524d55ab58d6a0eb10b9f1dfe5201ffeb0bfb0a461a3d7c18056,gpt-6-luna
free_es_b2_informarse_mejor_1782406867,Informarse mejor,B2,8,2,2,1,1,1,1,"Связный разговор о перегрузке новостями и способах её уменьшить; ключи верны, вопросы в основном буквальные.",,courses/spanish-grammar/reading/texts/free_es_b2_informarse_mejor_1782406867.json,e16a5dfe0633176ea6a4074fc59b9b5ef200eca9c7b811d502c33cedb7195bab,gpt-6-luna
free_es_b2_la_capa_doblada_1782923728,La capa doblada,B2,7,2,2,0,1,1,1,"Короткая цельная миниатюра с образом скатерти и переосмыслением смелости, но язык и объём заметно проще заявленного B2; все ключи верны.","Для B2 текст очень короткий и лексически простой: «una tela roja», «poner una mesa y escuchar».",courses/spanish-grammar/reading/texts/free_es_b2_la_capa_doblada_1782923728.json,14f157e6d3a3946960214a4bc25649a0a0a915f6a3fe746913b4321393dcd5f9,gpt-6-luna
free_es_b2_la_dehesa_espa_ola_1782407162,La dehesa española,B2,7,2,1,1,1,1,1,"Информативный текст связывает устройство деэсы, выпас и экологический баланс; ключи верны, но вопросы преимущественно буквальные.","«También protege suelo, aves rapaces y biodiversidad» звучит неестественно без артиклей перед «suelo» и «biodiversidad».",courses/spanish-grammar/reading/texts/free_es_b2_la_dehesa_espa_ola_1782407162.json,7d5443ee87b0c45ab1e62530a9e6bf6f41047fdc626aca53da036fcfc30a226c,gpt-6-luna
free_es_b2_la_espa_a_vaciada_1782407187,La España vaciada,B2,7,2,1,1,1,1,1,"Текст последовательно объясняет взаимосвязь депопуляции и услуг, затем называет условия для жизни в селе; вопросы верны, но буквальны.",«Describe pueblos donde perder habitantes cambia cada servicio» — неестественная формулировка; «cambia cada servicio» неясно передаёт последствия потери населения.,courses/spanish-grammar/reading/texts/free_es_b2_la_espa_a_vaciada_1782407187.json,01dadbd5146bf685f231191cfff08e80273f5d743cd225ab313cd22405d30a19,gpt-6-luna
free_es_b2_las_supermanzanas_1782407151,Las supermanzanas,B2,8,2,2,1,1,1,1,"Доступно изложены цель суперблоков и опасения сторон; ключи верны, вопросы в основном проверяют прямые сведения.",,courses/spanish-grammar/reading/texts/free_es_b2_las_supermanzanas_1782407151.json,3fda5efc5b6b539ed7857eb2d78e3de5bd2fa44723c54b37232533654bcaeebd,gpt-6-luna
free_es_b2_los_paradores_1782407198,Los paradores,B2,8,2,2,1,1,1,1,"Текст связывает исторические здания, туризм и развитие регионов, упоминая требования к такой модели; ответы верны, но вопросы буквальные.",,courses/spanish-grammar/reading/texts/free_es_b2_los_paradores_1782407198.json,69a18ed0f1764fb96bd1f6e3975f5e41ccea4b77d55442f6349a9cd5776b0042,gpt-6-luna
free_es_b2_mondrag_n_cooperativa_1782407176,Mondragón cooperativa,B2,8,2,2,1,1,1,1,"Сбалансированный обзор происхождения, устройства и трудностей кооперативной модели; ключи верны, но вопросы в основном буквальные.",,courses/spanish-grammar/reading/texts/free_es_b2_mondrag_n_cooperativa_1782407176.json,b821e717e0493c7e26f057ca60d595e38e7547a302a0e21ec104480ffde31c71,gpt-6-luna
free_es_b2_organizar_mejor_el_d_a_1782406854,Organizar mejor el día,B2,7,2,2,1,0,1,1,"Связный диалог приводит от проблемы с задачами к конкретному плану; ключи верны, вопросы преимущественно буквальные.","«cuando alguien me pide algo pequeño, pero constante» передано как «когда кто-то просит что-то маленькое, но постоянно»; по-русски это звучит неестественно и не уточняет, что речь о регулярной небольшой просьбе.",courses/spanish-grammar/reading/texts/free_es_b2_organizar_mejor_el_d_a_1782406854.json,121062f583b96872bcbdc6ed1729e30ddc804be3c09f6fc354746f8d340d56d9,gpt-6-luna
free_es_c1_archivo_compartido_1782413030,Archivo compartido,C1,10,3,2,1,1,2,1,"Связный разговор: собеседники взвешивают доступность архива, приватность и пользу для сообщества, затем предлагают конкретные меры.",,courses/spanish-grammar/reading/texts/free_es_c1_archivo_compartido_1782413030.json,c229e9b1be9bbe24b92752f58f0662667ae8f5f577c390b5606ac4a2a0aef853,gpt-6-luna
free_es_c1_autoconsumo_responsable_1782413017,Autoconsumo responsable,C1,10,3,2,1,1,2,1,"Обсуждение последовательно переходит от выбора подрядчика к затратам, правилам голосования и условиям поддержки проекта.",,courses/spanish-grammar/reading/texts/free_es_c1_autoconsumo_responsable_1782413017.json,f8d46e04cccd317a9ee4e5e743bf2a01f2205976d5418858d0b8f5a55ef29417,gpt-6-luna
free_es_c1_coworking_con_garant_as_1782412984,Coworking con garantías,C1,10,3,2,1,1,2,1,Убедительная ситуация с ясным конфликтом интересов и конкретным компромиссным решением; вопросы охватывают ключевые выводы.,,courses/spanish-grammar/reading/texts/free_es_c1_coworking_con_garant_as_1782412984.json,e2d0b1f437ee94fb799b5cf887ab65b854be4ad0c62234b60a2985c38d2f7737,gpt-6-luna
free_es_c1_el_agua_heredada_1782412911,El agua heredada,C1,7,2,1,1,1,1,1,"Текст передаёт содержательную связь между ирригацией и местными институтами, но фраза «la modernidad no borra» обрывается без дополнения и делает переход к следующему предложению негладким.","«Ese rito muestra una España donde la modernidad no borra» — предложение не завершено; следующее «A veces, simplemente negocia...» не устраняет обрыв.",courses/spanish-grammar/reading/texts/free_es_c1_el_agua_heredada_1782412911.json,ebbf53e3f4b4b1d5f5cb07a397925f653ed12e28b141235688db4a66f3fdee16,gpt-6-luna
free_es_c1_encuesta_responsable_1782412997,Encuesta responsable,C1,10,3,2,1,1,2,1,"Собеседники последовательно рассматривают риски идентификации, смещения ответов и прозрачности; все ключи согласуются с текстом.",,courses/spanish-grammar/reading/texts/free_es_c1_encuesta_responsable_1782412997.json,470ed7ff2d008e3bbaa7b7ea92804e1f04eceab3ab4970fc1daf533c7ddc9012,gpt-6-luna
free_es_c1_enmienda_razonable_1782412925,Enmienda razonable,C1,10,3,2,1,1,2,1,"Цельная бытовая ситуация развивается к практическому компромиссу; вопросы проверяют и позицию, и мотивы собеседников.",,courses/spanish-grammar/reading/texts/free_es_c1_enmienda_razonable_1782412925.json,cf01b8d8ffb58b3be7e182f6ea6b56ce2393e7bb7196afe6a19dc2d224da8ca0,gpt-6-luna
free_es_c1_esquinas_de_barcelona_1782412837,Esquinas de Barcelona,C1,7,2,1,1,1,1,1,"Есть содержательная линия от градостроительного замысла к влиянию спекуляции, но некоторые формулировки чрезмерно абстрактны и искусственны, например «la ciudad heredó una legibilidad excepcional».","«Cerdà imaginó calles anchas, luz y ventilación democrática» — «вентиляция» в единственном числе звучит неестественно; мысль, вероятно, о доступе к свету и воздуху для всех. | «La ciudad heredó una legibilidad excepcional» — абстрактная, не вполне естественная формулировка.",courses/spanish-grammar/reading/texts/free_es_c1_esquinas_de_barcelona_1782412837.json,0e0fde07d81406b2f84442a590a577f9ae9d492781bb01357ed46b99ceeb848b,gpt-6-luna
free_es_c1_graneros_elevados_1782412774,Graneros elevados,C1,7,2,1,1,1,1,1,"Текст даёт полезное объяснение функции оррео, но переходит от практических деталей к ряду метафорических утверждений без достаточного развития.","«La piedra hablaba de clima, propiedad y previsión» и «Cada familia medía allí su seguridad alimentaria» звучат как искусственные обобщения, а не объяснение конкретных особенностей.",courses/spanish-grammar/reading/texts/free_es_c1_graneros_elevados_1782412774.json,2b0111818225cdb542a797f3e35872e03cd44b2354a2551f532fb634f9fd3ee5,gpt-6-luna
free_es_c1_hierro_del_nervi_n_1782412851,Hierro del Nervión,C1,7,2,1,1,1,1,1,"Намечена логичная линия индустриализации и её социальных последствий, но часть образных формулировок туманна, а развитие остаётся схематичным.","«Las minas vizcaínas alimentaron barcos, bancos y fábricas» — образ «питали корабли и банки» неясен; связь железной руды с ростом банков здесь не объяснена. | «España industrializó parte de su memoria junto al río» — финальный образ звучит неестественно и затемняет мысль.",courses/spanish-grammar/reading/texts/free_es_c1_hierro_del_nervi_n_1782412851.json,f2e80cc4e774ca67e34ce6081239e1b3f02850b10540d946da2e7e8984ef01cf,gpt-6-luna
free_es_c1_la_fianza_retenida_1782412935,La fianza retenida,C1,10,3,2,1,1,2,1,"Практичный, связный разговор о споре вокруг залога; план действий развивается последовательно, а ключи верны.",,courses/spanish-grammar/reading/texts/free_es_c1_la_fianza_retenida_1782412935.json,0c67ded38b7c8cf87fb3879683fe91c7422d38348e7ea518e1c42fc4c5f44e86,gpt-6-luna
free_es_c1_licitaci_n_transparente_1782412951,Licitación transparente,C1,9,2,2,1,1,2,1,"Связный рабочий диалог с понятной проблемой и последовательным поиском решения; вопросы проверяют и детали, и общий смысл.",,courses/spanish-grammar/reading/texts/free_es_c1_licitaci_n_transparente_1782412951.json,0df01737c620ca137d28d0d9a5fc3486d25d62e00ed3a5f1c14e2b7094195be4,gpt-6-luna
free_es_c1_oro_erosionado_1782412786,Oro erosionado,C1,7,2,2,0,1,1,1,"Есть ясная линия от римской добычи золота к современному восприятию ландшафта, но текст очень сжат и преимущественно состоит из декларативных тезисов.","«España guarda allí una memoria dorada y erosionada» — образная, но малоинформативная заключительная фраза; текст в целом проще заявленного C1 по синтаксису.",courses/spanish-grammar/reading/texts/free_es_c1_oro_erosionado_1782412786.json,c8fa519e1d0d00b09b5a29b83c7e4fc94e3bd7086f062b0abf5d636ac1fbd5b8,gpt-6-luna
free_es_c1_patios_de_madrid_1782412874,Patios de Madrid,C1,7,2,2,0,1,1,1,"Текст последовательно связывает устройство коррал с соседской жизнью и исторической ценностью, хотя изложение афористично и синтаксически проще C1.",«condensan una historia urbana discreta» и «archivo vecinal» звучат метафорично и не раскрываются; текст остаётся набором кратких обобщений.,courses/spanish-grammar/reading/texts/free_es_c1_patios_de_madrid_1782412874.json,f99743b15daa650c33e83a975c1c400c9ddaa5a1ba9f2254f59b40b704223ad7,gpt-6-luna
free_es_c1_plaza_en_debate_1782413042,Plaza en debate,C1,9,2,2,1,1,2,1,Диалог развивает конкретное разногласие и предлагает компромисс; вопросы охватывают детали и цель собеседников.,,courses/spanish-grammar/reading/texts/free_es_c1_plaza_en_debate_1782413042.json,522abd51bbb6b7501c3dc089fb8a415280183d6f1c4ccc56f4dd0e0470cd0802,gpt-6-luna
free_es_c1_retraso_negociado_1782412964,Retraso negociado,C1,9,2,2,1,1,2,1,Внятная переговорная ситуация развивается от разногласия о причинах задержки к проверяемым условиям продления; вопросы точны и разнообразны.,,courses/spanish-grammar/reading/texts/free_es_c1_retraso_negociado_1782412964.json,6cd6e4e0e43bf42bbc550b2c24c566adceeac48292483a1ec420ab64a450d555,gpt-6-luna
free_es_c1_rutas_de_ganado_1782412899,Rutas de ganado,C1,7,2,2,0,1,1,1,"Тезисы выстроены от исторической функции перегонов к праву и современному наследию, но изложение сильно сжато и синтаксически проще C1.","«moldeó caminos antes que carreteras» — эффектное обобщение, но без уточнения, какие именно пути имеются в виду.",courses/spanish-grammar/reading/texts/free_es_c1_rutas_de_ganado_1782412899.json,8904471e4232d0b75ba624721da5fd7354aad8f566e4f8385ef601167e0bffc9,gpt-6-luna
free_es_c1_sal_atl_ntica_1782412863,Sal atlántica,C1,7,2,2,0,1,1,1,"Есть тематическое развитие от соледобычи к экологическому наследию, но изложение преимущественно состоит из коротких поэтических обобщений.",«Cada estero convertía el agua atlántica» — формулировка обобщает процесс слишком широко; «archivos escritos en agua evaporada» остаётся нераскрытой метафорой.,courses/spanish-grammar/reading/texts/free_es_c1_sal_atl_ntica_1782412863.json,87365928c74205e6533cf0577e0769e4a76c8935ce6f3d628d2cd93cf8b04ac3,gpt-6-luna
free_es_c1_teletrabajo_con_evidencia_1782413056,Teletrabajo con evidencia,C1,9,2,2,1,1,2,1,"Последовательный диалог о политике удалённой работы, доказательствах и равенстве условий; вопросы проверяют ключевые детали и выводы.",,courses/spanish-grammar/reading/texts/free_es_c1_teletrabajo_con_evidencia_1782413056.json,d78793e51fc62d844e1c4834fa7498b49a855905334269711c8df770ea4b3fde,gpt-6-luna
free_es_c1_toledo_traducido_1782412799,Toledo traducido,C1,7,2,2,0,1,1,1,"Текст проводит ясную мысль о связи перевода, знания и власти, однако тезисы сжаты и почти не подкреплены конкретными примерами для заявленного C1.","«con nuevas voces» и «el conocimiento cambiaba de dueño» — метафоры, которые не поясняются; текст в основном состоит из общих утверждений.",courses/spanish-grammar/reading/texts/free_es_c1_toledo_traducido_1782412799.json,4da63dc1b84317832268f31546406e74fac5f7566800738b6fc6ef9e9474613c,gpt-6-luna
